"gene","p_value","W"
"A1BG","4.384e-03",25019
"A2BP1","8.053e-16",32110
"A2LD1","6.593e-09",13232
"A2M","2.527e-03",25252
"A2ML1","2.737e-02",24143
"A4GALT","1.490e-05",15236
"AAA1;NPSR1","2.772e-05",26848
"AACSL","7.920e-09",28999
"AADAC","1.730e-04",26254
"AADACL3","3.828e-02",23960
"AADAT","5.042e-03",24958
"AAMP","1.872e-07",14035
"AAMP;PNKD","1.955e-06",14653
"AANAT;UBE2O","5.955e-05",26607
"AARS2","9.929e-03",24650
"AARS;EXOSC6","1.010e-02",17631
"AARSD1","1.188e-03",16719
"AARSD1;RUNDC1","1.336e-02",17765
"AASDHPPT","1.612e-11",30317
"AASS","1.371e-05",27062
"AATF","2.948e-06",14767
"AATK","2.844e-03",17070
"AATK;LOC388428","8.149e-03",17531
"ABAT","5.987e-09",29063
"ABCA10;ABCA5","2.220e-02",24248
"ABCA13","6.174e-09",29056
"ABCA17P;ABCA3","1.123e-17",9472
"ABCA2","2.886e-06",27512
"ABCA2;C9orf139","3.782e-06",14837
"ABCA3","1.169e-07",28356
"ABCA5","5.088e-03",24954
"ABCA8","3.435e-04",26015
"ABCB1","1.526e-12",30773
"ABCB10","4.512e-04",25917
"ABCB4","1.620e-02",24413
"ABCB6","1.343e-03",16767
"ABCB9","2.539e-05",15398
"ABCC1","2.676e-02",24155
"ABCC13","1.979e-08",28786
"ABCC3","1.899e-02",24333
"ABCC5","2.443e-02",18070
"ABCC6","4.650e-05",26686
"ABCC6P1","6.558e-03",24841
"ABCD1","4.633e-03",17278
"ABCD2","1.922e-04",26218
"ABCD3","4.847e-04",25891
"ABCD4","2.743e-09",29239
"ABCE1;ANAPC10","1.081e-02",24610
"ABCF1","5.288e-03",17336
"ABCF1;MIR877","4.703e-02",18430
"ABCF3","1.334e-05",15203
"ABHD12;PYGB","1.190e-05",15169
"ABHD14B;ABHD14A","2.582e-02",18099
"ABHD15","1.191e-03",16720
"ABHD2","3.589e-03",17168
"ABHD3","3.920e-12",11680
"ABHD6","4.861e-03",24974
"ABI1","5.904e-06",14964
"ABI3;GNGT2","7.212e-03",24798
"ABI3BP","4.679e-09",29119
"ABL1","5.047e-06",27354
"ABL2","2.044e-10",29800
"ABLIM3","3.918e-02",18326
"ABP1","1.502e-04",26302
"ABRA","2.914e-11",30199
"ACACA","9.232e-04",16622
"ACACA;C17orf78","9.926e-07",27804
"ACAD10","4.962e-02",23812
"ACAD11","1.268e-04",15914
"ACAD8","1.491e-03",25465
"ACADL","1.336e-02",24508
"ACADSB","9.884e-09",28948
"ACADVL;DLG4","8.455e-03",24725
"ACADVL;MIR324","1.690e-04",26262
"ACAN","1.163e-04",26388
"ACAP3","3.017e-04",16212
"ACAT1","5.469e-06",27331
"ACAT2","3.567e-08",13627
"ACBD5","1.265e-05",27086
"ACBD6","1.553e-08",28843
"ACBD7","7.623e-06",15038
"ACCN1","8.667e-04",25675
"ACCN2","1.395e-07",13961
"ACCN5","3.530e-02",24005
"ACCSL","4.894e-02",23820
"ACD","3.511e-06",14816
"ACE2","2.178e-05",26922
"ACER3","6.825e-05",26563
"ACLY","3.666e-02",23984
"ACMSD","2.527e-03",17021
"ACN9","1.055e-03",25600
"ACO1","5.587e-04",25839
"ACO2","9.143e-07",14447
"ACOT11;FAM151A","5.276e-03",24938
"ACOT4","2.678e-07",28147
"ACOT6","3.147e-04",26046
"ACOT8;ZSWIM3","5.986e-06",27305
"ACOT9","3.890e-02",18322
"ACOX1","1.623e-06",14602
"ACOX1;C17orf106","7.159e-04",25747
"ACOX1;FBF1","3.040e-09",13057
"ACOX2","5.288e-03",24937
"ACP1","2.792e-09",13038
"ACP1;SH3YL1","1.148e-02",17692
"ACP2","5.801e-03",17377
"ACP6","7.535e-03",24778
"ACPL2","2.174e-10",29787
"ACPT","1.339e-02",17766
"ACRBP","5.621e-03",17363
"ACRC;BCYRN1","1.571e-15",31998
"ACRV1","1.082e-04",26412
"ACSF2;CHAD","4.900e-04",16386
"ACSL1;SLED1","1.417e-06",27708
"ACSL3","1.747e-03",25402
"ACSM1","2.875e-04",26078
"ACSM2A","1.858e-06",27634
"ACSM3","6.989e-04",25756
"ACSM3;ERI2","3.444e-04",26014
"ACSM4","7.837e-03",24760
"ACSM5","1.662e-03",25422
"ACSS2","1.937e-02",24323
"ACSS3","4.174e-16",32219
"ACTA2","1.778e-07",28251
"ACTB","4.835e-02",18446
"ACTBL2","2.658e-03",25231
"ACTC1","1.472e-03",25470
"ACTG2","3.164e-02",24065
"ACTL6B","1.368e-03",25499
"ACTL7B","2.114e-03",25325
"ACTL8","2.033e-03",25341
"ACTL9","2.810e-03",25208
"ACTN1","1.691e-08",28823
"ACTN3","4.941e-04",16389
"ACTR10","1.493e-04",26304
"ACTR2","4.310e-02",23893
"ACTR3","4.246e-04",25939
"ACTR3B","1.198e-07",28350
"ACTR3C","3.746e-13",31035
"ACTR3C;LRRC61","1.211e-13",11032
"ACTR5","1.099e-02",24602
"ACTR6","1.941e-02",17951
"ACVR1","2.818e-14",31501
"ACVR1B","4.281e-04",16337
"ACVR2B;LOC100128640","8.866e-03",17570
"ACY3","4.839e-06",14907
"ACYP1","2.966e-02",24100
"ACYP2","3.328e-06",27472
"ADA","1.877e-02",17934
"ADAD1","1.892e-03",25370
"ADAD2","1.099e-02",24602
"ADAL","6.456e-05",26581
"ADAL;LCMT2","3.996e-03",25059
"ADAM10","1.728e-10",29835
"ADAM12","3.355e-02",24033
"ADAM15","9.413e-05",15815
"ADAM15;EFNA4","1.012e-05",15121
"ADAM18","1.209e-06",27751
"ADAM19","3.969e-05",26736
"ADAM2","8.329e-11",29986
"ADAM21","4.463e-05",26699
"ADAM21P1","8.294e-08",28441
"ADAM22","2.294e-02",18037
"ADAM28","4.232e-07",14244
"ADAM30","8.174e-10",29505
"ADAM33","2.794e-02",18141
"ADAM3A","2.049e-08",28777
"ADAM5P","2.040e-15",31954
"ADAM6","6.076e-04",25808
"ADAM7","4.202e-05",26718
"ADAM8","1.074e-02",17660
"ADAMDEC1","9.703e-04",25632
"ADAMTS1","2.229e-05",26915
"ADAMTS10","2.934e-03",25190
"ADAMTS12","7.634e-03",24772
"ADAMTS13","2.947e-05",15444
"ADAMTS16","1.417e-06",27708
"ADAMTS17","8.801e-10",29489
"ADAMTS19","1.244e-03",25536
"ADAMTS20","3.378e-08",28659
"ADAMTS3","2.394e-04",26142
"ADAMTS5","2.473e-06",27555
"ADAMTS7","9.762e-03",17615
"ADAMTS8","2.666e-02",18116
"ADAMTS9","5.639e-07",27954
"ADAMTSL1","1.232e-07",28343
"ADAMTSL3","1.317e-05",27074
"ADAMTSL5","1.525e-09",12904
"ADAR","1.101e-07",28371
"ADARB2","5.432e-10",29593
"ADAT2","2.343e-02",24225
"ADAT2;PEX3","1.266e-02",24534
"ADAT3;SCAMP4","8.034e-05",15763
"ADC","3.673e-02",23983
"ADCK1","1.925e-03",25363
"ADCK4;ITPKC","1.640e-02",24407
"ADCK4;NUMBL","7.755e-06",15043
"ADCY2","1.326e-04",26344
"ADCY3","1.166e-04",15886
"ADCY3;CENPO","1.491e-03",16808
"ADCY4;RIPK3","9.097e-03",24691
"ADCY5","3.647e-02",18286
"ADCY8","3.950e-04",25965
"ADCY9","3.164e-02",18208
"ADCYAP1","1.228e-03",25541
"ADCYAP1R1","6.200e-05",26594
"ADD3","2.127e-08",28769
"ADH1A","2.364e-05",26897
"ADH1B","1.819e-19",33432
"ADH1C","7.809e-06",27228
"ADH4","3.356e-07",28089
"ADH5","1.306e-04",26349
"ADH6","7.817e-09",29002
"ADH7","5.374e-06",14937
"ADI1","1.277e-02",17743
"ADIPOR1","3.129e-03",25163
"ADIPOR2","1.056e-04",26420
"ADK","1.043e-05",15130
"ADM","2.606e-02",18104
"ADNP","3.790e-19",8951
"ADNP2","1.143e-02",24583
"ADORA1","1.358e-04",26336
"ADORA2A","2.987e-07",14154
"ADORA2B","7.623e-06",15038
"ADORA3","1.693e-02",24391
"ADPRHL2","3.392e-02",18246
"ADRA1A","1.629e-06",27670
"ADRA1B","5.621e-03",24910
"ADRA1D","7.877e-10",29513
"ADRA2A","8.478e-06",27204
"ADRA2B","7.307e-03",24792
"ADRA2C","1.412e-05",27053
"ADRB1","3.917e-04",16305
"ADRB2","1.019e-02",17635
"ADRB3","7.045e-04",25753
"ADRM1","3.017e-08",13587
"ADSL","5.437e-04",25849
"ADSSL1","3.647e-02",23987
"AEBP2","1.927e-04",16056
"AEN","3.318e-02",18234
"AES","4.245e-09",13132
"AFAP1","8.365e-10",29500
"AFAP1L1","1.787e-03",16880
"AFF1","2.884e-02",18158
"AFF3","1.036e-05",27145
"AFF4","2.313e-09",12996
"AFG3L1","4.141e-04",16325
"AFG3L2","1.608e-03",16838
"AFM","1.782e-05",26983
"AFMID;TK1","7.803e-03",17511
"AFP","1.028e-07",28388
"AFTPH","4.486e-03",17264
"AGA","2.476e-02",24196
"AGAP1","1.887e-03",25371
"AGAP11;C10orf116","1.447e-02",24469
"AGAP3","7.615e-08",13811
"AGAP4","1.623e-07",28274
"AGAP5","2.228e-04",26167
"AGAP6","3.106e-02",18198
"AGAP7","2.430e-02",24206
"AGAP8;PARG","1.179e-07",28354
"AGBL1","8.286e-04",25692
"AGBL3","4.817e-03",24978
"AGBL4","2.675e-05",26859
"AGBL4;BEND5","9.235e-03",17589
"AGFG2","8.850e-08",13848
"AGGF1","1.475e-05",27040
"AGK","9.588e-09",28955
"AGMAT","1.014e-03",25615
"AGPAT1;EGFL8","2.207e-02",18017
"AGPAT3","1.257e-03",25532
"AGPAT6","2.601e-06",14732
"AGPS","2.539e-03",25250
"AGR3","3.733e-02",23974
"AGRN","1.065e-05",15136
"AGRP","2.662e-04",26105
"AGTR1","6.040e-09",29061
"AGTRAP","3.556e-02",24001
"AGXT","7.282e-05",26542
"AGXT2","1.206e-05",27100
"AGXT2L1","3.103e-04",26051
"AGXT2L2","5.078e-05",26658
"AHCTF1","1.859e-02",24344
"AHCYL2","3.368e-04",16251
"AHI1","2.203e-02",24257
"AIDA;C1orf58","1.309e-02",24518
"AIF1","7.863e-05",26517
"AIFM1","3.691e-03",17180
"AIFM3","2.608e-03",17034
"AIM1","2.515e-03",17019
"AIM1L","2.100e-08",13501
"AIMP2","2.158e-11",12014
"AIP","6.106e-08",13757
"AIRE","2.732e-02",24144
"AJAP1","2.454e-03",25264
"AK1","1.566e-02",17843
"AK3","2.402e-02",18061
"AK5","1.324e-07",28325
"AK7","8.277e-06",27211
"AKAP1","4.250e-02",18372
"AKAP10","4.650e-05",15587
"AKAP11","1.688e-10",12433
"AKAP13","9.143e-07",27826
"AKAP3","1.827e-03",25384
"AKAP4","4.828e-03",24977
"AKAP6","2.204e-03",25308
"AKAP7","1.330e-04",26343
"AKAP8","1.707e-02",17886
"AKAP8L","3.585e-07",14201
"AKAP8L;AKAP8","1.333e-02",17764
"AKAP9","1.435e-02",24473
"AKD1","1.986e-12",30723
"AKIRIN2","1.695e-03",16859
"AKNA","3.782e-06",27436
"AKNAD1","5.325e-07",27969
"AKR1B10","7.922e-04",16564
"AKR1B15","4.622e-02",18420
"AKR1C1","1.929e-08",28792
"AKR1C2","1.308e-07",28328
"AKR1C3","3.969e-05",26736
"AKR1C4","1.978e-04",26208
"AKR1CL1","4.274e-03",25030
"AKR1D1","4.890e-05",26670
"AKR1E2","8.127e-08",13827
"AKR7A2;PQLC2","3.130e-04",16225
"AKR7A3","1.824e-05",15297
"AKR7L","7.212e-03",17475
"AKT1S1;TBC1D17","1.514e-03",16814
"AKT2","1.132e-04",26397
"AKT3","5.704e-07",27951
"AKTIP","3.995e-02",23936
"ALAS2","2.104e-03",25327
"ALB","3.133e-06",27489
"ALCAM","2.121e-04",26184
"ALDH16A1","1.702e-07",14011
"ALDH18A1","7.237e-05",26544
"ALDH1A1","1.275e-08",28889
"ALDH1A2","6.676e-12",11783
"ALDH1A3","2.334e-02",18046
"ALDH1B1","4.869e-02",18450
"ALDH1L2","7.340e-06",27246
"ALDH2","2.272e-02",18032
"ALDH3A1","4.310e-05",15563
"ALDH3A2","5.333e-11",12196
"ALDH3B1","4.519e-02",23866
"ALDH4A1","6.328e-04",16480
"ALDH6A1","2.771e-10",29736
"ALDH7A1","2.772e-05",26848
"ALDH8A1","1.272e-04",26358
"ALDH9A1","9.049e-05",26471
"ALDOA","1.707e-02",17886
"ALDOB","3.095e-09",29212
"ALDOC","6.993e-03",17461
"ALG11","1.914e-02",24329
"ALG11;ATP7B","9.535e-03",24669
"ALG11;UTP14C","3.547e-03",25110
"ALG13","3.304e-03",17133
"ALG14","5.630e-05",15648
"ALG1L","3.556e-02",18272
"ALG1L2","8.831e-05",26479
"ALG2","3.932e-02",23945
"ALG5","4.843e-02",23826
"ALG6","1.461e-10",12403
"ALG9","8.309e-09",28988
"ALK","8.716e-09",28977
"ALKBH2","3.486e-06",14814
"ALKBH3","3.718e-11",30150
"ALKBH6;C19orf46","2.842e-04",16191
"ALKBH8","1.948e-09",29315
"ALMS1","1.748e-02",24375
"ALMS1P","2.056e-08",28777
"ALOX12B","2.661e-02",18115
"ALOX15","2.411e-02",18063
"ALOX5","1.253e-02",24539
"ALOX5AP","6.483e-06",27282
"ALPK1","6.849e-12",30485
"ALPK3","2.770e-03",25214
"ALPL","4.795e-03",24980
"ALS2CR12","1.388e-14",31625
"ALS2CR8","6.661e-03",24834
"ALX3","1.134e-02",24587
"ALX4","3.118e-02",24073
"AMAC1L3;ZBTB4","3.746e-02",23972
"AMACR","2.182e-08",28763
"AMBN","1.882e-13",31161
"AMBP","3.498e-02",24010
"AMD1","2.815e-02",24128
"AMDHD1","5.489e-12",30528
"AMDHD2","4.163e-05",15552
"AMDHD2;CEMP1","1.944e-03",16914
"AMELY","2.817e-05",26839.5
"AMICA1","1.128e-07",28365
"AMIGO1","1.899e-02",24333
"AMIGO2","4.091e-21",33986
"AMIGO3;RNF123","4.304e-12",11698
"AMMECR1","5.621e-03",17363
"AMMECR1;RGAG1","3.606e-03",25103
"AMN1","3.620e-02",23991
"AMOT","5.428e-07",27964
"AMPH","3.787e-02",23966
"AMT","2.967e-08",28690
"AMT;NICN1","4.957e-14",31401
"AMTN","1.049e-03",16671
"AMY2A","3.012e-06",27500
"AMY2B;RNPC3","5.062e-05",26659
"AMZ2","5.422e-03",24926
"ANAPC1","2.394e-08",28741
"ANAPC11","3.053e-12",30641
"ANAPC11;THOC4","2.099e-03",25328
"ANAPC2","5.036e-04",16396
"ANAPC5","9.908e-04",25624
"ANAPC7","1.244e-03",16737
"ANG;RNASE4","4.084e-05",26727
"ANGEL1","2.818e-04",26085
"ANGEL2","1.395e-08",28868
"ANGPT1","2.598e-11",30222
"ANGPT2;MCPH1","3.868e-03",25073
"ANGPTL1;RALGPS2","5.900e-05",26610
"ANGPTL2;RALGPS1","2.436e-04",26136
"ANGPTL4","2.146e-04",26180
"ANGPTL5","1.594e-02",24421
"ANGPTL5;KIAA1377","6.109e-04",25806
"ANGPTL6","1.139e-05",15156
"ANK1","2.403e-05",15381
"ANK2","1.877e-02",24339
"ANK3","3.233e-12",30630
"ANKAR","4.962e-03",24965
"ANKFN1","7.315e-06",27247
"ANKFY1","1.873e-02",17933
"ANKH","2.656e-02",24159
"ANKHD1-EIF4EBP3","4.023e-02",18341
"ANKHD1;ANKHD1-EIF4EBP3","4.563e-05",26692
"ANKK1","1.290e-02",17748
"ANKLE1","1.733e-06",14620
"ANKMY2","4.953e-02",18460
"ANKRA2","1.418e-02",24479
"ANKRD1","1.675e-07",28266
"ANKRD10","1.047e-04",26423
"ANKRD11","1.397e-02",24486
"ANKRD12","1.573e-08",28840
"ANKRD13A","7.673e-04",16552
"ANKRD13B","7.597e-06",15037
"ANKRD13B;CORO6","1.790e-02",17910
"ANKRD13D","2.011e-02",17969
"ANKRD17","2.858e-04",26080
"ANKRD19","1.699e-03",16860
"ANKRD20A2;ANKRD20A3","3.406e-05",26784
"ANKRD20B","3.683e-12",30605
"ANKRD22","1.205e-02",17715
"ANKRD22;LIPM","1.085e-04",26411
"ANKRD26P1","2.125e-06",27597
"ANKRD27","1.710e-02",24386
"ANKRD27;RGS9BP","1.397e-02",24486
"ANKRD28","3.850e-03",25075
"ANKRD30A","5.754e-05",26618
"ANKRD30B","4.126e-08",28611
"ANKRD32;C5orf36","4.753e-05",26679
"ANKRD34B","1.019e-05",15123
"ANKRD34C","9.603e-12",30419
"ANKRD35","7.556e-05",26530
"ANKRD36","1.066e-03",25596
"ANKRD36B","1.535e-07",28288
"ANKRD42","1.198e-07",28350
"ANKRD43","1.915e-03",16908
"ANKRD44","1.708e-15",31984
"ANKRD45","3.296e-03",25141
"ANKRD50","7.408e-07",27882
"ANKRD53","1.313e-03",16758
"ANKRD54;MIR658","2.312e-02",24232
"ANKRD55","2.115e-04",26185
"ANKRD58","3.095e-02",18196
"ANKRD6","2.899e-11",30200
"ANKRD7","3.078e-11",30188
"ANKRD9","1.054e-02",17651
"ANKS1B","8.645e-05",26486
"ANKS3","4.391e-08",13677
"ANKS4B","4.092e-08",28613
"ANKZF1;ATG9A","4.222e-04",25941
"ANLN;KIAA0895","1.906e-03",25367
"ANO10","7.315e-06",27247
"ANO4","1.204e-13",31242
"ANO5","2.952e-07",28122
"ANO6","4.359e-10",29640
"ANO6;PLEKHA9","9.741e-03",24659
"ANO8","4.664e-05",15588
"ANP32A","2.303e-02",18039
"ANP32A;C15orf28","6.259e-03",17411
"ANP32B","1.191e-19",8778
"ANP32E","1.741e-02",24377
"ANTXR1","1.850e-03",25379
"ANTXR2","8.160e-08",28445
"ANXA1","1.705e-04",26259
"ANXA11","5.443e-08",28544
"ANXA2P3","1.662e-07",28268
"ANXA4","1.682e-03",16856
"ANXA5","1.371e-05",27062
"ANXA8L1;ANXA8","1.991e-02",17964
"AOC2;AOC3","3.155e-06",14786
"AOX2P","3.276e-02",18227
"AP1AR","5.300e-03",24936
"AP1B1","4.125e-02",18355
"AP1B1;SNORD125","3.995e-02",18337
"AP2A2","1.435e-03",16793
"AP2B1","1.101e-02",24601
"AP2M1","9.950e-06",27157
"AP2S1","4.404e-03",25017
"AP3B1","1.037e-04",26426
"AP3B2","2.259e-03",25298
"AP3D1","1.296e-03",16753
"AP3S1","2.938e-06",14766
"AP3S2","3.646e-13",31040
"AP4E1","4.041e-08",28616
"AP4M1","3.337e-02",18237
"AP4S1;STRN3","9.830e-04",25627
"APAF1","2.723e-03",25221
"APAF1;IKBIP","1.182e-03",25556
"APBA3","6.067e-05",15672
"APBB1IP","1.806e-05",26979
"APBB2","1.750e-04",16023
"APC2","2.565e-04",16155
"APCDD1L","2.145e-08",28767
"APEH","9.222e-09",13309
"APEX1;OSGEP","1.778e-03",25395
"APH1A","1.308e-05",27076
"APITD1","2.916e-04",16200
"APITD1;CORT","1.043e-05",27143
"APLF","4.612e-04",25909
"APLN","4.393e-05",15569
"APLNR","1.787e-02",24364
"APLP2","1.019e-06",27797
"APOA2","1.959e-03",25356
"APOA5","2.585e-07",28156
"APOB","3.034e-04",26059
"APOB48R","1.930e-03",25362
"APOB48R;CLN3","6.990e-08",28483
"APOBEC3F","1.343e-05",27068
"APOBEC3H","6.868e-05",15712
"APOBEC4;RGL1","2.649e-05",26862
"APOC2","2.906e-02",24111
"APOL1","4.664e-04",25905
"APOL2","4.849e-12",30552
"APOL3","1.271e-02",24532
"APOL4","3.530e-02",24005
"APOL5","6.190e-03",17406
"APOL6","1.689e-18",33095
"APOO","1.504e-02",24450
"APOOL","2.119e-02",17996
"APP","2.187e-06",27589
"APPBP2","1.450e-04",26314
"APPL1","3.906e-04",25969
"AQP1","1.243e-02",24543
"AQP10","4.024e-03",17217
"AQP2","1.536e-06",27686
"AQP4","2.171e-05",26923
"AQP5","2.172e-03",16959
"AQP9","8.510e-03",17551
"AQR","3.392e-02",24027
"AR","1.420e-02",24478
"ARAF","4.157e-03",17231
"ARAP1","1.097e-03",25585
"ARAP3","3.055e-02",24084
"AREG","4.427e-08",28594
"ARF1","4.875e-05",26671
"ARF4","1.234e-04",15905
"ARF5","1.794e-02",24362
"ARFGAP3","4.874e-20",8646
"ARFGEF1","3.193e-02",24060
"ARFGEF2","1.794e-02",24362
"ARFRP1","2.497e-08",13542
"ARG2","1.312e-05",27075
"ARHGAP12","5.407e-07",27965
"ARHGAP15","2.374e-04",26145
"ARHGAP17","4.075e-08",28614
"ARHGAP18","2.533e-02",24184
"ARHGAP19","3.146e-02",24068
"ARHGAP21","2.601e-03",25240
"ARHGAP24","4.618e-15",31815
"ARHGAP25","2.136e-05",26928
"ARHGAP27","9.385e-05",26459
"ARHGAP28","4.258e-02",23900
"ARHGAP29","3.706e-02",23978
"ARHGAP4","1.724e-09",12931
"ARHGAP5","2.872e-07",14144
"ARHGAP5;C14orf128","2.617e-04",26111
"ARHGAP6","2.844e-03",25203
"ARHGAP6;AMELX","2.932e-14",31494
"ARHGAP9","2.242e-02",18025
"ARHGDIG;PDIA2","5.511e-04",16429
"ARHGEF10L","8.531e-04",25681
"ARHGEF11;MIR765","2.980e-06",14770
"ARHGEF15","7.837e-03",17513
"ARHGEF19","6.977e-03",17460
"ARHGEF2","8.127e-08",28446
"ARHGEF3","1.888e-04",26224
"ARHGEF6","7.955e-09",28998
"ARHGEF7","4.480e-02",18402
"ARID3A","2.684e-03",17046
"ARID3B","5.813e-07",27946
"ARID3C","1.282e-06",27735
"ARID4A","1.418e-02",24479
"ARID4B","1.051e-05",15132
"ARID5B","7.083e-05",15722
"ARIH1","5.749e-03",24900
"ARL1","1.354e-04",26337
"ARL10","1.783e-02",17908
"ARL11","7.886e-09",29000
"ARL13B","2.518e-06",27550
"ARL13B;STX19","1.769e-03",16876
"ARL14","2.304e-03",25290
"ARL15;MIR581","2.802e-04",26087
"ARL16","2.094e-06",14672
"ARL17A;LRRC37A2","2.917e-02",24108.5
"ARL17A;LRRC37A;ARL17B","1.357e-03",25502
"ARL2BP","2.691e-02",24152
"ARL4D","8.207e-05",26503
"ARL5A","1.473e-02",24460
"ARL5B","8.805e-04",25669
"ARL5C","6.895e-07",27901
"ARL6","1.386e-06",27714
"ARL6IP1","3.032e-02",18185
"ARL6IP4","7.634e-03",17501
"ARL6IP5","3.219e-03",17122
"ARL6IP6","3.974e-02",23939
"ARL8A","1.822e-02",17919
"ARMC10;FBXL13","1.152e-03",25566
"ARMC2","4.672e-06",27376
"ARMC3","4.957e-14",31401
"ARMC4","3.857e-05",26745
"ARMC8;TXNDC6","1.215e-05",15175
"ARMCX1","1.833e-02",24351
"ARMCX2","8.473e-03",17549
"ARMCX3","1.817e-06",14633
"ARMCX4","4.794e-02",18441
"ARMS2","2.005e-06",14660
"ARNT2","2.161e-02",24267
"ARNT;CTSK","8.671e-05",26485
"ARPC1A","2.237e-02",24249
"ARPC1B","1.042e-06",14482
"ARPC3","8.109e-06",27217
"ARPC4","1.411e-06",14564
"ARPC5","1.135e-04",15877
"ARPM1","1.653e-06",14607
"ARPP-21","2.253e-07",28191
"ARPP19","3.373e-05",26787
"ARR3","1.663e-05",27004
"ARR3;RAB41","6.877e-04",25762
"ARRB1","8.137e-06",27216
"ARRB1;MIR326","2.081e-05",26936
"ARRB2","6.126e-04",25805
"ARRDC2","9.652e-04",16639
"ARRDC3","1.604e-02",24418
"ARRDC4","3.250e-03",25147
"ARSB","5.263e-06",27342
"ARSE","6.624e-04",25776
"ARSF","3.941e-03",25065
"ARSG","1.008e-02",17630
"ARSH","3.907e-05",26741
"ARSI","1.108e-03",25581
"ARSJ","2.038e-03",25340
"ARSK","1.375e-02",24494
"ART1","1.117e-02",24594
"ART3","3.288e-05",26795
"ART3;CXCL10","7.985e-04",16567
"ART3;CXCL11","1.273e-03",25527
"ART4","2.810e-02",24129
"ARTN","5.288e-03",17336
"ARVCF","2.529e-02",24185
"ASAH1","1.475e-05",15233
"ASAH2","5.428e-07",27964
"ASAH2B","1.873e-03",25374
"ASAP1","3.857e-05",26745
"ASAP1IT1;ASAP1","7.743e-05",26522
"ASAP2","2.236e-07",28193
"ASB1","1.000e-06",27802
"ASB11","2.572e-05",26871
"ASB12","2.042e-07",28216
"ASB14","1.433e-04",26318
"ASB15","1.629e-07",28273
"ASB4","1.570e-04",26287
"ASB6","2.284e-06",14696
"ASB7","1.790e-02",24363
"ASB8","7.016e-10",29538
"ASCC3","2.018e-03",25344
"ASCL1","3.240e-02",24052
"ASCL2","3.215e-05",15471
"ASCL4","1.560e-07",13989
"ASF1A","2.884e-07",14145
"ASFMR1;FMR1","2.544e-10",12519
"ASGR2","3.612e-04",25997
"ASH1L","6.828e-09",13240
"ASIP","1.471e-04",15964
"ASPA","6.720e-03",24830
"ASPHD1","1.854e-05",26971
"ASPM","1.859e-03",25377
"ASPRV1","7.027e-07",27896
"ASTN1","3.295e-09",29198
"ASTN2","1.057e-07",28381
"ASXL2","5.064e-06",27353
"ASZ1","1.614e-13",31189
"ATAD1;CFLP1","8.510e-03",24722
"ATAD2B","1.170e-02",17701
"ATAD3A","3.931e-10",12611
"ATAD3B","6.011e-04",16461
"ATCAY","5.672e-03",24906
"ATE1","4.658e-07",28004
"ATF2;MIR933","2.169e-02",24265
"ATF3","7.735e-03",24766
"ATF4","8.199e-04",16577
"ATF5","8.866e-03",17570
"ATF6","8.985e-06",27187
"ATF6B;FKBPL","4.773e-03",17291
"ATF7IP","1.830e-02",24352
"ATF7IP2","3.089e-02",24078
"ATG10","2.292e-10",29776
"ATG12","7.664e-07",14400
"ATG16L1","2.050e-02",24294
"ATG16L1;SCARNA5","7.634e-03",24772
"ATG4B","1.797e-02",17912
"ATG4D","7.554e-13",11368
"ATG4D;KRI1","2.315e-08",13524
"ATG4D;MIR1238","2.509e-02",18084
"ATG5","3.424e-03",25125
"ATG7","7.984e-05",26512
"ATG9B","1.007e-07",13880
"ATG9B;NOS3","6.219e-06",14979
"ATHL1","2.229e-02",18022
"ATL1","3.464e-03",25120
"ATL2","2.960e-09",13051
"ATL3","1.257e-03",16741
"ATM","1.623e-02",17861
"ATM;NPAT","8.132e-03",24743
"ATMIN","8.790e-03",24707
"ATN1","1.056e-04",15853
"ATOH1","8.170e-07",27856
"ATP10A","7.707e-12",30462
"ATP10B","1.655e-04",26269
"ATP10D","3.293e-06",27475
"ATP11B","4.872e-03",17300
"ATP13A1","7.227e-03",17476
"ATP1A1","9.762e-05",15827
"ATP1A2","2.164e-06",14681
"ATP1A3","2.701e-02",24150
"ATP1B4","3.713e-02",23977
"ATP2A1;RABEP2","8.790e-03",24707
"ATP2A2","3.432e-03",17149
"ATP2B2;MIR885","1.253e-04",15910
"ATP2B4","7.294e-04",16533
"ATP2C1","6.386e-03",24853
"ATP2C2","1.231e-03",25540
"ATP5A1;HAUS1","1.737e-10",12439
"ATP5B;SNORD59A","3.823e-03",25078
"ATP5B;SNORD59B","1.826e-08",13468
"ATP5C1","2.066e-02",24290
"ATP5D","2.446e-06",14715
"ATP5E","4.654e-03",17280
"ATP5EP2","3.729e-06",27440
"ATP5G1","1.545e-03",16822
"ATP5G2","1.074e-03",25593
"ATP5I","5.697e-03",17369
"ATP5J;GABPA","4.952e-05",26666
"ATP5L","7.086e-03",24806
"ATP5O","5.762e-03",17374
"ATP6AP1L","2.042e-06",27608
"ATP6AP2","4.601e-03",17275
"ATP6V0A4","3.361e-02",24032
"ATP6V0A4;TMEM213","3.423e-02",24022
"ATP6V0B","3.193e-02",24060
"ATP6V0C","2.053e-10",12474
"ATP6V0E1","6.372e-06",27287
"ATP6V0E2","1.510e-05",27033
"ATP6V1A","1.468e-03",25471
"ATP6V1C1","5.217e-03",24943
"ATP6V1C2","3.081e-07",14162
"ATP6V1E1","1.051e-05",15132
"ATP6V1E2","5.204e-04",25865
"ATP6V1G2","1.186e-05",27105
"ATP6V1H","2.306e-04",26155
"ATP7B","5.378e-04",25853
"ATP8A1","3.735e-03",25088
"ATP8B1","1.849e-14",10698
"ATP8B2","1.263e-03",16743
"ATP8B3","3.563e-03",17165
"ATP8B4","3.430e-09",29189
"ATP9A","1.022e-03",16661
"ATP9B","3.562e-02",24000
"ATPAF2","5.863e-06",27311
"ATPBD4","8.875e-04",16607
"ATRN","3.640e-02",23988
"ATRNL1","2.916e-04",26073
"ATRX","9.471e-05",15817
"ATXN1L","7.070e-03",24807
"ATXN1L;ZNF821","2.971e-02",18174
"ATXN2","1.556e-03",25448
"ATXN2L","3.083e-02",18194
"ATXN3L","5.608e-03",24911
"AURKA","9.652e-04",25634
"AURKC","1.350e-03",25504
"AUTS2","4.333e-02",23890
"AVEN","8.713e-04",16600
"AVPR1A","5.483e-09",29083
"AVPR1B","2.038e-03",25340
"AVPR2","1.372e-10",12390
"AWAT1","1.310e-04",26348
"AZI2","7.974e-03",24752
"AZIN1","9.254e-08",13859
"AZU1","1.683e-02",17879
"B2M","9.677e-04",25633
"B3GALNT1","2.056e-08",13496
"B3GALT4","6.822e-13",11349
"B3GALT5","8.560e-10",29495
"B3GALT6","4.655e-10",12647
"B3GAT1","1.868e-03",25375
"B3GNT1","1.650e-02",17869
"B3GNT2","3.757e-04",25983
"B3GNT3","4.371e-02",23885
"B3GNT4","8.774e-07",14436
"B3GNT6","2.572e-02",18097
"B3GNT7","5.788e-03",17376
"B3GNT9","2.026e-02",17973
"B3GNTL1","1.340e-03",25507
"B4GALNT1","1.338e-04",15932
"B4GALNT1;SLC26A10","1.033e-05",15127
"B4GALNT3","1.930e-03",16911
"B4GALNT4","3.429e-02",18252
"B4GALT1","2.805e-02",18143
"B4GALT2;CCDC24","2.575e-07",14116
"B4GALT3","2.457e-04",16140
"B4GALT6","6.786e-04",25767
"B9D2","1.944e-03",16914
"BAALC","2.145e-08",28767
"BAALC;C8orf56","3.665e-03",25096
"BACE1","3.133e-05",26810
"BACE2","4.902e-02",23819
"BACH2","2.381e-07",28177
"BAG4","3.349e-04",26024
"BAGE5;BAGE;BAGE2;BAGE4;BAGE3","1.115e-08",28920
"BAHCC1","4.379e-05",15568
"BAHD1","4.176e-04",16328
"BAI3","5.565e-06",27326
"BAIAP2","7.140e-04",16525
"BAIAP2L2","2.055e-04",16078
"BAIAP3","4.216e-05",15556
"BAMBI","2.944e-02",24104
"BANF1;EIF1AD","1.106e-02",24599
"BARD1","3.252e-02",24050
"BARHL2","8.430e-08",28437
"BARX2","2.466e-07",28168
"BASP1;LOC285696","9.950e-03",24649
"BAT1","2.466e-08",13539
"BAT1;SNORD117","3.511e-02",18265
"BAT1;SNORD84","5.312e-03",24935
"BAT2","2.104e-03",16946
"BAT2;SNORA38","2.990e-03",17091
"BAT2L2","1.630e-02",17863
"BAT4","3.144e-03",17112
"BAT4;CSNK2B","2.881e-05",15437
"BAT5","1.418e-02",17794
"BATF3","2.290e-02",18036
"BAX","1.001e-02",24646
"BAZ1B","4.176e-02",23911
"BAZ2B","4.570e-03",25001
"BBS1","1.328e-02",17762
"BBS10","5.252e-03",24940
"BBS2","2.657e-07",28149
"BBS4;HIGD2B","1.734e-03",25405
"BBS7;CCNA2","1.211e-05",27099
"BBS9","5.406e-10",29594
"BBX","2.186e-05",26921
"BCAN","1.756e-03",25400
"BCAP29","4.646e-02",23850
"BCAP31","5.685e-03",17368
"BCAP31;ABCD1","2.602e-04",16160
"BCAS3","7.733e-10",29517
"BCAT1","6.646e-03",24835
"BCCIP;UROS","5.349e-03",24932
"BCDIN3D","5.214e-14",31392
"BCHE","4.464e-08",28592
"BCKDHA","5.961e-09",29064
"BCL11A","6.535e-04",16492
"BCL2","6.362e-04",16482
"BCL2A1","9.515e-03",24670
"BCL2L10","5.532e-09",13192
"BCL2L11","1.488e-02",17818
"BCL2L12","5.276e-03",17335
"BCL2L14","4.712e-07",14272
"BCL2L15","4.379e-05",15568
"BCL6B","1.257e-03",16741
"BCL7B","1.303e-02",17753
"BCL8","8.193e-06",27214
"BCL9","1.357e-05",27065
"BCO2","1.423e-07",28307
"BCORL2","1.148e-06",27762
"BCS1L","1.046e-03",16670
"BCYRN1","1.417e-03",25485
"BCYRN1;GJB1","1.298e-02",24522
"BCYRN1;INGX","1.274e-02",17742
"BCYRN1;OGT","8.809e-03",24706
"BDH2","1.216e-14",31648
"BDKRB1","3.277e-05",15477
"BDNF","2.969e-03",25185
"BDNF;BDNFOS","2.636e-02",24163
"BDNFOS","1.314e-10",29892
"BDP1","1.479e-02",24458
"BEAN","1.343e-05",15205
"BEND2","3.858e-10",29666
"BEND5;AGBL4","1.290e-02",24525
"BEND6","4.981e-04",25881
"BEND6;DST","3.275e-16",32259
"BEST1;FTH1","1.905e-08",13478
"BET3L","2.255e-02",24245
"BEX4","2.320e-04",16120
"BFSP2","1.791e-03",25392
"BGLAP","2.132e-09",29295
"BHLHB9","1.646e-02",17868
"BHLHE22","1.184e-04",26382
"BHLHE22;LOC401463","1.669e-08",28826
"BHLHE40","3.196e-16",10010
"BHLHE41","6.947e-03",17458
"BHMT","2.115e-05",26931
"BHMT2","2.410e-05",26891
"BICD1","1.541e-02",24438
"BICD2","3.191e-07",14171
"BID","2.046e-02",24295
"BIK","1.637e-03",16845
"BIN3","4.310e-02",18380
"BIN3;FLJ14107","1.949e-02",17953
"BIRC3","9.207e-04",25652
"BIRC7","1.369e-02",17777
"BIRC8","3.677e-05",26760
"BIVM","3.544e-10",29684
"BIVM;KDELC1","3.538e-03",25111
"BLK","4.580e-03",17273
"BLMH","1.245e-02",24542
"BLOC1S1","1.971e-08",13486
"BLOC1S2","2.868e-12",30653
"BLOC1S3;TRAPPC6A","6.176e-03",24868
"BLVRA","2.073e-03",16940
"BLVRB","8.942e-03",17574
"BLZF1","2.758e-02",24139
"BLZF1;NME7","5.458e-03",24923
"BMF","1.552e-04",15982
"BMI1","1.690e-04",26262
"BMP10","2.436e-13",31114
"BMP1;SFTPC","4.752e-02",23837
"BMP2K","7.392e-04",25735
"BMP4","1.896e-02",24334
"BMP7","2.074e-05",15336
"BMP8A","5.398e-08",13727
"BMP8B","3.903e-07",14223
"BMP8B;OXCT2","1.088e-04",15863
"BMPER","6.094e-03",24874
"BMPR1A","1.238e-03",25538
"BMPR1B","9.520e-06",27170
"BMS1P4","5.986e-03",24882
"BMX","1.875e-12",30734
"BNC1","8.875e-04",25666
"BNC2","1.143e-05",27116
"BNIP3L","9.695e-10",29468
"BNIPL","2.018e-03",16929
"BOD1","5.471e-03",24922
"BOD1L","1.797e-02",24361
"BOLA1","1.878e-24",7231
"BOLA2;GIYD2;SULT1A4;GIYD1;BOLA2B;SULT1A3","3.547e-17",9654
"BOLA3","2.696e-02",24151
"BOP1","8.531e-04",16592
"BOP1;HSF1","8.743e-08",28428
"BPESC1","4.614e-02",23854
"BPGM","1.345e-06",27722
"BPIL1","1.588e-03",25440
"BPIL2","1.668e-05",27003
"BPTF","8.599e-04",25678
"BRAF","2.013e-03",25345
"BRCA1;NBR2","1.088e-04",15863
"BRCC3;MTCP1NB;MTCP1","6.142e-04",16469
"BRD1","1.034e-04",15846
"BRD1;LOC90834","1.930e-03",16911
"BRD2","1.231e-03",16733
"BRD3","1.071e-02",17659
"BRD4","5.065e-03",17317
"BRD7","1.457e-09",29379
"BRD8;KIF20A","1.235e-02",24546
"BRD9","1.106e-08",13351
"BRDT","1.374e-04",26332
"BRE","9.354e-03",24678
"BRF1;BTBD6","1.149e-03",16706
"BRI3","2.974e-04",26066
"BRIP1","3.196e-03",25154
"BRIX1","4.970e-02",23811
"BRMS1;RIN1","1.097e-02",24603
"BRMS1L","1.759e-06",27649
"BRS3","3.423e-02",24022
"BRUNOL4","2.976e-03",25184
"BRUNOL6","1.683e-02",17879
"BRWD3","1.424e-03",16790
"BSCL2","5.071e-15",10474
"BSCL2;GNG3","2.814e-06",14754
"BSN","2.095e-02",17990
"BSPH1","1.205e-04",26376
"BST1","1.885e-05",26966
"BST2","2.367e-04",16127
"BSX","2.657e-06",27535
"BTBD18","9.385e-05",26459
"BTBD3","2.899e-03",25195
"BTBD6;BRF1","8.924e-06",15084
"BTBD7","2.258e-16",32320
"BTBD7;KIAA1409","2.244e-07",28192
"BTBD9","3.573e-05",26769
"BTC","7.859e-04",25712
"BTD","2.705e-08",28712
"BTF3","1.380e-05",27060
"BTG1","2.833e-08",13572
"BTG2","2.129e-05",15344
"BTG4;C11orf88;MIR34C","3.982e-05",26735
"BTG4;MIR34C;MIR34B","5.111e-03",24952
"BTK","4.394e-02",23882
"BTK;TIMM8A","5.986e-06",27305
"BTLA","1.810e-08",28807
"BTN1A1","2.078e-02",17986
"BTN2A1","9.108e-06",27183
"BTN2A2","9.651e-06",27166
"BTN2A3","5.406e-05",26638
"BTN3A1","4.741e-04",25899
"BTN3A2","1.748e-09",29339
"BTN3A3","2.633e-03",25235
"BTNL3","2.054e-02",24293
"BTNL9","3.396e-04",26019
"BTRC","4.164e-04",25946
"BUB1","3.547e-03",25110
"BUB1B;PAK6","4.843e-02",23826
"BUD13","8.382e-03",24729
"BUD31","6.315e-03",17415
"BUD31;PTCD1","6.691e-03",17441
"BVES","7.237e-05",15729
"BYSL","2.803e-03",17064
"BZRAP1","3.005e-05",26823
"BZW2;ANKMY2","4.041e-08",28616
"C10orf104","4.728e-02",18433
"C10orf105;CDH23","3.055e-02",24084
"C10orf10;RASSF4","2.183e-04",16099
"C10orf11","1.864e-03",25376
"C10orf110","5.565e-06",14947
"C10orf111;RPP38","4.676e-03",24991
"C10orf113;NEBL","2.490e-05",26881
"C10orf114","3.318e-02",24039
"C10orf118","2.595e-03",17032
"C10orf119","1.923e-05",26960
"C10orf12","3.205e-02",24058
"C10orf120","1.510e-02",24448
"C10orf128","6.328e-06",27289
"C10orf137","1.813e-03",16886
"C10orf18","1.604e-03",16837
"C10orf2","1.597e-02",17853
"C10orf26","4.310e-02",23893
"C10orf27","1.601e-02",24419
"C10orf28","3.019e-03",17095
"C10orf32","3.715e-10",29674
"C10orf4","4.107e-04",25951
"C10orf40","2.133e-10",29791
"C10orf41;ZNF503","1.122e-02",24592
"C10orf46","1.887e-03",25371
"C10orf47","4.378e-09",13139
"C10orf53","9.833e-08",28399
"C10orf55;PLAU","9.634e-07",27812
"C10orf58","2.587e-04",16158
"C10orf72","1.012e-04",26434
"C10orf76","1.855e-03",25378
"C10orf78","1.135e-04",26396
"C10orf79","7.776e-04",25716
"C10orf82;HSPA12A","1.655e-09",12922
"C10orf88","2.269e-21",8203
"C10orf90","2.020e-05",26945
"C10orf95","1.256e-02",17735
"C10orf96","2.806e-07",28135
"C11orf16","2.162e-03",16957
"C11orf17","1.837e-02",17923
"C11orf17;ST5","1.427e-05",27050
"C11orf20","1.522e-02",17829
"C11orf20;KCNK4","4.472e-02",18401
"C11orf21;TSPAN32","1.534e-02",17833
"C11orf24","2.157e-02",24268
"C11orf31","1.670e-04",16007
"C11orf34","5.603e-12",30524
"C11orf40","2.027e-05",26944
"C11orf42","1.960e-02",24317
"C11orf45;KCNJ5","4.318e-08",28600
"C11orf46","5.300e-06",27340
"C11orf49","4.654e-03",24993
"C11orf51","2.183e-03",25312
"C11orf54;TAF1D","2.109e-04",26186
"C11orf57;PIH1D2","3.194e-05",26804
"C11orf60;TMEM25","2.316e-02",24231
"C11orf64","2.952e-07",28122
"C11orf66","4.154e-02",18359
"C11orf67","6.588e-03",24839
"C11orf67;RSF1","2.756e-03",25216
"C11orf68;DRAP1","3.181e-02",24062
"C11orf70","2.091e-02",17989
"C11orf73","1.696e-06",27659
"C11orf74;RAG2","2.772e-05",26848
"C11orf75","2.165e-04",26177
"C11orf80","1.016e-02",17634
"C11orf83;C11orf48","6.379e-04",25790
"C11orf84","4.250e-02",23901
"C11orf86","4.455e-03",17261
"C11orf87","2.237e-22",34395
"C11orf90","3.715e-04",25987
"C11orf92","1.291e-04",26353
"C11orf93;C11orf92","2.002e-04",16069
"C11orf95","1.424e-12",11487
"C12orf10","6.553e-04",25780
"C12orf12","3.511e-06",27457
"C12orf23","5.992e-05",15668
"C12orf29","2.446e-06",27558
"C12orf34","7.635e-13",30903
"C12orf36","1.319e-07",28326
"C12orf40","6.490e-07",27917
"C12orf42","4.530e-14",31417
"C12orf43","6.473e-12",30496
"C12orf44","4.191e-02",23909
"C12orf48;PMCH","6.159e-04",25803
"C12orf50","6.979e-09",29028
"C12orf51","2.567e-02",18096
"C12orf52","3.294e-02",24043
"C12orf54","1.303e-03",25518
"C12orf56","1.086e-12",11436
"C12orf57","1.911e-02",24330
"C12orf59","9.256e-04",25650
"C12orf60","2.083e-07",28211
"C12orf63","2.464e-04",26132
"C12orf65","8.237e-09",13283
"C12orf68","9.187e-05",26466
"C12orf69;C12orf60","1.338e-04",26341
"C12orf71","3.607e-05",26766
"C12orf72","5.483e-03",24921
"C12orf74","2.034e-02",17975
"C12orf75","1.143e-05",27116
"C12orf76","1.042e-02",24627
"C13orf1","3.454e-02",24017
"C13orf15","7.696e-05",15749
"C13orf18","7.026e-04",16519
"C13orf26","2.795e-07",28136
"C13orf27","5.146e-18",9350
"C13orf28","5.397e-03",24928
"C13orf30","1.628e-11",30315
"C13orf31","4.318e-08",28600
"C13orf35","2.557e-02",18094
"C13orf36","2.038e-09",29305
"C13orf39","5.882e-04",25820
"C14orf1","2.011e-02",24304
"C14orf102","6.918e-09",29030
"C14orf105","2.419e-09",29267
"C14orf109","4.188e-11",30126
"C14orf115","2.974e-04",26066
"C14orf118","1.153e-02",24579
"C14orf119","3.735e-03",17185
"C14orf132","5.925e-07",27941
"C14orf133;AHSA1","4.130e-04",25949
"C14orf138","4.595e-08",28585
"C14orf139","3.227e-03",25150
"C14orf143","1.143e-02",24583
"C14orf145","2.671e-02",24156
"C14orf149;JKAMP","1.128e-04",26398
"C14orf162","4.755e-15",10463
"C14orf165","1.156e-02",24578
"C14orf167;DHRS4","1.731e-02",17893
"C14orf169;HEATR4","3.961e-04",25964
"C14orf177","2.606e-05",26867
"C14orf179","3.903e-07",28050
"C14orf181","1.205e-02",17715
"C14orf182","2.243e-03",25301
"C14orf184","1.324e-07",28325
"C14orf19","3.417e-02",24023
"C14orf23","3.688e-08",28638
"C14orf28","4.894e-02",23820
"C14orf34","2.944e-02",24104
"C14orf38","2.003e-03",25347
"C14orf4","2.743e-03",17055
"C14orf43","6.931e-03",17457
"C14orf45;ALDH6A1","6.107e-03",24873
"C14orf49","4.139e-02",23916
"C14orf50","2.878e-03",17075
"C14orf53","1.120e-08",28919
"C14orf68","1.600e-03",25437
"C14orf80","2.580e-04",16157
"C14orf86;FAM181A","1.143e-05",27116
"C15orf17","1.058e-02",24620
"C15orf2","2.857e-08",28699
"C15orf21","2.087e-02",17988
"C15orf23","6.518e-04",25782
"C15orf24","4.425e-03",17258
"C15orf27","9.502e-04",25640
"C15orf32","9.078e-03",24692
"C15orf33;FGF7","8.714e-03",24711
"C15orf38","1.991e-02",24309
"C15orf40","4.281e-07",14247
"C15orf41","3.858e-07",14220
"C15orf43","3.972e-04",25963
"C15orf48;MIR147B","1.164e-03",25562
"C15orf51","3.807e-02",23963
"C15orf52","4.810e-02",23830
"C15orf53","8.600e-10",29494
"C15orf5;SGK269","2.085e-04",26190
"C15orf60","8.773e-06",27194
"C15orf62;DNAJC17","1.747e-11",11972
"C16orf11","4.274e-03",17243
"C16orf13","2.976e-03",17089
"C16orf42;GNPTG","1.473e-02",24460
"C16orf45","1.600e-03",25437
"C16orf46","1.394e-05",27057
"C16orf5","4.426e-04",16349
"C16orf54","5.354e-08",28548
"C16orf55","3.835e-02",18314
"C16orf55;CHMP1A","6.107e-03",17400
"C16orf57","2.404e-08",28740
"C16orf57;ZNF319","3.001e-06",27501
"C16orf63","2.505e-02",24190
"C16orf67","4.849e-08",28572
"C16orf68","2.315e-11",30245
"C16orf70","1.495e-05",27036
"C16orf73","2.292e-03",25292
"C16orf74","7.817e-04",16559
"C16orf78","8.981e-03",24697
"C16orf79","2.187e-06",27589
"C16orf79;MLST8","8.677e-03",17560
"C16orf79;PGP","8.201e-07",14418
"C16orf80","2.030e-02",24299
"C16orf87","1.060e-02",24619
"C16orf91","2.085e-04",16083
"C16orf92;FAM57B","7.769e-03",24764
"C16orf93","1.384e-07",28314
"C17orf100;MED31","9.499e-11",12314
"C17orf101","1.594e-02",24421
"C17orf101;HEXDC","6.638e-05",15701
"C17orf104","1.238e-03",16735
"C17orf108","3.700e-11",30151
"C17orf28","6.414e-03",17422
"C17orf37","1.710e-04",16015
"C17orf42","3.606e-03",25103
"C17orf44","1.787e-02",17909
"C17orf46;LOC100133991","2.794e-06",14752
"C17orf48;SCO1","4.769e-02",18438
"C17orf49","1.047e-05",15131
"C17orf51","3.922e-03",25067
"C17orf53","9.334e-03",17594
"C17orf57","2.728e-08",13563
"C17orf58","9.187e-05",15807
"C17orf60","6.639e-07",27911
"C17orf61","3.252e-02",24050
"C17orf65","4.295e-06",14873
"C17orf66","1.845e-03",16893
"C17orf67","4.146e-06",27410
"C17orf68","6.212e-12",30504
"C17orf68;C17orf44","2.079e-04",26191
"C17orf69","4.999e-09",29104
"C17orf69;MGC57346","7.453e-03",24783
"C17orf70","8.961e-03",17575
"C17orf71","1.771e-04",26246
"C17orf73","2.686e-02",18120
"C17orf75","4.033e-05",26731
"C17orf77;CD300LD","3.406e-05",26784
"C17orf81","2.918e-07",14148
"C17orf81;DULLARD","2.416e-02",24209
"C17orf82","4.387e-02",23883
"C17orf85","2.472e-03",25261
"C17orf87","2.094e-03",25329
"C17orf88","3.010e-02",18181
"C17orf90","4.895e-03",17302
"C17orf90;CCDC137","1.391e-06",14560
"C17orf93","1.190e-08",28905
"C17orf93;PRAC","8.114e-03",24744
"C17orf95","5.762e-06",14957
"C17orf95;JMJD6","2.259e-02",24244
"C17orf97","5.827e-03",24894
"C17orf99","7.061e-05",15721
"C18orf10","1.090e-02",24606
"C18orf16;AQP4","8.863e-06",27191
"C18orf2","1.637e-03",25428
"C18orf20","1.487e-07",28296
"C18orf26","4.282e-14",31427
"C18orf55","6.301e-03",24859
"C18orf62","7.373e-04",16537
"C19orf18","6.948e-07",27899
"C19orf20","8.592e-05",26488
"C19orf21","5.364e-09",13185
"C19orf23;CIRBP","2.696e-06",14742
"C19orf24","2.262e-07",14083
"C19orf26","5.360e-11",12197
"C19orf30;MIR7-3","1.761e-04",26248
"C19orf34;CSNK1G2","1.294e-09",12868
"C19orf36;MOBKL2A","4.638e-02",18422
"C19orf43","2.722e-02",24146
"C19orf44","1.049e-07",13890
"C19orf46","1.297e-08",13388
"C19orf48;SNORD88A;SNORD88B","3.228e-02",18219
"C19orf51","2.898e-12",30651
"C19orf54;SNRPA","1.967e-04",16063
"C19orf55","7.518e-03",24779
"C19orf57","4.205e-06",14867
"C19orf57;CC2D1A","2.201e-24",7252
"C19orf6","9.039e-03",17579
"C19orf60","5.190e-06",14927
"C19orf61","8.203e-03",24739
"C19orf62","2.580e-04",26116
"C19orf63;FAM71E1","2.681e-02",24154
"C19orf66","2.696e-02",24151
"C19orf66;ANGPTL6","2.717e-02",18126
"C19orf71","2.967e-08",28690
"C19orf76","9.670e-07",14462
"C19orf76;PRMT1","1.386e-02",17783
"C1QA","3.620e-02",18282
"C1QB","7.651e-03",17502
"C1QC","2.156e-03",16956
"C1QL1","5.772e-04",16446
"C1QL4","4.655e-02",23849
"C1QTNF3","2.731e-09",29240
"C1QTNF4","1.473e-02",17813
"C1QTNF7","4.273e-02",23898
"C1QTNF8","8.185e-03",17533
"C1QTNF9","2.670e-04",26104
"C1QTNF9B;PCOTH","1.447e-02",24469
"C1RL","3.129e-03",17110
"C1S","4.996e-03",24962
"C1orf100","8.942e-03",17574
"C1orf101","2.033e-03",16932
"C1orf103","1.025e-03",25611
"C1orf105","2.038e-09",29305
"C1orf105;PIGC","1.271e-02",17741
"C1orf106","1.012e-02",17632
"C1orf107","4.827e-02",23828
"C1orf111","3.832e-03",25077
"C1orf113","6.914e-04",16513
"C1orf114","9.074e-07",27828
"C1orf123","1.231e-06",27746
"C1orf124;EXOC8","1.911e-10",29814
"C1orf125;NPHS2","1.582e-06",27678
"C1orf126","8.885e-05",26477
"C1orf129","1.581e-09",29361
"C1orf14","1.484e-09",12898
"C1orf141","5.879e-03",24890
"C1orf150","1.002e-10",29948
"C1orf151","3.077e-04",16219
"C1orf152","3.779e-03",17190
"C1orf161","5.042e-03",17315
"C1orf162","7.890e-06",27225
"C1orf163","1.873e-05",26968
"C1orf168","5.788e-03",17376
"C1orf173","2.616e-02",24167
"C1orf175","1.108e-09",29439
"C1orf177","1.296e-03",25520
"C1orf180","3.606e-03",25103
"C1orf189;C1orf43","1.431e-05",15224
"C1orf190;POMGNT1","2.858e-04",16193
"C1orf198","8.273e-09",28989
"C1orf200;PIK3CD","2.448e-02",24202
"C1orf203","3.994e-05",26734
"C1orf203;ATP1A1","6.500e-04",16490
"C1orf210","3.139e-04",16226
"C1orf213;ZNF436","1.769e-03",16876
"C1orf220","1.364e-02",24498
"C1orf228;TMEM53","1.464e-02",24463
"C1orf25","5.685e-03",24905
"C1orf26","4.807e-04",25894
"C1orf31","6.107e-03",24873
"C1orf38","2.085e-04",26190
"C1orf51","1.152e-06",14509
"C1orf52","2.727e-05",26853
"C1orf53","1.079e-05",27133
"C1orf54","5.583e-03",24913
"C1orf56;BNIPL","6.239e-05",26592
"C1orf59","2.842e-18",9258
"C1orf63","1.904e-05",26963
"C1orf64","7.992e-03",17522
"C1orf68","9.078e-03",24692
"C1orf69","8.809e-03",17567
"C1orf70","1.038e-06",14481
"C1orf77","1.719e-05",15279
"C1orf77;S100A13","2.785e-10",12538
"C1orf83","1.171e-13",31247
"C1orf86","1.000e-04",15835
"C1orf86;LOC100128003","9.822e-05",15829
"C1orf86;PRKCZ","8.364e-03",17543
"C1orf87","1.812e-09",29331
"C1orf88","3.960e-02",23941
"C1orf9","6.574e-08",28498
"C1orf91","2.028e-03",25342
"C1orf92","7.227e-03",17476
"C1orf94","9.779e-07",27808
"C1orf94;CSMD2","2.216e-02",24254
"C1orf97","4.329e-04",16341
"C20orf103","5.909e-08",28524
"C20orf108","4.280e-02",23897
"C20orf12","8.097e-03",24745
"C20orf12;POLR3F","3.454e-02",24017
"C20orf141","1.550e-02",24435
"C20orf144;NECAB3","2.148e-02",18003
"C20orf160","4.767e-04",16376
"C20orf166;C20orf200","1.687e-03",25416
"C20orf166;MIR1-1","4.995e-04",25880
"C20orf173","3.653e-02",23986
"C20orf177;PPP1R3D","1.543e-17",9522
"C20orf185","1.851e-02",24346
"C20orf195","1.321e-05",15200
"C20orf197","3.429e-02",24021
"C20orf199","2.632e-05",26864
"C20orf199;SNORD12","4.397e-07",28019
"C20orf199;SNORD12B;SNORD12;MIR1259","5.364e-09",29088
"C20orf199;SNORD12C;ZNFX1","1.330e-03",25510
"C20orf20","2.587e-04",26115
"C20orf24","1.937e-02",17950
"C20orf26","9.911e-05",26441
"C20orf26;CRNKL1","1.996e-08",28784
"C20orf27","6.500e-04",25783
"C20orf29","1.290e-05",27080
"C20orf4","9.783e-06",27162
"C20orf43","1.118e-04",26401
"C20orf56","5.623e-06",27323
"C20orf7","1.850e-03",16894
"C20orf70","2.450e-05",26886
"C20orf72","1.553e-02",24434
"C20orf85","8.387e-07",14424
"C20orf94","5.906e-03",24888
"C20orf94;MKKS","3.336e-03",25136
"C20orf95","6.053e-03",17396
"C20orf96","9.182e-09",28965
"C21orf122","9.586e-05",15821
"C21orf125","2.150e-05",15347
"C21orf128;UMODL1","2.395e-03",25274
"C21orf129;NCRNA00112","2.539e-05",15398
"C21orf130","7.650e-06",27234
"C21orf131","6.577e-05",15698
"C21orf15","3.988e-02",23937
"C21orf2","1.608e-03",16838
"C21orf29","7.936e-05",26514
"C21orf29;KRTAP10-3","7.551e-03",17496
"C21orf29;KRTAP10-4","1.001e-02",17627
"C21orf29;KRTAP10-5","1.620e-02",17860
"C21orf29;KRTAP10-8","7.275e-03",24794
"C21orf33","8.462e-05",15780
"C21orf34","1.015e-09",29458
"C21orf45","2.144e-02",24271
"C21orf49;C21orf62","9.004e-11",29970
"C21orf56","7.584e-03",17498
"C21orf57;MCM3AP","3.862e-02",18318
"C21orf59","6.070e-17",32533
"C21orf62","2.147e-13",31137
"C21orf63","3.505e-03",17158
"C21orf67","1.630e-05",15263
"C21orf67;C21orf70","1.983e-02",17962
"C21orf7","2.883e-04",26077
"C21orf71","2.857e-02",18153
"C21orf82","2.085e-04",26190
"C21orf88","7.353e-04",16536
"C21orf94","1.795e-08",28809
"C21orf96;RUNX1","3.859e-03",17199
"C21orf99","5.285e-07",27971
"C22orf13;SNRPD3","8.621e-04",25677
"C22orf15","1.564e-06",27681
"C22orf23","2.837e-03",17069
"C22orf24","3.448e-02",18255
"C22orf25;MIR185","6.768e-04",16505
"C22orf27","9.280e-04",16624
"C22orf28","8.132e-03",24743
"C22orf30","3.946e-06",27424
"C22orf31","4.570e-07",28009
"C22orf32;FAM109B","2.906e-02",18162
"C22orf36;GGT1","5.378e-04",25853
"C22orf39","4.570e-03",17272
"C22orf40","2.074e-02",17985
"C22orf45;UPB1","2.428e-24",7265
"C22orf46","1.054e-06",27788
"C2;CFB","4.507e-03",17266
"C2CD2","4.016e-06",14854
"C2CD2L","2.078e-03",25332
"C2CD4A","2.818e-09",13040
"C2CD4B","6.001e-11",12220
"C2CD4D;LOC100132111","4.591e-05",15583
"C2orf15;TSGA10","3.637e-06",27447
"C2orf24","2.316e-02",18042
"C2orf27B","3.869e-05",26744
"C2orf28;CAD","2.505e-02",18083
"C2orf3","5.932e-03",17387
"C2orf34","1.412e-02",24481
"C2orf43","4.394e-03",25018
"C2orf44","1.617e-02",24414
"C2orf47","4.828e-03",24977
"C2orf48","4.570e-03",25001
"C2orf50","3.312e-03",25139
"C2orf52","5.900e-13",11322
"C2orf60;C2orf47","1.645e-03",25426
"C2orf62","6.573e-06",27278
"C2orf63","1.422e-06",27707
"C2orf63;RPS27A","5.822e-06",27313
"C2orf64","4.088e-02",18350
"C2orf64;UNC50","1.674e-03",25419
"C2orf65","2.553e-02",18093
"C2orf66","6.918e-11",30024
"C2orf67","1.146e-02",24582
"C2orf68","2.246e-02",18026
"C2orf69","2.099e-02",17991
"C2orf73","2.222e-05",26916
"C2orf74","2.896e-06",27511
"C2orf77;KLHL23;PHOSPHO2","4.372e-08",28597
"C2orf80","3.736e-04",25985
"C2orf81","5.556e-08",13734
"C2orf83","9.720e-03",24660
"C2orf84","1.717e-02",24384
"C2orf85","1.350e-04",15935
"C2orf86","3.555e-03",17164
"C2orf90","7.086e-03",24806
"C3AR1","3.828e-02",23960
"C3P1","8.698e-05",26484
"C3orf1","2.611e-09",13023
"C3orf10","1.143e-03",25569
"C3orf14","7.551e-03",17496
"C3orf15","3.614e-03",25102
"C3orf17","4.884e-03",17301
"C3orf18","1.295e-02",17750
"C3orf19","6.705e-03",24831
"C3orf20","5.545e-03",17357
"C3orf22","1.877e-02",17934
"C3orf24","4.940e-03",24967
"C3orf26;FILIP1L","3.504e-02",24009
"C3orf27","2.333e-04",16122
"C3orf30","1.873e-03",25374
"C3orf34","2.395e-05",15380
"C3orf37","3.321e-04",16246
"C3orf42","2.709e-07",14129
"C3orf43","1.151e-02",24580
"C3orf45","1.283e-03",16749
"C3orf49","1.294e-09",29405
"C3orf50","3.833e-09",29164
"C3orf52;MIR567","1.142e-04",15879
"C3orf55","2.385e-06",27565
"C3orf57","4.157e-03",25042
"C3orf59","1.484e-04",26306
"C3orf62","2.315e-08",13524
"C3orf63","3.065e-20",8578
"C3orf64","2.365e-02",18053
"C3orf67","6.231e-03",24864
"C3orf70","6.108e-07",27933
"C3orf71;ARIH2","9.552e-04",25638
"C3orf74","1.687e-03",16857
"C4A;C4B","4.341e-02",18384
"C4B;C4A","2.207e-02",18017
"C4orf10;NOP14","4.409e-08",13678
"C4orf11","4.983e-05",26664
"C4orf17","3.680e-10",29676
"C4orf21","1.845e-04",26232
"C4orf22","2.527e-03",25252
"C4orf26","4.859e-07",27993
"C4orf29","1.036e-07",28386
"C4orf3","3.953e-02",23942
"C4orf31","1.948e-05",26956
"C4orf32","4.896e-07",27991
"C4orf33","2.326e-05",26902
"C4orf35","4.480e-13",31002
"C4orf37","1.653e-02",24403
"C4orf38;WWC2","3.367e-03",25132
"C4orf39;TRIM61","8.248e-11",29988
"C4orf41;RWDD4A","3.987e-03",25060
"C4orf42","2.742e-02",18131
"C4orf42;CTBP1","2.482e-05",15391
"C4orf45","5.979e-04",25814
"C4orf46","4.577e-05",26691
"C4orf48","4.689e-04",16370
"C4orf49","1.480e-03",25468
"C4orf50","6.416e-05",26583
"C4orf51","2.949e-02",24103
"C4orf52","9.456e-06",27172
"C4orf7","4.107e-04",25951
"C5","2.298e-02",24235
"C5AR1","2.983e-03",25183
"C5orf15","1.792e-04",16031
"C5orf24","1.394e-05",15216
"C5orf27","2.437e-07",28171
"C5orf30","1.660e-02",24401
"C5orf33","1.313e-03",16758
"C5orf35","2.562e-02",18095
"C5orf36","1.261e-04",26361
"C5orf37","5.835e-04",25823
"C5orf38;IRX2","7.920e-09",28999
"C5orf39","8.233e-05",26502
"C5orf4","1.840e-02",24349
"C5orf42","2.941e-04",26070
"C5orf43","4.719e-03",17286
"C5orf44;TRIM23","7.701e-03",17505
"C5orf46","2.207e-02",24256
"C5orf51","4.638e-02",23851
"C5orf53","5.451e-04",25848
"C5orf56","4.633e-08",28583
"C5orf60","4.590e-02",18416
"C5orf62","2.828e-11",30205
"C6orf1","2.425e-03",17004
"C6orf103","4.807e-04",25894
"C6orf105","1.804e-02",17914
"C6orf115","4.671e-02",23847
"C6orf118","3.936e-09",29158
"C6orf120;WDR27","1.041e-03",16668
"C6orf123","1.197e-02",17712
"C6orf124","2.596e-02",24171
"C6orf125","1.688e-10",12433
"C6orf129","4.389e-04",16346
"C6orf134","3.726e-02",18298
"C6orf136","7.240e-06",15023
"C6orf138","6.162e-03",24869
"C6orf141","3.339e-04",26025
"C6orf145","2.152e-04",26179
"C6orf147","5.863e-06",27311
"C6orf15","6.735e-03",17444
"C6orf150","1.427e-06",14567
"C6orf154","8.365e-10",12773
"C6orf154;YIPF3","1.735e-04",26253
"C6orf162","2.436e-03",25267
"C6orf164","1.234e-04",15905
"C6orf165","5.533e-03",24917
"C6orf170","1.177e-12",30822
"C6orf173","1.279e-04",26356
"C6orf174","5.545e-06",27327
"C6orf174;KIAA0408","7.618e-03",24773
"C6orf176","3.350e-08",28661
"C6orf176;LOC441177","1.014e-03",25615
"C6orf182","2.178e-02",24263
"C6orf191","3.436e-14",31466
"C6orf192","3.448e-02",24018
"C6orf195","5.924e-06",14965
"C6orf201;C6orf146","7.957e-03",24753
"C6orf203","4.483e-07",28014
"C6orf204","1.713e-02",24385
"C6orf204;PLN","1.110e-04",26403.5
"C6orf211","2.947e-09",13050
"C6orf211;RMND1","8.733e-03",24710
"C6orf217","3.913e-13",31027
"C6orf218","3.454e-04",26013
"C6orf221","5.723e-03",24902
"C6orf223","7.779e-11",12273
"C6orf25","1.490e-05",27037
"C6orf25;LY6G6C","3.573e-05",26769
"C6orf26","1.052e-03",16672
"C6orf27","2.434e-02",24205
"C6orf47","1.141e-02",17689
"C6orf48","3.631e-03",17173
"C6orf48;SNORD48","6.162e-03",24869
"C6orf52;PAK1IP1","1.159e-04",26389
"C6orf57","1.887e-03",25371
"C6orf62","1.303e-02",17753
"C6orf64","1.515e-04",15974
"C6orf70","7.102e-04",16523
"C6orf72","6.855e-03",24821
"C6orf81","9.102e-09",28967
"C6orf94","1.122e-02",24592
"C6orf94;LTV1","9.636e-08",13869
"C6orf97","9.985e-04",25621
"C7orf13;RNF32","2.524e-25",6968
"C7orf16","5.936e-05",26608
"C7orf20","1.025e-04",15843
"C7orf23;DMTF1","3.448e-02",18255
"C7orf26","1.213e-04",15899
"C7orf29;LRRC61","1.074e-03",25593
"C7orf31","3.072e-02",24081
"C7orf33","4.202e-05",26718
"C7orf34","1.251e-11",30367
"C7orf36","6.638e-05",26572
"C7orf38","9.474e-10",29473
"C7orf4","2.296e-14",31537
"C7orf41","3.886e-03",25071
"C7orf42","1.840e-02",17924
"C7orf43","1.213e-03",16727
"C7orf44","2.254e-04",16110
"C7orf46","4.772e-06",14903
"C7orf47","1.660e-02",24401
"C7orf49","1.375e-02",24494
"C7orf50;GPER","4.559e-03",25002
"C7orf50;GPR146","1.725e-04",16018
"C7orf50;MIR339","1.464e-02",17810
"C7orf51","6.923e-06",15010
"C7orf53","6.315e-03",24858
"C7orf54;SND1","2.658e-03",25231
"C7orf55","2.932e-04",26071
"C7orf58","3.591e-11",30157
"C7orf59","5.835e-04",25823
"C7orf61","8.809e-03",24706
"C7orf63","3.843e-07",28054
"C7orf66","1.146e-07",28361
"C7orf68","9.805e-04",25628
"C7orf69;PKD1L1","8.736e-04",25672
"C7orf70","1.156e-02",24578
"C7orf71","1.922e-04",26218
"C7orf72","2.067e-05",26938
"C8A","7.134e-07",27892
"C8B","1.245e-02",24542
"C8G","2.864e-03",25200
"C8G;FBXW5","1.695e-04",26261
"C8ORFK29","1.435e-02",17800
"C8orf12","3.273e-03",17129
"C8orf22","1.139e-05",27117
"C8orf33","1.666e-02",24399
"C8orf34","1.258e-02",24537
"C8orf37","3.746e-04",25984
"C8orf41","1.021e-02",24637
"C8orf41;MAK16","4.987e-02",18464
"C8orf42","1.210e-03",25547
"C8orf44","3.264e-02",24048
"C8orf45","4.877e-02",23822
"C8orf47","3.181e-02",24062
"C8orf48","3.231e-15",31876
"C8orf55","8.137e-06",27216
"C8orf59","2.678e-03",25228
"C8orf71","5.660e-07",27953
"C8orf73","1.670e-04",16007
"C8orf76","9.097e-03",24691
"C8orf79","1.187e-02",24565
"C8orf83","9.265e-06",27178
"C8orf86","1.225e-02",24550
"C9","2.646e-02",18112
"C9orf103","3.038e-02",24087
"C9orf11","5.036e-04",25877
"C9orf116;MRPS2","4.326e-02",23891
"C9orf122","1.808e-02",17915
"C9orf125","5.526e-06",14945
"C9orf129","4.005e-04",25960
"C9orf129;WNK2","1.292e-06",27733
"C9orf130","7.453e-03",17490
"C9orf131","2.606e-10",29749
"C9orf135","3.809e-06",27434
"C9orf142","7.634e-03",24772
"C9orf144","1.319e-02",24514
"C9orf150","1.547e-02",24436
"C9orf152","3.503e-04",16265
"C9orf167","8.391e-06",15066
"C9orf170","3.441e-02",24019
"C9orf172","2.078e-13",11130
"C9orf173","1.916e-04",16054
"C9orf24","5.695e-08",13740
"C9orf3","3.507e-09",13089
"C9orf3;MIR24-1","4.157e-15",10440
"C9orf4","1.225e-03",16731
"C9orf45","7.372e-03",24788
"C9orf46","3.292e-07",28094
"C9orf47;S1PR3","1.055e-03",25600
"C9orf5","1.153e-02",17694
"C9orf50","1.841e-03",16892
"C9orf57","3.223e-02",24055
"C9orf64","1.826e-02",17920
"C9orf79","2.545e-07",14113
"C9orf80","6.393e-10",29558
"C9orf86","2.040e-05",15331
"C9orf89","1.859e-03",25377
"C9orf96;SURF4","2.379e-02",24217
"C9orf98","2.361e-03",25280
"C9orf98;C9orf9","1.815e-02",24356
"CA1","2.266e-08",28754
"CA10","1.264e-11",30365
"CA12","5.918e-05",26609
"CA13","1.524e-04",26297
"CA14","8.912e-05",26476
"CA2","1.696e-06",27659
"CA3","3.194e-05",26804
"CA5B","5.909e-08",13749
"CA7","5.881e-05",15662
"CA8","2.486e-07",28166
"CA9","7.408e-07",14391
"CAB39L","8.985e-06",27187
"CABC1","2.143e-05",26927
"CABIN1","2.103e-02",24281
"CABLES1","1.809e-03",16885
"CABLES2","3.187e-02",24061
"CABP1","2.763e-03",25215
"CABP4","1.488e-02",24455
"CABP5","1.959e-03",25356
"CACNA1A","8.385e-05",26496
"CACNA1B","1.790e-02",24363
"CACNA1D","8.922e-04",25664
"CACNA1E","1.269e-05",27085
"CACNA1F","2.646e-03",17040
"CACNA1G","3.677e-05",15513
"CACNA2D1","5.257e-10",29600
"CACNA2D2","1.125e-02",17682
"CACNA2D3","2.145e-08",28767
"CACNA2D3;LRTM1","5.682e-06",27320
"CACNA2D4","1.480e-03",25468
"CACNB1","6.429e-03",24850
"CACNB2","5.661e-12",30522
"CACNB4","2.192e-07",28198
"CACNG1","5.407e-04",25851
"CACNG3","9.547e-15",31690
"CACNG5","2.949e-04",26069
"CACNG6","3.414e-09",29190
"CACNG7","2.002e-11",30274
"CACNG8","1.171e-13",31247
"CACNG8;MIR935","1.955e-12",30726
"CACYBP","4.720e-02",18432
"CADM1","8.168e-11",29990
"CADM2","4.313e-13",31009
"CADM3","1.389e-05",27058
"CADPS","5.087e-07",27981
"CADPS2","1.495e-05",27036
"CADPS2;RNF133","8.159e-14",31312
"CADPS2;RNF148","2.378e-03",25277
"CAGE1","8.233e-05",26502
"CALB1","3.765e-08",28633
"CALCA","1.370e-04",26333
"CALCB","6.374e-12",30499
"CALCOCO1","1.504e-02",24450
"CALCR","2.409e-13",31116
"CALCR;MIR653;MIR489","3.047e-13",31073
"CALCRL","5.294e-09",29091
"CALD1","5.850e-04",25822
"CALM1","4.176e-03",25040
"CALM2","1.482e-02",17816
"CALM3","3.258e-02",18224
"CALML3","7.380e-07",14390
"CALML4","8.385e-05",15777
"CALML5","1.170e-09",12846
"CALML6","2.621e-02",18107
"CALN1","3.782e-09",29167
"CALR","3.406e-04",16255
"CALU","1.200e-06",27753
"CAMK2A","3.888e-07",14222
"CAMK2G;NDST2","1.453e-02",17806
"CAMKK1","7.602e-05",15745
"CAMKK2","1.317e-05",15199
"CAMKV","9.577e-04",16636
"CAMLG","2.270e-03",25296
"CAMSAP1","4.061e-04",16318
"CAMSAP1L1","1.797e-04",26241
"CAMTA1","1.670e-02",24398
"CAMTA2;SPAG7","2.310e-05",26904
"CAND1","6.483e-04",16489
"CAP2","2.582e-06",27543
"CAPN1","8.995e-08",13852
"CAPN10","2.879e-02",24116
"CAPN12","3.689e-05",15514
"CAPN13","1.155e-03",25565
"CAPN2","3.292e-07",28094
"CAPN3","3.460e-02",24016
"CAPN3;GANC","1.657e-05",27005
"CAPN5;OMP","3.095e-02",24077
"CAPN6","4.512e-04",25917
"CAPN9","3.164e-02",24065
"CAPNS1","1.159e-05",15161
"CAPRIN2","1.269e-05",27085
"CAPS","1.832e-03",16890
"CAPS2","6.817e-07",27904
"CAPSL","6.112e-06",27299
"CARD10","4.132e-02",18356
"CARD6","6.931e-03",24816
"CARD8","1.885e-02",24337
"CARD9;DNLZ","1.334e-17",9499
"CARKD","1.678e-03",25418
"CARM1","1.053e-11",11872
"CARS","4.650e-05",15587
"CARTPT","5.806e-09",29070
"CASC2","1.182e-02",24567
"CASC3","1.748e-02",17898
"CASC4","2.146e-03",25319
"CASKIN1","5.491e-05",15640
"CASKIN1;TRAF7","1.653e-03",16849
"CASP10","4.570e-03",25001
"CASP12","3.415e-03",25126
"CASP1;CARD16","3.640e-07",28068
"CASP2","1.242e-04",15907
"CASP3","1.366e-02",24497
"CASP4","1.217e-07",28346
"CASP5","7.242e-07",27888
"CASP6","1.424e-03",16790
"CASP7","3.950e-04",25965
"CASP9","3.250e-03",25147
"CASQ2","5.740e-04",25829
"CASR","8.775e-13",30877
"CASS4","1.290e-02",24525
"CAST;ERAP1","6.086e-05",26600
"CATSPER1","3.100e-02",18197
"CATSPER2","8.274e-03",17538
"CATSPERB","5.240e-13",30973
"CAV1","3.304e-07",28093
"CBARA1","2.081e-05",26936
"CBFA2T2","1.986e-07",14050
"CBL","7.817e-04",25714
"CBLC","2.103e-02",17992
"CBLN4","7.704e-11",30002
"CBR1","2.626e-02",18108
"CBR3","3.361e-02",18241
"CBR4","4.497e-03",25008
"CBS","9.562e-07",14459
"CBX3","2.725e-06",14745
"CBX4","1.192e-09",12850
"CBX5","1.366e-05",27063
"CBX7","3.713e-02",18296
"CC2D2A","1.081e-02",24610
"CC2D2B","4.694e-05",26683
"CCAR1;SNORD98","1.289e-03",25522
"CCBE1","1.209e-06",27751
"CCBL2","1.892e-03",16903
"CCDC101","1.246e-04",26365
"CCDC102B","1.311e-02",17756
"CCDC104","1.269e-02",24533
"CCDC105","2.368e-06",27567
"CCDC106","4.336e-08",13674
"CCDC106;U2AF2","6.143e-05",26597
"CCDC108","7.275e-03",24794
"CCDC11","4.377e-04",16345
"CCDC111","2.254e-03",25299
"CCDC112","1.028e-04",15844
"CCDC113","1.898e-05",26964
"CCDC114","1.483e-03",16806
"CCDC115","7.568e-03",17497
"CCDC116","2.993e-02",18178
"CCDC117","3.562e-05",26770
"CCDC12","1.306e-06",14543
"CCDC121;GPN1","8.208e-11",29989
"CCDC122;C13orf31","2.509e-02",24189
"CCDC124","2.101e-05",15340
"CCDC125","3.694e-04",25989
"CCDC126","4.115e-09",13125
"CCDC127","3.103e-05",26813
"CCDC127;SDHA","1.069e-06",14489
"CCDC129","1.902e-07",28234
"CCDC13","1.090e-05",15143
"CCDC130","4.176e-03",17233
"CCDC130;MRI1","2.723e-04",16176
"CCDC132","1.309e-02",24518
"CCDC134","1.689e-06",14613
"CCDC135","2.758e-02",24139
"CCDC137","2.557e-10",12520
"CCDC14","2.701e-02",24150
"CCDC140","3.234e-02",24053
"CCDC141","3.377e-04",26021
"CCDC144B","4.894e-02",18453
"CCDC144C","1.830e-05",26975
"CCDC146","4.431e-07",28017
"CCDC146;FGL2","2.000e-05",26948
"CCDC148","1.779e-10",29829
"CCDC148;PKP4","2.251e-05",26912
"CCDC149","5.110e-05",26656
"CCDC152","3.376e-06",27468
"CCDC152;SEPP1","1.944e-03",25359
"CCDC153","2.353e-04",26148
"CCDC154","5.423e-05",15636
"CCDC154;CLCN7","4.807e-04",16379
"CCDC155","1.159e-05",15161
"CCDC157","1.651e-04",26270
"CCDC158","9.360e-06",27175
"CCDC163P;MMACHC","4.176e-03",25040
"CCDC17","1.333e-02",17764
"CCDC21","2.569e-12",11599
"CCDC21;SH3BGRL3","2.013e-04",16071
"CCDC24","2.130e-03",16951
"CCDC25","2.836e-02",24124
"CCDC27","1.734e-03",25405
"CCDC3","2.220e-02",18020
"CCDC30","3.811e-11",30145
"CCDC36","2.334e-02",24227
"CCDC37","8.308e-05",15774
"CCDC39","1.120e-13",31255
"CCDC40;TBC1D16","2.403e-10",29766
"CCDC41","3.288e-02",24044
"CCDC42","4.575e-06",14891
"CCDC42B;DDX54","1.012e-03",16657
"CCDC43","1.764e-03",25398
"CCDC47","2.814e-06",14754
"CCDC48","6.795e-03",17448
"CCDC49","7.634e-03",17501
"CCDC50","4.606e-02",23855
"CCDC50;UTS2D","2.333e-09",29275
"CCDC51","5.858e-07",14329
"CCDC53","4.061e-04",25955
"CCDC55","2.486e-02",18079
"CCDC55;MIR423","5.076e-03",24955
"CCDC58","2.094e-03",25329
"CCDC60","1.505e-05",27034
"CCDC61;MIR769","1.939e-03",16913
"CCDC63","2.484e-03",25259
"CCDC64B","5.062e-05",26659
"CCDC65","1.251e-02",24540
"CCDC68","1.240e-06",14529
"CCDC69","7.432e-04",25733
"CCDC7","7.820e-03",24761
"CCDC70","2.966e-02",24100
"CCDC71","1.190e-08",28905
"CCDC73","1.080e-11",30396
"CCDC74B","4.687e-02",18428
"CCDC77","3.683e-07",28065
"CCDC78","1.873e-03",16899
"CCDC7;C10orf68","3.483e-04",26010
"CCDC8","1.380e-05",15213
"CCDC80","7.412e-04",25734
"CCDC81","3.356e-07",28089
"CCDC84","5.042e-03",24958
"CCDC85A","2.148e-02",24270
"CCDC85C","4.804e-09",13160
"CCDC86","4.738e-11",30101
"CCDC87;CCS","3.051e-04",16216
"CCDC88A","6.977e-03",24813
"CCDC88B","4.324e-03",17248
"CCDC89","1.173e-03",25559
"CCDC90B","3.133e-05",26810
"CCDC93","5.966e-06",27306
"CCDC94","1.168e-02",24573
"CCDC96","2.916e-04",26073
"CCDC96;TADA2B","8.310e-03",17540
"CCDC97","1.096e-13",31259
"CCHCR1","2.415e-04",26139
"CCHCR1;TCF19","1.406e-06",14563
"CCIN","3.034e-05",15453
"CCKAR","2.156e-03",25317
"CCKBR","9.887e-03",24652
"CCL14-CCL15;CCL15","8.364e-03",24730
"CCL14;CCL14-CCL15","6.465e-04",25785
"CCL15;CCL14-CCL15","1.964e-02",24316
"CCL16","7.964e-04",25707
"CCL17","7.943e-04",25708
"CCL18","1.649e-07",28270
"CCL19","1.572e-02",17845
"CCL2","7.366e-06",27245
"CCL20","8.071e-12",11820
"CCL23","4.129e-12",30583
"CCL26","3.582e-08",28645
"CCL27","1.988e-03",25350
"CCL28","1.482e-02",17816
"CCL3","6.515e-07",27916
"CCL4","1.529e-07",28289
"CCL4L1;CCL4L2","2.739e-04",26095
"CCL8","7.198e-04",25745
"CCNA1","5.680e-09",29075
"CCNA2","2.885e-03",25197
"CCNB3","2.312e-02",24232
"CCNC","1.764e-03",25398
"CCND1","1.497e-09",12900
"CCND2","1.014e-02",24640
"CCND3","2.403e-10",29766
"CCND3;TAF8","3.522e-03",25113
"CCNDBP1;TMEM62","3.497e-03",25116
"CCNE2","3.027e-09",13056
"CCNF","1.002e-05",15118
"CCNG1","3.129e-02",24071
"CCNG2","9.733e-05",15826
"CCNI","1.001e-03",16653
"CCNJ","2.869e-09",13044
"CCNJL","2.220e-02",18020
"CCNL1","2.550e-04",16153
"CCNL2","3.361e-02",18241
"CCNL2;LOC148413","6.783e-05",26565
"CCNO","8.602e-03",17556
"CCNT1","7.388e-03",24787
"CCNY","8.624e-06",27199
"CCNYL1","2.524e-02",24186
"CCR10","6.718e-11",12243
"CCR6","3.044e-02",24086
"CCR7","5.883e-06",27310
"CCR8","3.415e-03",17147
"CCRL1;ACAD11","4.941e-04",25884
"CCRL2","4.198e-10",29648
"CCRN4L","1.845e-04",26232
"CCT5","3.841e-02",23958
"CCT6A;SUMF2","3.859e-03",17199
"CCT6B","2.379e-05",26895
"CCT6P1","3.309e-09",29197
"CCT8","1.525e-05",27030
"CCT8L2","3.139e-04",26047
"CD101","9.845e-03",24654
"CD109","5.809e-12",30517
"CD14","1.983e-02",17962
"CD163L1","5.756e-04",25828
"CD177","1.646e-02",24405
"CD180","7.553e-08",28464
"CD1A","2.686e-06",27532
"CD1C","9.328e-06",27176
"CD1D","3.595e-10",29681
"CD1E","7.551e-03",24777
"CD2","2.407e-03",25272
"CD207","2.061e-04",26194
"CD244","6.007e-06",27304
"CD247","2.453e-02",18072
"CD276","3.859e-03",25074
"CD28","8.874e-11",29973
"CD2AP","3.601e-02",23994
"CD2BP2","1.818e-08",13467
"CD300E","1.903e-11",30284
"CD300LD;C17orf77","5.136e-10",29605
"CD300LF;RAB37","4.936e-05",26667
"CD300LG","1.600e-03",25437
"CD320","3.769e-06",14836
"CD33","3.196e-03",25154
"CD34","4.487e-02",23870
"CD37","3.581e-02",18276
"CD3D","7.039e-03",24809
"CD3G","9.822e-05",26444
"CD3G;CD3D","1.616e-03",25433
"CD40LG","4.105e-11",30130
"CD44","7.027e-07",27896
"CD46","1.159e-05",15161
"CD48","2.002e-04",26204
"CD52;UBXN11","3.199e-02",24059
"CD55","5.263e-06",27342
"CD59","2.201e-07",28197
"CD5L","1.301e-02",24521
"CD63","2.941e-04",16203
"CD69","2.100e-08",28772
"CD70","1.755e-04",26249
"CD74","1.963e-07",14047
"CD79A","6.843e-07",14370
"CD82","2.007e-02",17968
"CD84","1.143e-03",25569
"CD86","3.903e-07",28050
"CD8B","4.728e-02",18433
"CD9","5.526e-04",16430
"CD93","1.098e-06",27777
"CD96;ZBED2","1.795e-08",28809
"CD99L2","1.855e-02",17928
"CDADC1","3.725e-04",25986
"CDC14C","6.993e-03",24812
"CDC16","4.154e-02",23914
"CDC20B","1.725e-04",26255
"CDC20B;MIR449A","1.944e-03",25359
"CDC25B","5.526e-04",25843
"CDC27","8.546e-07",27844
"CDC2;CDK1","6.877e-04",25762
"CDC37","6.467e-08",13771
"CDC40","1.240e-02",24544
"CDC42","4.456e-02",23874
"CDC42BPA","1.253e-02",24539
"CDC42BPB","2.686e-02",18120
"CDC42BPG","1.066e-04",15856
"CDC42EP1","1.120e-02",17680
"CDC42EP3","2.015e-10",29803
"CDC42EP4","5.184e-13",11298
"CDC42EP5","6.652e-11",12241
"CDC42SE1","1.464e-06",14574
"CDC42SE2","2.621e-02",24166
"CDC45L","5.176e-04",25867
"CDC6","3.494e-10",29687
"CDC7","4.228e-02",23904
"CDC73","1.178e-06",27758
"CDCA2","2.244e-07",14081
"CDCA4","4.535e-02",18409
"CDCA5","8.134e-04",16574
"CDCA7L","6.483e-06",27282
"CDCP1","9.474e-10",29473
"CDGAP","9.908e-04",25624
"CDH10","2.932e-14",31494
"CDH12","1.695e-11",30307
"CDH12;PMCHL1","2.573e-14",31517
"CDH17","1.791e-03",25392
"CDH18","5.785e-16",32165
"CDH19","3.741e-15",31851
"CDH2","1.244e-03",25536
"CDH22","2.601e-03",25240
"CDH26","1.032e-08",13335
"CDH5","2.128e-02",17998
"CDH6","1.308e-13",31227
"CDH8","2.678e-22",34370
"CDH9","8.397e-04",25687
"CDK10","1.362e-07",13955
"CDK11B;LOC728661","1.273e-03",16746
"CDK15","9.016e-04",25660
"CDK16","5.602e-04",16435
"CDK17","1.510e-05",27033
"CDK19","3.589e-03",17168
"CDK1;CDC2","2.543e-04",16152
"CDK2","1.647e-09",12921
"CDK2;SILV","1.047e-05",27142
"CDK4","7.453e-03",17490
"CDK4;MARCH9","2.646e-03",25233
"CDK5","2.164e-06",27592
"CDK5;SLC4A2","3.538e-03",25111
"CDK5R1","1.495e-05",15237
"CDK6","1.685e-05",15273
"CDK8","4.927e-04",25885
"CDKAL1","6.765e-03",17446
"CDKL1","2.821e-08",28702
"CDKL3","9.108e-07",27827
"CDKL4","4.379e-02",23884
"CDKL5;RS1","2.920e-09",29225
"CDKN1B","8.716e-09",13296
"CDKN2A","6.258e-08",28510
"CDKN2AIPNL","1.521e-03",25457
"CDKN2BAS","6.453e-14",10919
"CDKN2C","2.028e-15",10318
"CDO1","2.058e-03",25336
"CDON","7.964e-08",28451
"CDR1","9.606e-10",29470
"CDR2","1.126e-06",27770
"CDR2L","7.196e-03",24799
"CDRT1","4.917e-03",24969
"CDS2","4.404e-03",17256
"CDS2;PCNA","5.814e-03",24895
"CDT1","4.783e-09",13159
"CDX1","6.843e-07",14370
"CDX2","7.899e-08",28453
"CDX4","5.048e-07",27983
"CDYL2","4.497e-03",25008
"CEACAM16","4.138e-03",25044
"CEACAM19","7.133e-09",13250
"CEACAM20","4.186e-03",17234
"CEACAM21","4.487e-02",23870
"CEACAM3","3.200e-12",30632
"CEACAM5","2.227e-07",28194
"CEACAM6","6.105e-05",26599
"CEACAM7","3.225e-05",26801
"CEACAM8","3.869e-14",31445
"CEBPB","1.248e-02",24541
"CEBPE","1.731e-02",24380
"CEBPZ;C2orf56","3.674e-04",25991
"CECR1","1.366e-05",27063
"CECR2","7.137e-12",30477
"CECR4;CECR5","9.803e-03",24656
"CECR7","4.548e-05",15580
"CEL","3.883e-02",18321
"CELA2A","4.543e-02",23863
"CELA2B","1.326e-03",25511
"CELA3A","4.052e-03",25053
"CELA3B","5.496e-03",24920
"CELSR1","7.595e-13",11369
"CELSR2","8.831e-05",15794
"CELSR3","1.517e-11",11944
"CELSR3;SLC26A6","1.470e-14",31615
"CEMP1","2.803e-03",17064
"CEND1","1.446e-03",16796
"CEND1;SLC25A22","3.083e-05",15458
"CENPA","5.511e-04",16429
"CENPB","1.357e-05",15208
"CENPE","7.453e-03",24783
"CENPF","4.186e-03",17234
"CENPH","8.488e-05",26492
"CENPI","2.442e-03",17007
"CENPJ","1.636e-04",26273
"CENPL","2.917e-06",14764
"CENPL;DARS2","6.721e-05",26568
"CENPM","1.771e-05",15288
"CENPN;C16orf61","1.578e-02",17847
"CENPP;ECM2","3.073e-05",26816
"CENPP;OGN","2.087e-02",24285
"CENPT","2.295e-05",26906
"CENPT;THAP11","3.037e-12",11631
"CEP110","1.870e-09",29324
"CEP120","3.925e-02",18327
"CEP152","1.911e-02",24330
"CEP164","2.730e-07",28142
"CEP170L","1.713e-02",24385
"CEP350","3.330e-07",28091
"CEP63;ANAPC13","1.458e-04",26312
"CEP70","6.457e-03",17425
"CEP72","1.008e-02",17630
"CEP76;PSMG2","1.939e-03",25360
"CEP78","1.028e-07",28388
"CEPT1","2.856e-09",13043
"CERKL","8.330e-04",25690
"CES1","5.756e-04",25828
"CES3","4.179e-10",29649
"CETN1","4.281e-07",28026
"CETN2","6.737e-08",13781
"CETN2;NSDHL","5.697e-03",17369
"CETP","4.153e-04",25947
"CFC1B;CFC1","2.219e-06",27585
"CFDP1","2.605e-07",28154
"CFH","3.100e-02",18197
"CFL2","4.566e-02",18413
"CFP","1.481e-07",28297
"CFTR","2.548e-05",26874
"CGB","7.996e-08",13823
"CGB1","5.322e-05",15630
"CGB5","2.833e-08",13572
"CGB7","3.532e-04",16268
"CGB8","4.953e-11",12181
"CGNL1","1.097e-02",24603
"CGREF1","1.094e-02",17669
"CGREF1;KHK","2.178e-03",25313
"CGRRF1","5.300e-03",24936
"CHAD;ACSF2","1.424e-03",16790
"CHADL","3.379e-02",18244
"CHAF1A","7.045e-04",16520
"CHAF1B","1.972e-02",17959
"CHAT","1.942e-05",26957
"CHAT;SLC18A3","1.198e-04",26378
"CHCHD10","5.545e-03",24916
"CHCHD2","3.099e-03",25167
"CHCHD4","6.109e-04",16467
"CHCHD5","6.070e-06",27301
"CHCHD8;PAAF1","2.696e-02",24151
"CHD1L","5.742e-11",30062
"CHD2","4.007e-05",15540
"CHD3","2.633e-03",17038
"CHD4","1.067e-02",17657
"CHD7","2.063e-03",16938
"CHDH","1.182e-05",27106
"CHDH;IL17RB","4.711e-08",13694
"CHEK1","1.310e-03",16757
"CHERP","4.305e-04",16339
"CHGA","1.426e-10",29875
"CHGB","4.341e-02",23889
"CHI3L1","1.225e-02",17723
"CHIT1","1.917e-05",26961
"CHKA","7.974e-03",24752
"CHKB;CHKB-CPT1B;CPT1B","6.661e-03",17439
"CHL1","1.902e-07",28234
"CHMP1A","8.875e-04",16607
"CHMP1B;GNAL","2.407e-03",17001
"CHMP2A","3.136e-03",17111
"CHMP2A;UBE2M","4.591e-05",15583
"CHMP4A","1.703e-02",24388
"CHMP7","1.217e-02",24553
"CHORDC1","1.014e-13",31273
"CHP;EXD1","2.053e-03",16936
"CHPF","2.826e-02",18147
"CHPF2","1.395e-04",26327
"CHPF2;MIR671","1.787e-02",24364
"CHRAC1","3.070e-03",25171
"CHRD;THPO","2.614e-03",17035
"CHRFAM7A","5.135e-03",24950
"CHRM1","4.472e-02",18401
"CHRM2","2.845e-08",28700
"CHRM2;MIR490","9.598e-07",27813
"CHRM5","5.336e-03",24933
"CHRNA1","2.200e-05",26919
"CHRNA10","7.672e-05",15748
"CHRNA5","1.987e-05",26950
"CHRNA7","1.191e-06",27755
"CHRNB1","1.637e-03",25428
"CHRNB4","2.268e-02",18031
"CHRNE","9.645e-05",15823
"CHRNE;C17orf107","1.108e-04",15869
"CHST1","3.330e-02",18236
"CHST12","4.919e-02",23817
"CHST14","1.983e-02",17962
"CHST15","1.282e-02",24528
"CHST3","7.701e-03",17505
"CHST4","1.025e-04",26430
"CHST5","1.708e-06",27657
"CHST8","1.384e-05",27059
"CHST9","1.813e-03",25387
"CHSY1","3.505e-03",25115
"CHSY3","1.283e-03",25524
"CHTF18","3.699e-09",13101
"CHTF8;CIRH1A","3.106e-02",24075
"CHTF8;HAS3","5.995e-04",25813
"CHUK","3.240e-08",28669
"CHURC1","2.356e-05",26898
"CIAO1","1.060e-02",17654
"CIB1","2.434e-11",12038
"CIB3","3.072e-02",18192
"CIB4","4.294e-03",17245
"CIC","8.792e-09",13298
"CIDEC","3.673e-02",23983
"CIDECP","1.747e-05",26989
"CIITA","5.621e-03",24910
"CILP2","3.626e-07",14204
"CILP2;YJEFN3","5.718e-08",13741
"CINP","7.901e-04",25710
"CIR1;SCRN3","2.850e-03",25202
"CIRBP","9.019e-03",24695
"CIRBP;C19orf23","2.030e-02",24299
"CIRBP;C19orf24","1.403e-17",9507
"CISD1","1.920e-03",16909
"CISD1;IPMK","1.491e-02",24454
"CISD3","3.084e-03",17104
"CIT","1.787e-10",29828
"CITED1","2.312e-02",18041
"CITED4","3.821e-05",15525
"CIZ1","2.621e-02",24166
"CKAP2","9.652e-04",25634
"CKAP4","8.097e-03",17528
"CKLF;TK2","3.516e-05",26774
"CKM","2.608e-03",17034
"CKS1B","9.040e-04",16614
"CKS2","4.511e-02",23867
"CLASP2","8.592e-05",26488
"CLCA1","1.303e-11",30359
"CLCA3P","9.427e-04",25643
"CLCN5;MIR188","5.882e-04",25820
"CLCN5;MIR188;MIR532","3.111e-06",27491
"CLCN5;MIR362;MIR500","1.310e-04",26348
"CLCN5;MIR362;MIR500;MIR501","2.419e-03",25270
"CLCN5;MIR501","1.594e-02",24421
"CLCN5;MIR660","3.417e-05",26783
"CLCN6","1.364e-02",24498
"CLCN6;MTHFR","1.873e-02",17933
"CLDN1","9.872e-16",10197
"CLDN10","5.491e-05",15640
"CLDN11","2.490e-02",18080
"CLDN12","4.274e-03",25030
"CLDN14","7.193e-05",26546
"CLDN15","8.713e-06",27196
"CLDN16","2.601e-03",17033
"CLDN17","8.815e-08",13847
"CLDN2","1.183e-07",28353
"CLDN20;TFB1M","2.661e-02",24158
"CLDN22","1.457e-09",12894
"CLDN22;WWC2","1.685e-09",12926
"CLDN23","1.241e-03",25537
"CLDN2;RIPPLY1","1.973e-04",26209
"CLDN4","2.798e-08",13569
"CLDN7","7.281e-10",12743
"CLDN8","2.639e-03",17039
"CLDN9","1.217e-02",17720
"CLDND1","3.019e-03",25178
"CLEC10A","7.880e-04",25711
"CLEC12A","6.189e-10",29565
"CLEC12B","4.487e-04",25919
"CLEC14A","4.597e-09",29123
"CLEC16A","5.545e-03",17357
"CLEC18C","1.881e-02",17935
"CLEC1B","2.875e-04",26078
"CLEC2D","1.855e-03",25378
"CLEC3A","2.948e-06",27506
"CLEC4A","2.364e-08",28744
"CLEC4G","3.304e-03",25140
"CLEC4GP1","1.725e-04",26255
"CLEC5A","1.670e-02",24398
"CLEC7A","1.565e-04",15985
"CLEC9A","4.025e-10",29657
"CLGN","3.724e-05",15517
"CLIC1;DDAH2","5.754e-05",15655
"CLIC4","8.070e-04",25702
"CLIC5","1.283e-04",26355
"CLIP3;ALKBH6","1.968e-03",16919
"CLK1","1.156e-04",15883
"CLK2","7.373e-04",16537
"CLK2P","2.654e-04",26106
"CLK4","1.151e-07",13913
"CLLU1;CLLU1OS","1.352e-05",27066
"CLLU1OS;CLLU1","3.716e-06",27441
"CLMN","1.911e-02",24330
"CLN6","4.284e-03",25029
"CLNK","1.273e-06",27737
"CLOCK","1.026e-06",27795
"CLPB","5.906e-03",24888
"CLPS","1.845e-03",25380
"CLPTM1L","1.553e-07",13988
"CLPX","7.618e-03",24773
"CLRN2","2.457e-02",24200
"CLSTN1;PIK3CD","7.070e-03",17466
"CLSTN2","1.149e-04",26392
"CLSTN3","7.863e-05",15756
"CLSTN3;RBP5","2.857e-08",13574
"CLTA","2.881e-05",26836
"CLTC","3.713e-02",18296
"CLTCL1","3.715e-04",25987
"CLU","4.205e-02",23907
"CLUL1","3.295e-08",28665
"CLVS1","1.421e-13",31212
"CLVS2","1.709e-07",28261
"CMA1","6.176e-06",27296
"CMAH","1.404e-15",32017
"CMBL","5.999e-03",24881
"CMC1","1.124e-05",27121
"CMKLR1","1.987e-02",24310
"CMPK2","7.914e-10",29512
"CMTM1;CKLF","1.209e-04",15898
"CMTM1;CMTM2","4.827e-02",23828
"CMTM3","1.361e-02",24499
"CMTM5","6.396e-04",25789
"CMTM6","4.245e-03",25033
"CMTM7","3.456e-03",17152
"CNBP","2.270e-03",16977
"CNDP1","4.387e-02",23883
"CNGA1","9.007e-07",27830
"CNGA2","2.528e-04",26123
"CNGA3","2.853e-05",26839
"CNGB3","4.856e-06",27365
"CNIH2","1.465e-03",16801
"CNIH4","2.835e-05",26841
"CNKSR1","1.391e-04",15945
"CNKSR2","2.419e-09",13006
"CNN1","7.776e-04",16557
"CNN3","4.269e-04",16336
"CNNM2","3.863e-04",25973
"CNOT1","3.017e-04",16212
"CNOT10","9.235e-03",24684
"CNOT1;SNORA50","6.060e-04",16464
"CNOT3","2.519e-02",18086
"CNOT6","2.608e-03",17034
"CNOT7","3.766e-02",18304
"CNOT7;VPS37A","2.533e-02",24184
"CNP","6.721e-05",15705
"CNPY1","3.056e-06",27496
"CNST;TFB2M","5.935e-09",29065
"CNTD1","1.047e-02",17648
"CNTD1;CCDC56","2.535e-07",14112
"CNTD2","4.404e-03",17256
"CNTFR","1.582e-06",14595
"CNTFR;LOC415056","9.243e-05",15809
"CNTLN","3.974e-02",23939
"CNTN1","5.532e-07",27959
"CNTN4","1.837e-09",29328
"CNTN5","5.376e-08",28547
"CNTN6","5.241e-03",24941
"CNTNAP1;CCR10","5.264e-03",24939
"CNTNAP2","1.058e-12",30842
"CNTNAP4","4.833e-04",25892
"CNTNAP5","2.415e-10",29765
"CNTROB;TRAPPC1","9.434e-03",17599
"COASY","2.899e-03",17078
"COBL","2.079e-06",27603
"COBRA1","1.134e-03",16701
"COCH","3.154e-07",14168
"COG3","1.261e-04",26361
"COG5","3.770e-03",25084
"COG5;DUS4L","1.797e-02",24361
"COIL","3.983e-04",16311
"COL11A1","1.539e-08",28845
"COL13A1","2.991e-04",16209
"COL14A1","1.582e-02",24425
"COL15A1","6.768e-04",16505
"COL18A1","2.500e-04",16146
"COL19A1","1.295e-02",24523
"COL1A2","1.812e-09",29331
"COL21A1","8.185e-03",24740
"COL22A1","1.087e-05",27131
"COL23A1","9.300e-05",26462
"COL27A1","3.631e-03",17173
"COL27A1;MIR455","1.445e-04",15958
"COL29A1","1.786e-14",31581
"COL2A1","4.794e-02",18441
"COL3A1","2.523e-05",26877
"COL4A1;COL4A2","2.543e-04",26121
"COL4A2","1.939e-03",16913
"COL4A3;COL4A4","9.782e-03",17616
"COL4A3BP;POLK","7.796e-04",25715
"COL4A4","5.835e-04",25823
"COL4A5;COL4A6","1.389e-03",25493
"COL4A6","2.602e-14",31515
"COL5A1","4.558e-02",18412
"COL5A2","4.927e-04",25885
"COL5A3","1.268e-06",27738
"COL6A3","2.450e-04",26134
"COL6A4P2","4.890e-05",26670
"COL6A6","8.193e-06",27214
"COL7A1","1.341e-02",17767
"COL7A1;MIR711","4.566e-02",18413
"COL7A1;UCN2","1.175e-08",28908
"COL8A2","1.476e-02",24459
"COL9A1","3.982e-12",30590
"COLEC10","4.330e-07",28023
"COLEC11","1.061e-05",27138
"COLQ","3.178e-07",28103
"COMMD1","1.479e-02",24458
"COMMD10","2.333e-05",26901
"COMMD2","2.083e-07",28211
"COMMD3","9.754e-04",25630
"COMMD3;BMI1","1.085e-04",26411
"COMMD5","1.791e-03",25392
"COMT","6.301e-03",17414
"COMT;TXNRD2","7.943e-04",25708
"COMTD1","1.428e-03",16791
"COPA","3.944e-05",26738
"COPA;NCSTN","5.126e-05",26655
"COPA;SUMO1P3","1.266e-02",24534
"COPB1","1.734e-02",24379
"COPG","2.258e-05",15362
"COPS2","1.441e-05",27047
"COPS7A","3.424e-03",25125
"COPS8","2.211e-09",29287
"COPZ1","4.974e-03",24964
"COQ10B","3.049e-02",24085
"COQ4","1.290e-05",15193
"COQ7","1.973e-04",26209
"CORO1B","1.276e-03",16747
"CORO1B;PTPRCAP","3.352e-03",17139
"CORO1C","1.675e-07",28266
"CORO6","2.364e-08",13529
"COTL1","2.188e-03",16962
"COX10","2.692e-05",15416
"COX11","4.344e-03",25023
"COX15;CUTC","2.394e-04",26142
"COX16","9.058e-03",24693
"COX19","5.736e-03",24901
"COX5A","6.053e-03",24877
"COX6A2","2.338e-24",7260
"COX6C","2.129e-05",26929
"COX7A1","2.413e-12",30686
"COX7A2L","5.496e-03",24920
"COX7B","2.502e-03",17017
"COX7B2","2.743e-09",29239
"COX7C","6.573e-03",24840
"COX8C;KIAA1409","2.132e-06",27596
"CP","2.863e-02",18154
"CP110","8.969e-04",25662
"CPA2","3.752e-03",25086
"CPA5","3.237e-04",26036
"CPA6","2.647e-04",26107
"CPAMD8","3.355e-02",18240
"CPB2","8.346e-03",24731
"CPD","2.183e-07",14074
"CPE;MIR1979","2.203e-06",27587
"CPEB1","1.001e-02",24646
"CPEB2","1.933e-02",24324
"CPEB4","3.742e-06",27439
"CPLX2","4.612e-03",24997
"CPM","6.147e-19",9024
"CPN1","4.394e-02",23882
"CPNE1;RBM12","1.759e-06",27649
"CPNE2","4.905e-05",26669
"CPNE4","8.858e-05",26478
"CPNE5","1.968e-03",16919
"CPNE7","3.217e-02",18217
"CPNE8","2.094e-06",27601
"CPOX","4.015e-03",25057
"CPPED1","3.939e-04",25966
"CPSF1;MIR1234","1.642e-07",14002
"CPSF1;MIR939","1.624e-05",15262
"CPSF3L","9.822e-05",15829
"CPT1B;CHKB-CPT1B","5.261e-04",25861
"CPT1C;C19orf76","6.465e-04",16488
"CPXCR1","3.032e-02",24088
"CPXM1","9.627e-04",16638
"CPXM2","1.776e-02",24367
"CR1","1.225e-03",25542
"CRAMP1L","1.180e-02",17705
"CRB1","4.164e-04",25946
"CRB2","1.217e-07",28346
"CRBN","1.310e-03",16757
"CRCP","1.680e-02",24395
"CRCT1","1.528e-02",24442
"CREB1","6.553e-04",25780
"CREB3L2","1.058e-09",29449
"CREB3L3","5.053e-03",24957
"CREB3L4;SLC39A1","8.026e-06",15053
"CREB5","1.556e-03",25448
"CREBL2","4.189e-05",26719
"CRELD1","9.177e-07",14448
"CRELD2","1.334e-05",15203
"CREM","1.575e-04",26286
"CRH","1.394e-05",27057
"CRHBP","2.745e-06",27526
"CRHR1","3.581e-02",18276
"CRIM1","2.999e-02",24094
"CRIP2","2.254e-03",16974
"CRISP1","2.573e-06",27544
"CRISP2","1.470e-06",27698
"CRISPLD1","1.617e-02",24414
"CRISPLD2","8.026e-06",27220
"CRLF1","3.343e-07",14183
"CRLF3","2.736e-03",25219
"CRLS1","1.180e-02",24568
"CRMP1","5.420e-08",28545
"CROCC","4.818e-02",23829
"CROT","1.055e-03",25600
"CRP","6.372e-03",24854
"CRTAC1;GOLGA7B","6.870e-03",17453
"CRTAP","2.034e-07",28217
"CRY1","3.873e-07",28052
"CRY2","3.008e-04",26062
"CRYAB;HSPB2","1.340e-03",25507
"CRYBA4","2.419e-03",17003
"CRYBB1","5.392e-04",16421
"CRYBB2","4.928e-03",24968
"CRYBB3","7.024e-03",24810
"CRYBG3;MINA","2.639e-03",25234
"CRYGA","2.681e-02",24154
"CRYGB","3.713e-02",23977
"CRYGC","1.009e-05",27153
"CRYGD","1.252e-07",28339
"CRYGN","2.616e-02",18106
"CRYGS","7.327e-05",15733
"CRYM","9.597e-08",28405
"CRYM;NCRNA00169","4.954e-04",25883
"CRYZ","9.597e-08",13868
"CRYZ;TYW3","1.392e-02",24488
"CRYZL1","2.543e-02",24182
"CSAD","1.046e-06",27790
"CSAG1;MAGEA12","1.303e-03",25518
"CSDAP1","4.606e-05",26689
"CSDE1","1.720e-04",16017
"CSDE1;NRAS","2.762e-04",16181
"CSE1L","5.046e-05",26660
"CSF1R;PDGFRB","1.457e-03",16799
"CSF2RB","1.686e-02",24393
"CSF3R","3.706e-02",18295
"CSGALNACT1","1.134e-02",24587
"CSGALNACT2","4.353e-18",32949
"CSK","4.397e-07",14254
"CSMD1","2.573e-14",31517
"CSMD2;C1orf94","3.701e-05",26758
"CSMD3","1.840e-10",29822
"CSN1S1","1.967e-13",31153
"CSN1S2B","9.198e-13",30867
"CSN2","4.306e-14",31426
"CSN3","4.466e-11",30113
"CSNK1A1P","1.326e-04",26344
"CSNK1A1P;C15orf41","9.803e-03",17617
"CSNK1G1","9.409e-12",30423
"CSNK1G2","2.074e-02",17985
"CSNK2A1","4.015e-03",25057
"CSNK2B","9.558e-08",13867
"CSPG4","5.219e-04",16409
"CSPP1","1.105e-05",27126
"CSRNP1","7.188e-07",27890
"CSRNP3","1.092e-09",29442
"CSRP1","8.097e-03",17528
"CSRP2BP","2.705e-08",28712
"CSRP3","8.318e-13",30887
"CST5","4.038e-02",23930
"CST7","1.290e-05",27080
"CST9","1.707e-02",17886
"CSTA","4.280e-02",18376
"CSTB","1.645e-11",11960
"CSTF3","4.900e-04",16386
"CT45A1","1.901e-03",25368
"CT45A6","9.634e-07",27812
"CT47A1;CT47A6","8.828e-03",24705
"CT47A8;CT47A10;CT47A11;CT47A1;CT47A5;CT47A2;CT47A6;CT47A3;CT47A4;CT47A9","1.492e-06",27694
"CT47B1","4.828e-03",24977
"CTAGE1","1.958e-10",29809
"CTAGE5","9.556e-03",24668
"CTAGE6","3.240e-10",29703
"CTBP1","1.264e-04",15913
"CTBP1;C4orf42","1.144e-09",12841
"CTBS","1.022e-03",25612
"CTCF","2.651e-02",18113
"CTDP1","2.581e-05",15403
"CTDSP1;MIR26B","7.412e-04",16539
"CTDSPL;MIR26A1","1.378e-02",24493
"CTH","2.130e-03",25322
"CTLA4","1.942e-05",26957
"CTNNA1;LRRTM2","1.074e-02",24613
"CTNNA2","1.550e-12",30770
"CTNNA2;LRRTM1","2.447e-07",28170
"CTNNA3","7.083e-05",26551
"CTNNA3;LRRTM3","4.394e-12",30571
"CTNNBL1","3.199e-02",24059
"CTNND1","1.491e-03",25465
"CTNND2","1.383e-16",32400
"CTNS","4.600e-04",16363
"CTPS2;S100G","1.738e-02",24378
"CTR9","3.581e-02",23997
"CTSA;NEURL2","6.500e-04",16490
"CTSE","7.282e-05",15731
"CTSF","3.787e-03",25082
"CTSG","1.194e-05",27103
"CTSH","1.529e-07",13984
"CTSK","3.663e-06",27445
"CTSL1","2.572e-11",30224
"CTSL2","4.991e-07",27986
"CTSO","2.371e-05",26896
"CTSS","1.303e-02",17753
"CTSZ","1.192e-02",24563
"CTTNBP2","8.713e-06",27196
"CTU1","1.581e-09",29361
"CTU2","4.803e-07",14277
"CTXN2","2.244e-16",32321
"CTXN3","1.587e-05",15255
"CUEDC2","3.835e-02",23959
"CUGBP2","3.025e-04",26060
"CUL3","9.597e-03",24666
"CUL4A;PCID2","3.823e-03",25078
"CUL4B","6.190e-03",17406
"CUL5","2.343e-06",27570
"CUL9","1.845e-04",16041
"CUTA","2.633e-03",17038
"CUTA;SYNGAP1","1.170e-03",25560
"CUX2","9.207e-04",25652
"CUZD1","1.137e-07",28363
"CWF19L1","1.608e-03",25435
"CWF19L2","1.842e-05",26973
"CWH43","2.183e-04",26174
"CXADR","3.306e-02",18232
"CXADRP3","2.007e-04",26203
"CXCL12","3.746e-02",23972
"CXCL14","2.276e-08",28753
"CXCL17","3.840e-12",11676
"CXCL17;LIPE","6.027e-04",25811
"CXCL5","2.144e-10",29790
"CXCL6","3.549e-02",24002
"CXCL9","8.922e-04",25664
"CXCR1","2.783e-03",17061
"CXCR3;BCYRN1","4.638e-04",25907
"CXCR5","3.223e-02",18218
"CXXC1;MBD1","1.418e-02",17794
"CXXC4","5.596e-03",24912
"CXorf21","6.070e-06",27301
"CXorf36","5.866e-15",31774
"CXorf38","9.077e-06",15089
"CXorf40B","2.762e-04",26092
"CXorf41;NUP62CL","3.026e-03",17096
"CXorf48","3.680e-02",23982
"CXorf59","2.419e-09",29267
"CXorf61","2.403e-06",27563
"CXorf65;IL2RG","3.612e-07",28070
"CXorf67","3.066e-02",24082
"CYB5D2;ZZEF1","6.260e-04",25797
"CYB5R2","3.822e-06",14840
"CYB5R3","6.465e-04",16488
"CYB5R3;ATP5L2","4.387e-02",18390
"CYB5RL","1.870e-02",24341
"CYB5RL;MRPL37","1.873e-03",25374
"CYBA","6.086e-05",15673
"CYBASC3","3.022e-07",14157
"CYBB","2.799e-02",24131
"CYBRD1","2.107e-07",28208
"CYC1","3.767e-04",16291
"CYCSP52;ETV3","1.125e-08",13355
"CYFIP1","1.321e-05",27073
"CYP11B1","1.099e-02",24602
"CYP17A1","9.793e-08",28400
"CYP19A1","1.220e-04",26372
"CYP1A2","1.547e-02",17837
"CYP1B1","3.330e-02",18236
"CYP20A1","6.947e-03",24815
"CYP26A1","2.267e-04",16112
"CYP26B1","1.110e-06",14499
"CYP27A1","9.699e-03",17612
"CYP27B1","1.228e-03",16732
"CYP27C1","7.914e-10",12761
"CYP2A13","3.288e-05",26795
"CYP2A6","1.988e-03",25350
"CYP2A7","2.395e-03",25274
"CYP2B6","1.198e-04",26378
"CYP2C18","1.645e-03",25426
"CYP2C19","1.453e-13",31208
"CYP2C8","2.869e-09",29229
"CYP2C9","1.113e-11",30390
"CYP2D6","4.384e-03",17254
"CYP2E1","3.485e-02",18261
"CYP2J2","3.724e-05",26756
"CYP2U1","7.888e-03",24757
"CYP2W1","4.906e-03",17303
"CYP39A1;SLC25A27","6.413e-04",25788
"CYP3A43","9.703e-04",25632
"CYP3A5","4.176e-03",25040
"CYP3A7","2.341e-05",26900
"CYP4A11","1.856e-16",32352
"CYP4A22","2.906e-10",29726
"CYP4B1","1.510e-05",27033
"CYP4F12","4.303e-02",18379
"CYP4F8","3.033e-03",17097
"CYP4Z2P","1.101e-08",28923
"CYP7A1","1.578e-02",24426
"CYP7B1","1.467e-02",17811
"CYR61","3.122e-06",27490
"CYR61;DDAH1","4.877e-07",27992
"CYS1","1.195e-02",17711
"CYSLTR1","4.208e-11",30125
"CYSLTR2","3.848e-02",18316
"CYTH2","2.054e-05",15333
"CYTIP","3.293e-04",26030
"CYTL1","1.724e-02",24382
"CYTSA","5.508e-05",15641
"CYTSB","4.614e-02",18419
"CYYR1","2.940e-07",28123
"DAAM1","4.769e-02",23835
"DAAM2","6.259e-03",24862
"DAB1","8.081e-06",27218
"DAB2","7.372e-11",30011
"DAB2IP","4.310e-05",15563
"DACH1","1.850e-03",25379
"DACH2","7.053e-07",27895
"DACT2","5.533e-03",17356
"DAG1","2.799e-02",18142
"DAGLA","3.183e-04",26042
"DAGLB","1.540e-05",15246
"DAK;DDB1","3.665e-03",25096
"DALRD3","1.422e-05",15222
"DALRD3;NDUFAF3;MIR425;MIR191","3.170e-02",18209
"DAO","2.211e-09",29287
"DAPK1","2.863e-02",24119
"DAPK3","4.258e-02",23900
"DAPL1","3.400e-06",14807
"DAPP1","4.951e-03",17307
"DARC","1.484e-04",26306
"DARS","3.428e-05",15491
"DAXX;ZBTB22","8.803e-06",15080
"DAZAP1","1.524e-04",15976
"DBC1","7.747e-12",30461
"DBF4;SLC25A40","3.228e-04",16236
"DBF4B","5.966e-06",27306
"DBH","5.446e-03",24924
"DBI","9.645e-05",15823
"DBNDD1","3.158e-02",24066
"DBNL","2.722e-02",24146
"DBP","1.778e-06",27646
"DBX1","2.389e-03",25275
"DCAF11","7.086e-03",24806
"DCAF12","6.948e-07",27899
"DCAF12L1","3.286e-10",29700
"DCAF12L2","7.532e-05",26531
"DCAF15","1.034e-06",14480
"DCAF15;PODNL1","4.088e-02",18350
"DCAF16","4.953e-11",12181
"DCAF17","8.624e-06",27199
"DCAF17;METTL8","6.328e-04",16480
"DCAF4L1","7.880e-04",25711
"DCAF4L2","7.606e-07",27875
"DCAF5","7.061e-05",26552
"DCAF6;BRP44","2.794e-02",24132
"DCAF7","2.410e-05",26891
"DCAF8","1.637e-03",25428
"DCAF8L1","8.638e-08",28431
"DCAF8L2","1.231e-06",27746
"DCAKD","4.833e-04",16381
"DCC","5.933e-14",31369
"DCD","1.125e-03",16698
"DCDC2","2.007e-05",26947
"DCDC2B","1.386e-02",17783
"DCHS2","1.027e-10",29943
"DCK","4.852e-02",23825
"DCLK1","1.445e-04",26315
"DCLK1;MIR548F5","4.336e-08",28599
"DCN","4.359e-09",29135
"DCP1A","2.289e-07",28187
"DCP2","1.556e-11",30324
"DCTD","3.114e-03",17108
"DCTN1","2.539e-05",26875
"DCTN2","2.671e-03",25229
"DCTN4","3.330e-02",18236
"DCTN5;PALB2","4.580e-03",25000
"DCTN6","1.436e-05",27048
"DCTPP1","4.921e-05",15605
"DCUN1D2","9.779e-04",25629
"DCUN1D3","1.238e-03",25538
"DCUN1D4","7.568e-03",24776
"DCUN1D5","1.010e-02",24642
"DCX","8.449e-06",27205
"DDA1","1.906e-03",16906
"DDAH1","4.250e-02",23901
"DDB2","1.528e-02",17831
"DDC","6.899e-06",27264
"DDI2","9.634e-07",14461
"DDIT3","2.095e-02",24283
"DDIT4","1.295e-04",15921
"DDIT4L","1.291e-04",26353
"DDN","3.643e-04",16279
"DDR1","2.581e-05",15403
"DDR2","1.202e-05",27101
"DDRGK1","1.222e-02",17722
"DDX1","1.473e-02",24460
"DDX11","2.238e-10",12492
"DDX12","6.642e-04",16498
"DDX17","2.394e-04",26142
"DDX18","1.423e-02",24477
"DDX20","2.204e-03",25308
"DDX21","9.556e-03",24668
"DDX23","1.260e-03",16742
"DDX24","9.254e-03",24683
"DDX24;IFI27L1","3.183e-04",26042
"DDX25","9.033e-12",30431
"DDX25;PUS3","6.443e-18",9385
"DDX27","7.854e-03",24759
"DDX39","8.873e-07",14439
"DDX3Y","4.422e-07",28017.5
"DDX4","1.988e-03",25350
"DDX41","4.090e-03",25049
"DDX5","1.277e-05",15190
"DDX50","1.117e-03",25578
"DDX52","4.860e-02",23824
"DDX53","3.174e-05",26806
"DDX54","3.760e-05",15520
"DDX55","9.074e-07",14445
"DDX56","8.714e-03",17562
"DDX58","1.258e-02",24537
"DDX59","2.448e-02",24202
"DDX60L","9.405e-08",28410
"DEAF1","4.245e-03",17240
"DEC1","8.547e-03",17553
"DECR1","9.356e-05",26460
"DECR2","8.094e-08",13826
"DEDD2","3.415e-03",17147
"DEF6","1.110e-12",11440
"DEF8","1.333e-02",17764
"DEFA1;DEFA3;DEFA1B","5.225e-07",27974
"DEFA1B;DEFA1;DEFA3","2.194e-03",25310
"DEFA3;DEFA1B;DEFA1","2.864e-03",25200
"DEFA4","2.191e-08",28762
"DEFA6","5.858e-07",27944
"DEFB104A;DEFB104B","2.013e-03",25345
"DEFB105B;DEFB105A","7.055e-03",24808
"DEFB105B;DEFB106A;DEFB106B;DEFB105A","2.799e-02",24131
"DEFB106B;DEFB105A;DEFB105B;DEFB106A","2.430e-02",24206
"DEFB106B;DEFB106A","3.752e-03",25086
"DEFB115","1.331e-08",28879
"DEFB116","2.127e-08",28769
"DEFB118","1.132e-07",28364
"DEFB119","8.885e-03",24702
"DEFB123","9.265e-06",27178
"DEFB124","2.107e-02",17993
"DEFB125","4.183e-02",23910
"DEFB127","1.682e-03",25417
"DEFB128","1.123e-07",28366
"DEFB132","3.780e-02",18306
"DEFB134","3.340e-06",14802
"DEFB135","4.448e-02",18398
"DEFB136","1.844e-02",17925
"DEFB4","4.985e-03",24963
"DEGS1","6.588e-03",17434
"DENND1A","1.197e-02",24561
"DENND1B","4.505e-05",15577
"DENND2C","3.258e-02",24049
"DENND3","3.511e-06",27457
"DENND4A","4.638e-04",25907
"DENND4B;CRTC2","1.533e-08",13427
"DENND5A","1.525e-03",25456
"DEPDC1","1.312e-05",27075
"DEPDC1B","1.088e-04",26410
"DEPDC4","1.827e-03",25384
"DEPDC5","4.638e-02",18422
"DEPDC6","3.805e-03",25080
"DERA","7.809e-07",27868
"DERL3","6.551e-29",5933
"DES","1.626e-04",15998
"DET1","1.058e-06",27787
"DEXI","1.352e-02",17771
"DFFA;PEX14","6.977e-03",17460
"DFFB;KIAA0562","3.032e-02",24088
"DFNA5","1.248e-05",27090
"DFNB31","1.662e-03",16851
"DFNB59;MIR548N","1.151e-02",17693
"DGAT2","2.632e-05",15409
"DGCR10","4.635e-05",26687
"DGCR6","3.941e-03",17208
"DGKA","3.417e-05",15490
"DGKB","4.676e-07",28003
"DGKE","3.646e-10",12595
"DGKK","8.714e-03",24711
"DGKQ","1.019e-06",14476
"DGKZ","4.927e-04",16388
"DGUOK","4.426e-04",16349
"DHCR24","1.095e-04",15865
"DHDDS","6.081e-08",13756
"DHDH","6.990e-08",28483
"DHDPSL","9.856e-04",25626
"DHFR;MSH3","6.338e-09",13223
"DHH","2.074e-02",17985
"DHODH","2.040e-05",26942
"DHRS13","5.613e-05",15647
"DHRS1;C14orf21","8.375e-04",25688
"DHRS2","7.521e-07",27878
"DHRS3","1.122e-04",15873
"DHRS4L1","5.672e-03",17367
"DHRS4L2","9.971e-03",17625
"DHRS7","1.861e-05",26970
"DHRS9","6.358e-03",24855
"DHTKD1","1.826e-02",24353
"DHX15","1.630e-02",17863
"DHX29","6.711e-06",27272
"DHX29;SKIV2L2","3.536e-02",18269
"DHX30;MIR1226","8.724e-05",15790
"DHX35","3.612e-10",12593
"DHX36","1.771e-04",26246
"DHX38","4.061e-04",25955
"DHX40","4.365e-04",16344
"DHX8","1.372e-02",24495
"DHX9","3.686e-02",18292
"DIABLO","5.556e-04",16432
"DIAPH1","3.044e-02",24086
"DIAPH2;RPA4","3.909e-08",28624
"DIO2","1.479e-02",24458
"DIRAS2","1.808e-02",24358
"DIRAS3","4.081e-02",23924
"DIRC1","1.593e-08",28837
"DIRC2","5.694e-04",25832
"DIRC2;HSPBAP1","2.507e-04",26126
"DIRC3","3.697e-07",28064
"DIS3;PIBF1","5.814e-03",24895
"DIS3L","1.380e-09",29391
"DISC1;TSNAX-DISC1","3.153e-05",26808
"DISP1","1.431e-09",29383
"DISP2","6.989e-04",16517
"DIXDC1","5.120e-04",25871
"DKC1;SNORA36A","4.304e-03",25027
"DKC1;SNORA56","8.419e-04",25686
"DKFZP434L187","3.701e-05",26758
"DKFZp434L192","1.134e-02",24587
"DKFZp566F0947","2.976e-03",25184
"DKK1","2.798e-08",28704
"DKK2","4.774e-12",30555
"DKK3","2.095e-02",24283
"DKK4","1.960e-02",17956
"DKKL1","9.360e-06",27175
"DLC1","3.654e-05",26762
"DLD","3.478e-08",28652
"DLEC1","6.623e-17",9754
"DLEU1;DLEU2","2.657e-05",26861
"DLEU2","1.078e-14",10604
"DLEU7","2.557e-02",24179
"DLG1","1.050e-04",26422
"DLG2","6.786e-14",31345
"DLG3","1.403e-04",15948
"DLG4;ACADVL","1.256e-02",24538
"DLG5","2.853e-05",15434
"DLGAP1","4.176e-03",17233
"DLGAP2","1.264e-04",26360
"DLGAP5","3.556e-02",18272
"DLL3","8.850e-12",11838
"DLL4","1.344e-02",24505
"DLST","2.083e-02",24286
"DLX1","1.257e-04",15911
"DLX2","4.480e-06",14885
"DLX3","5.646e-03",24908
"DLX4","8.049e-04",25703
"DLX5","1.915e-03",25365
"DLX6AS","4.822e-06",27367
"DLX6AS;DLX6","1.269e-02",24533
"DMAP1","6.989e-04",25756
"DMD","1.559e-02",24432
"DMP1","2.157e-02",24268
"DMPK","1.159e-05",15161
"DMPK;DMWD","1.322e-02",24513
"DMRT1","1.058e-02",24620
"DMRT2","2.030e-08",28780
"DMRT3","1.702e-05",26997
"DMRTA1","2.486e-02",18079
"DMRTC1B;DMRTC1","7.352e-07",27884
"DMRTC2","2.033e-05",15330
"DMTF1","2.651e-02",24160
"DMWD","1.903e-02",24332
"DMXL1","2.535e-07",28161
"DMXL2","4.288e-02",23896
"DNA2","6.577e-05",15698
"DNAH1","3.399e-03",17145
"DNAH12;ASB14","1.416e-04",26322
"DNAH14","1.146e-03",25568
"DNAH17","1.322e-04",15928
"DNAH17;PGS1","8.804e-05",15793
"DNAH3","2.263e-02",24243
"DNAH3;TMEM159","1.635e-05",27009
"DNAH6","2.164e-10",29788
"DNAH9","4.085e-15",31836
"DNAI1","4.314e-03",17247
"DNAI2","2.457e-02",18073
"DNAJA3","5.337e-06",27338
"DNAJA4","1.163e-02",17698
"DNAJB1","3.555e-03",17164
"DNAJB11","3.587e-13",11230
"DNAJB13","1.896e-02",24334
"DNAJB14","1.094e-03",16687
"DNAJB5","3.575e-02",18275
"DNAJB8","1.137e-03",16702
"DNAJB9","2.796e-03",25210
"DNAJC1","1.344e-12",30797
"DNAJC10","2.453e-02",24201
"DNAJC12","1.495e-03",16809
"DNAJC13","7.366e-06",27245
"DNAJC16","4.045e-02",23929
"DNAJC17;C15orf62","1.560e-03",16826
"DNAJC25;DNAJC25-GNG10","6.011e-04",25812
"DNAJC27","4.500e-07",28013
"DNAJC30;WBSCR22","2.808e-05",26844
"DNAJC4","6.751e-11",12244
"DNAJC5","7.602e-05",15745
"DNAJC6","6.301e-03",24859
"DNAJC7;CNP","3.032e-17",9629
"DNAJC7;NKIRAS2","1.220e-04",26372
"DNAJC9","2.955e-03",17086
"DNAL1","2.384e-03",25276
"DNALI1","1.246e-10",29903
"DNASE1L1;RPL10","1.764e-03",16875
"DNASE1L1;TAZ","7.928e-07",14409
"DNASE1L2","2.697e-03",17048
"DNASE1L3","7.159e-11",12256
"DNASE2B","1.695e-03",25414
"DNASE2B;UOX","7.164e-09",29022
"DND1;HARS","1.047e-02",17648
"DNM1","1.755e-02",17900
"DNM1L","1.470e-05",27041
"DNM1P35","4.417e-02",18394
"DNM2","1.268e-04",15914
"DNM2;MIR199A1","2.637e-12",30669
"DNM2;MIR638","9.908e-03",24651
"DNM3","2.755e-04",26093
"DNM3;MIR199A2","3.746e-13",31035
"DNMBP","2.310e-05",26904
"DNMT1","2.456e-08",13538
"DNMT3A","2.582e-03",17030
"DNMT3A;MIR1301","1.105e-04",26405
"DNMT3B","3.456e-03",25121
"DNMT3L","1.083e-05",27132
"DNPEP","1.476e-02",24459
"DNTT","5.257e-10",29600
"DOC2B","9.135e-04",16618
"DOCK10","4.612e-03",24997
"DOCK11","3.398e-02",18247
"DOCK1;FAM196A","1.428e-03",25482
"DOCK2;FAM196B","4.016e-02",18340
"DOCK3","2.988e-02",18177
"DOCK5","1.091e-03",25587
"DOCK6","1.941e-02",24322
"DOCK7","4.190e-06",27407
"DOCK7;ANGPTL3","2.529e-02",24185
"DOCK9","2.351e-06",27569
"DOHH","1.097e-03",16688
"DOK1","1.608e-03",25435
"DOK2","2.334e-02",24227
"DOK4","4.919e-02",23817
"DOK6","2.392e-10",29767
"DOK7","1.742e-03",16870
"DONSON","1.460e-05",27043
"DONSON;CRYZL1","3.237e-04",26036
"DOPEY1","1.248e-02",24541
"DOPEY2","1.785e-06",14628
"DOT1L","5.682e-07",14321
"DPAGT1","1.406e-02",24483
"DPF1","8.186e-13",11383
"DPH1","3.095e-02",24077
"DPH3;OXNAD1","1.791e-03",25392
"DPH3B;TCFL5","2.515e-07",14110
"DPH5","4.456e-02",23874
"DPM1","2.684e-03",25227
"DPM2","5.366e-07",14306
"DPP10","7.616e-09",29008
"DPP3","6.126e-04",25805
"DPP4","1.216e-04",26373
"DPP6","2.296e-15",31934
"DPP7","4.295e-02",18378
"DPP9","7.623e-06",15038
"DPPA2","1.804e-06",27642
"DPPA3","3.407e-03",25127
"DPPA4","5.386e-11",30075
"DPRX","2.609e-04",26112
"DPT","2.418e-05",26890
"DPY19L2P2","3.204e-05",15470
"DPY19L2P4","1.548e-10",12415
"DPY19L3","6.076e-04",25808
"DPY19L4","9.159e-04",25654
"DPYS","2.334e-07",28182
"DRAM2;CEPT1","9.135e-04",16618
"DRD3","7.776e-04",25716
"DRD4","2.466e-05",15389
"DRD5","1.054e-02",24622
"DRG1","3.588e-02",23996
"DRGX","2.326e-06",27572
"DRP2","1.450e-08",28859
"DSC1","1.263e-03",25530
"DSC2","2.999e-02",24094
"DSCAM","1.418e-02",24479
"DSCAML1","1.034e-06",27793
"DSCC1","2.485e-09",29261
"DSCR4","9.394e-03",24676
"DSCR8;DSCR4","2.343e-06",27570
"DSCR9","5.266e-08",13721
"DSE","4.046e-05",26730
"DSG1","1.481e-07",28297
"DSG2","1.244e-05",27091
"DSG3","5.893e-03",17384
"DSG4","8.778e-05",26481
"DSP","4.621e-05",26688
"DSTYK","2.728e-08",28710
"DTD1","1.238e-02",17728
"DTHD1","2.772e-05",26848
"DTNA","6.947e-03",24815
"DTNB","1.115e-10",29926
"DTX2","9.413e-05",15815
"DTYMK","1.440e-07",13969
"DULLARD;C17orf81","6.124e-05",26598
"DUOXA1;DUOXA2","2.352e-02",24223
"DUPD1","2.140e-03",25320
"DUS2L","3.358e-04",26023
"DUS2L;DDX28","2.315e-03",25288
"DUSP1","6.441e-07",14354
"DUSP10","4.839e-03",24976
"DUSP13;SAMD8","3.568e-02",23999
"DUSP14","3.217e-02",24056
"DUSP18","2.442e-03",25266
"DUSP19","2.557e-10",29753
"DUSP2","4.971e-07",14286
"DUSP22","1.463e-04",26311
"DUSP23","7.734e-04",16555
"DUSP27","1.118e-06",27772
"DUSP3","4.535e-02",23864
"DUSP3;C17orf105","5.879e-03",17383
"DUSP4","3.479e-02",18260
"DUSP5","1.022e-05",27149
"DUSP5P","5.270e-09",29092
"DUSP6","3.265e-04",26033
"DUSP9","1.974e-05",15321
"DUT","3.407e-08",13616
"DUXA","2.708e-04",26099
"DVL2;PHF23","1.269e-02",17740
"DVL3","4.410e-02",18393
"DYDC1;DYDC2","2.177e-04",16098
"DYDC2","1.068e-09",29447
"DYDC2;DYDC1","9.728e-04",16642
"DYM","1.296e-03",16753
"DYNC1I1","8.898e-04",25665
"DYNC1I2","9.207e-04",25652
"DYNC1LI1","4.896e-07",27991
"DYNC2H1","3.622e-03",17172
"DYNC2LI1","1.245e-02",24542
"DYNLL1","3.228e-04",16236
"DYNLRB2","1.944e-04",26214
"DYNLT3","3.461e-06",14812
"DYRK1A","3.450e-05",26780
"DYRK1B","6.685e-11",12242
"DYRK3","1.879e-07",14036
"DYRK4","1.226e-08",28898
"DYSF","3.761e-03",17188
"DYSFIP1","5.446e-03",24924
"DYTN","1.319e-02",17759
"DZIP1","8.595e-06",15073
"DZIP1L","1.058e-05",27139
"DZIP3","6.379e-04",25790
"DZIP3;KIAA1524","4.633e-03",17278
"E2F1","3.538e-11",12113
"E2F2","1.188e-07",13921
"E2F3","1.030e-03",25609
"E2F5","1.125e-03",25575
"E2F6","3.227e-03",17123
"E2F7","1.167e-05",27110
"E2F8","4.953e-02",18460
"E4F1","1.366e-02",17776
"E4F1;DNASE1L2","9.971e-03",17625
"EAPP","7.259e-09",29019
"EBF1","1.288e-07",28332
"EBF2","1.519e-13",31200
"EBF3","2.053e-03",25337
"EBI3","3.537e-08",13625
"EBP","5.148e-04",16404
"ECE1","2.310e-05",15369
"ECE2;CAMK2N2","9.452e-04",16631
"ECEL1P2","3.359e-03",25133
"ECHDC1","4.769e-02",23835
"ECHS1","1.139e-06",14506
"ECM1;TARS2","4.687e-02",23845
"ECSCR","1.279e-02",24529
"ECSIT","5.663e-04",25834
"ECSIT;ZNF653","1.185e-16",9848
"ECT2","6.394e-09",13225
"ECT2L","8.334e-06",27209
"EDA2R","4.059e-02",23927
"EDAR","5.986e-06",14968
"EDEM2","3.176e-02",24063
"EDEM3","7.437e-03",24784
"EDF1","7.196e-03",17474
"EDIL3","4.459e-15",31821
"EDN1","3.821e-05",26748
"EDN3","1.996e-04",26205
"EDNRA","9.555e-12",30420
"EDNRB","2.301e-06",27575
"EEA1","5.294e-09",29091
"EED","2.171e-05",26923
"EEF1A1","2.030e-08",28780
"EEF1AL7","4.486e-12",30567
"EEF1D","1.960e-02",17956
"EEF1DP3","9.849e-06",27160
"EEF1E1","2.857e-02",24120
"EEF1G;TUT1","2.640e-05",15410
"EEF2","4.341e-04",16342
"EEF2;SNORD37","9.627e-04",16638
"EEFSEC","1.744e-02",24376
"EFCAB1","2.094e-03",25329
"EFCAB2","1.114e-06",27773
"EFCAB6","5.373e-03",24930
"EFCAB7","1.395e-04",26327
"EFCAB7;DLEU2L","2.988e-02",18177
"EFEMP1","1.443e-06",27703
"EFHA1","2.018e-03",25344
"EFHB","2.715e-06",27529
"EFHC1","1.599e-06",27675
"EFHD2","4.278e-10",12629
"EFNA1","1.903e-02",17941
"EFNA2","4.945e-02",18459
"EFNA4","2.844e-05",15433
"EFNA5","6.093e-04",25807
"EFNB2","2.646e-03",25233
"EFNB3","2.074e-07",14061
"EFTUD1","5.742e-06",27317
"EFTUD1;FAM154B","1.094e-02",24604
"EFTUD2","4.250e-02",18372
"EGF","6.713e-04",25771
"EGFL6","3.880e-12",30595
"EGFL7;MIR126","3.450e-08",13619
"EGFR","5.659e-03",17366
"EGLN1","1.616e-07",28275
"EGLN2","2.150e-05",15347
"EGLN3","1.395e-02",17786
"EGR1","4.016e-04",16314
"EGR2","6.032e-08",13754
"EGR3","2.203e-02",24257
"EGR4","1.560e-03",16826
"EHBP1","7.751e-07",27870
"EHBP1L1","4.995e-04",16393
"EHD2","2.739e-04",16178
"EHD3","2.467e-02",18075
"EHF","1.365e-12",11479
"EHHADH","1.454e-04",15960
"EHMT1","1.326e-06",14547
"EHMT1;FLJ40292","7.933e-11",12277
"EHMT2","1.544e-02",17836
"EHMT2;SLC44A4","1.312e-05",15198
"EI24","1.152e-04",26391
"EID3;TXNRD1","5.423e-05",15636
"EIF1AD","8.256e-03",17537
"EIF1AX","9.638e-03",24664
"EIF1AY","3.351e-03",25134
"EIF1B","2.144e-02",24271
"EIF2AK3","2.303e-02",24234
"EIF2AK4","4.258e-02",18373
"EIF2B1","1.019e-02",17635
"EIF2B3","5.770e-11",12212
"EIF2B4;SNX17","4.401e-04",25926
"EIF2C1","1.264e-02",24535
"EIF2C2","2.873e-02",24117
"EIF2C3","9.097e-03",24691
"EIF2S1;ATP6V1D","2.657e-07",28149
"EIF3D","8.482e-10",12776
"EIF3E","9.933e-04",25623
"EIF3G","1.714e-06",14617
"EIF3G;P2RY11","1.295e-02",24523
"EIF3H","3.719e-15",31852
"EIF3IP1","1.066e-07",28379
"EIF3J","1.041e-03",16668
"EIF4A1","4.497e-03",25008
"EIF4A1;CD68","2.548e-05",15399
"EIF4A1;SENP3","2.329e-02",18045
"EIF4A1;SNORA67","8.885e-05",15796
"EIF4A1;SNORA67;SNORD10","6.465e-07",14355
"EIF4A1;SNORD10;SNORA67","1.545e-03",16822
"EIF4A2","5.095e-08",13713
"EIF4E","4.359e-09",13138
"EIF4E1B;SNCB","5.617e-04",25837
"EIF4E3","1.457e-11",30337
"EIF4EBP1","2.203e-02",24257
"EIF4EBP2","1.045e-02",17647
"EIF4EBP3;ANKHD1-EIF4EBP3","1.730e-04",16019
"EIF4G1","1.859e-03",16896
"EIF4G1;SNORD66","1.914e-02",17944
"EIF4G2","8.863e-06",15082
"EIF4G2;SNORD97","2.268e-02",18031
"EIF4G3","3.013e-09",29218
"EIF4H","6.825e-03",17450
"EIF6","1.182e-05",27106
"ELAVL2","3.867e-09",29162
"ELAVL4","5.002e-12",30546
"ELF1","1.855e-02",17928
"ELF3","8.455e-15",10562
"ELFN1","3.070e-03",17102
"ELFN2","5.775e-03",17375
"ELK3","3.144e-06",27488
"ELK4","1.065e-02",24617
"ELL2","5.204e-04",25865
"ELL3","3.448e-03",17151
"ELMO1","1.770e-10",29830
"ELMOD1","1.012e-02",24641
"ELMOD1;LOC643923","1.240e-02",24544
"ELOVL1","2.251e-05",26912
"ELOVL3","4.421e-10",12636
"ELOVL6","2.385e-06",27565
"ELOVL7","2.815e-02",24128
"ELP2","7.149e-05",26548
"ELP2P;GEMIN4","2.349e-03",16991
"ELP4","1.545e-05",27026
"ELTD1","2.724e-15",31905
"EMB","1.390e-13",31216
"EMCN","1.702e-05",26997
"EMD","3.732e-09",13103
"EME1","2.347e-04",16124
"EME1;LRRC59","4.711e-02",23842
"EME2","7.615e-08",13811
"EMID2","1.006e-02",24644
"EMILIN1","6.260e-04",25797
"EML2","8.602e-03",24717
"EML3;ROM1","1.578e-02",24426
"EML4","4.497e-03",17265
"EML6","1.844e-02",24348
"EMP1","6.207e-08",28512
"EMP3","1.288e-07",13941
"EMR1","1.616e-07",28275
"EMR2","7.134e-07",27892
"EMX2;EMX2OS","5.294e-12",30535
"EMX2OS","1.904e-05",26963
"EMX2OS;EMX2","3.718e-11",30150
"EN1","3.341e-05",26790
"EN2","3.379e-02",24029
"ENAH","4.402e-02",23881
"ENAM","1.068e-09",29447
"ENC1","7.664e-07",27873
"ENDOD1","2.497e-08",28731
"ENDOG","7.307e-03",17481
"ENG","2.899e-04",16198
"ENKUR","6.094e-03",24874
"ENO1","4.563e-05",15581
"ENO2","1.225e-03",16731
"ENO2;ATN1","4.486e-03",25009
"ENOSF1","6.825e-05",15710
"ENOX1","5.788e-03",24897
"ENOX2","1.355e-02",17772
"ENPEP","4.126e-08",28611
"ENPP1","7.957e-03",24753
"ENPP3;CTAGE9","4.773e-03",24982
"ENPP4","4.110e-02",18353
"ENPP5","1.894e-04",16050
"ENPP6","1.745e-10",29833
"ENTHD1","5.205e-03",24944
"ENTPD1","6.362e-08",28506
"ENTPD2","9.602e-04",16637
"ENTPD6","3.305e-06",27474
"ENTPD7","8.683e-06",27197
"ENTPD7;COX15","1.244e-03",16737
"ENTPD8","6.039e-07",14337
"ENY2;NUDCD1","9.908e-03",24651
"EOMES","1.088e-07",28374
"EP300","1.566e-05",15251
"EPB41;TMEM200B","1.046e-03",25603
"EPB41L1","2.833e-08",13572
"EPB41L2","3.407e-08",28657
"EPB41L3","1.663e-02",24400
"EPB41L5","9.413e-05",26458
"EPB42","4.196e-03",17235
"EPB49","1.253e-02",24539
"EPC1","6.810e-03",24824
"EPCAM","2.505e-02",18083
"EPCAM;MIR559","4.109e-03",25047
"EPDR1","1.602e-14",31600
"EPGN","1.473e-02",17813
"EPHA1","2.596e-02",18102
"EPHA10","2.119e-03",25324
"EPHA3","1.867e-04",26228
"EPHA4","4.248e-07",28028
"EPHA5","9.328e-06",27176
"EPHB1","1.633e-02",24409
"EPHB6","5.305e-07",27970
"EPHX1","1.949e-02",17953
"EPHX2","2.906e-03",25194
"EPHX3","4.577e-05",15582
"EPHX4","1.409e-02",24482
"EPN1","2.651e-12",11605
"EPO","3.336e-03",17137
"EPPK1","1.967e-04",16063
"EPR1","1.968e-03",25354
"EPS15","8.231e-07",27854
"EPS15L1","1.999e-02",17966
"EPS8L1","2.411e-02",18063
"EPS8L2","3.833e-09",13109
"EPSTI1","8.359e-05",15776
"EPYC","4.691e-08",28580
"ERAP1","3.779e-03",17190
"ERAP2","2.623e-09",29249
"ERBB2IP;LOC100303749","4.702e-04",25902
"ERBB3","1.541e-02",17835
"ERBB4","8.690e-04",25674
"ERCC1;CD3EAP","7.193e-05",15727
"ERCC3","6.910e-05",26559
"ERCC4","2.957e-04",26068
"ERCC5","2.171e-05",26923
"ERCC6","5.088e-03",24954
"EREG","1.109e-14",31664
"ERG","9.645e-05",26450
"ERGIC1","1.221e-12",30815
"ERH;SLC39A9","1.108e-02",17675
"ERI3","5.336e-03",24933
"ERICH1","1.099e-03",16689
"ERLIN1","4.720e-02",18432
"ERLIN2","2.700e-04",26100
"ERMAP","1.525e-05",27030
"ERMN","4.555e-11",30109
"ERN1","2.651e-02",24160
"ERN2","2.471e-04",26131
"ERO1L","1.752e-06",27650
"ERP29","1.366e-05",15210
"ERRFI1","9.195e-03",17587
"ESCO1","2.853e-05",15434
"ESCO2;CCDC25","1.812e-05",26978
"ESD","4.198e-02",23908
"ESM1","3.298e-05",26794
"ESPN","8.220e-03",24738
"ESPNL;SCLY","3.483e-04",16263
"ESPNP","4.243e-02",18371
"ESRRB","1.720e-02",24383
"ESRRG","2.457e-07",28169
"ESYT2","5.845e-05",26613
"ETNK1","5.158e-05",26653
"ETS1","1.454e-04",26313
"ETV3L","9.058e-03",24693
"ETV4","4.324e-03",17248
"ETV6","1.476e-03",16804
"ETV7","3.181e-03",17117
"EVC","1.623e-02",24412
"EVI5","1.949e-02",24320
"EVL","7.453e-03",24783
"EVX1","6.394e-06",27286
"EVX2","2.125e-06",27597
"EXD3;NOXA1","2.486e-02",18079
"EXO1","2.850e-07",28131
"EXOC2","1.041e-03",25605
"EXOC2;HUS1B","8.945e-04",25663
"EXOC3;C5orf55","4.058e-08",13658
"EXOC3L","3.352e-05",26789
"EXOC3L2","6.248e-07",14346
"EXOC6","1.188e-03",25554
"EXOC6B","4.234e-06",27404
"EXOC8","1.651e-04",26270
"EXOSC10","1.222e-02",17722
"EXOSC2","2.253e-07",28191
"EXOSC3","1.173e-02",17702
"EXOSC4","2.627e-03",25236
"EXOSC6","2.624e-04",26110
"EXOSC9","4.028e-04",25958
"EXPH5","8.473e-03",17549
"EXT1","1.963e-07",28226
"EXTL1","1.755e-02",17900
"EXTL2","3.225e-05",26801
"EXTL3","8.334e-06",27209
"EYA1","9.089e-10",29482
"EYA2","1.735e-04",16020
"EYA3","2.697e-03",25225
"EYS","2.514e-04",26125
"EZH1","5.961e-12",11761
"EZR","4.085e-15",10437
"F11","5.769e-07",27948
"F11R","1.149e-04",15881
"F13A1","3.144e-03",25161
"F13B","6.290e-10",29561.5
"F2R","1.917e-05",26961
"F2RL1","2.353e-07",28180
"F2RL2;IQGAP2","1.347e-02",24504
"F3","2.601e-03",25240
"F5","1.866e-10",29819
"F7","1.295e-04",15921
"F8","1.316e-06",27728
"F8;F8A3;F8A1;F8A2","3.178e-07",14170
"F9","7.117e-03",24804
"FA2H","1.600e-08",28836
"FAAH2","4.212e-08",13667
"FABP1","6.053e-03",24877
"FABP2","7.019e-06",27259
"FABP4","1.253e-04",26363
"FABP5","4.324e-03",25025
"FABP6","3.352e-03",25134
"FABP7","1.135e-08",28916
"FABP9","1.079e-04",26413
"FADS2","2.183e-13",11139
"FAF1","1.759e-05",15286
"FAHD1","7.349e-05",15734
"FAHD1;C16orf73","9.360e-06",27175
"FAHD2B","7.888e-03",24757
"FAIM3","3.055e-03",25173
"FAIM3;IL24","6.107e-03",17400
"FAM100A","2.399e-07",14098
"FAM101B","3.142e-07",14167
"FAM102B","3.077e-03",25170
"FAM103A1","1.920e-03",16909
"FAM104A","1.795e-03",16882
"FAM105B","2.589e-03",17031
"FAM106A","1.428e-04",26319
"FAM107A","1.400e-02",24485
"FAM108A1","4.535e-07",14262
"FAM108C1","2.013e-08",13491
"FAM109B","3.530e-02",18268
"FAM10A4","4.387e-02",18390
"FAM110A","1.452e-07",13971
"FAM110B","6.544e-03",24842
"FAM110C","9.822e-05",26444
"FAM111A","2.883e-04",26077
"FAM111B","8.310e-03",24733
"FAM114A1","2.136e-05",26928
"FAM114A2","3.492e-02",24011
"FAM115A","1.146e-02",24582
"FAM117B","1.877e-02",24339
"FAM118B","6.840e-03",17451
"FAM119A","5.608e-03",24911
"FAM120A","1.231e-04",26369
"FAM120AOS","3.674e-03",17178
"FAM120B","2.091e-02",24284
"FAM122B;FAM122C","9.328e-05",15812
"FAM122C","4.527e-02",23865
"FAM123A","3.123e-02",24072
"FAM123B","3.084e-03",17104
"FAM123C","5.422e-04",25850
"FAM124B","1.887e-07",28236
"FAM126A","2.739e-04",26095
"FAM126B","9.016e-04",25660
"FAM127B","7.291e-03",17480
"FAM127C","3.362e-05",15485
"FAM128A","8.724e-05",15790
"FAM128B","2.955e-03",25187
"FAM129A","1.539e-09",29367
"FAM12A","3.626e-07",28069
"FAM12B","6.877e-04",25762
"FAM131A","3.511e-02",18265
"FAM132A","4.548e-05",15580
"FAM133A;NAP1L3","2.994e-17",32646
"FAM133B","4.486e-03",25009
"FAM134C;TUBG1","1.983e-02",24311
"FAM135B","3.746e-13",31035
"FAM138E","1.410e-03",16786
"FAM13A","3.944e-05",26738
"FAM13C","2.774e-08",28706
"FAM149A","2.492e-04",26128
"FAM150B","1.440e-07",13969
"FAM153B","1.194e-03",25552
"FAM153C","1.287e-02",24526
"FAM154A","1.637e-03",25428
"FAM154B","7.064e-04",25752
"FAM155A","1.079e-05",27133
"FAM157A","1.704e-03",16861
"FAM159A","1.349e-14",10643
"FAM159B","2.899e-04",26075
"FAM160A1","2.443e-04",16138
"FAM160A2","3.606e-03",25103
"FAM160B1","8.714e-03",24711
"FAM160B2","2.365e-09",13001
"FAM161A","6.243e-04",25798
"FAM161B","2.305e-08",28750
"FAM162B","3.252e-02",24050
"FAM164C","2.810e-02",18144
"FAM165B","2.940e-07",14150
"FAM166B","9.280e-07",27822
"FAM167A","1.819e-02",17918
"FAM169A","1.585e-10",29853
"FAM170A","3.095e-09",29212
"FAM170B","9.350e-07",27820
"FAM171A1","6.376e-05",26585
"FAM171A2","1.635e-06",27669
"FAM171B","2.692e-04",26101
"FAM172A","6.343e-03",24856
"FAM173A","3.649e-22",7946
"FAM173B","8.885e-03",17571
"FAM174A","6.596e-06",27277
"FAM175B","4.031e-02",23931
"FAM177B","2.027e-05",26944
"FAM178B","3.753e-02",23971
"FAM180A","6.886e-03",17454
"FAM180B","3.077e-04",26054
"FAM181A","7.180e-03",24800
"FAM183A","3.204e-03",17120
"FAM183B","6.258e-08",28510
"FAM184A","3.557e-07",28074
"FAM184A;MIR548B","4.189e-05",26719
"FAM184B","1.725e-04",16018
"FAM185A","6.483e-04",25784
"FAM186A","2.763e-02",24138
"FAM186B","2.478e-03",25260
"FAM187B","1.747e-03",25402
"FAM188A","1.697e-17",32736
"FAM188B","1.053e-09",29450
"FAM189A1","1.933e-04",26216
"FAM189A2","1.426e-02",17797
"FAM189B","3.170e-02",24064
"FAM18A","2.520e-10",29756
"FAM18B","1.487e-07",13977
"FAM18B2","5.742e-06",27317
"FAM190A","1.861e-05",26970
"FAM190B","3.606e-03",25103
"FAM193A","2.000e-05",15325
"FAM193B","1.845e-03",25380
"FAM194B","3.330e-05",26791
"FAM195B","1.919e-06",14648
"FAM197Y2","5.709e-04",25831
"FAM197Y2;TSPY4","4.490e-03",25001
"FAM198B","8.653e-15",31707
"FAM19A1","4.463e-12",30568
"FAM19A2","3.005e-08",28687
"FAM19A3","1.202e-02",17714
"FAM19A4","1.517e-07",28291
"FAM19A5","6.239e-05",26592
"FAM20A","1.098e-06",27777
"FAM20B","3.077e-06",27494
"FAM20C","1.498e-03",25463
"FAM21A","1.959e-03",16917
"FAM22D","1.830e-02",24352
"FAM24A","1.146e-07",28361
"FAM24B","4.576e-08",28586
"FAM24B;LOC399815","6.593e-09",13232
"FAM26D;BET3L","2.043e-03",16934
"FAM26E;BET3L","1.085e-11",30395
"FAM27L","6.011e-04",25812
"FAM32A","1.293e-02",24524
"FAM35A","9.950e-06",15116
"FAM35B2","5.791e-07",27947
"FAM3B","2.033e-05",15330
"FAM40B","1.152e-04",26391
"FAM41AY2;FAM41AY1","7.833e-06",27189
"FAM43A","3.068e-08",13591
"FAM43B","3.620e-02",23991
"FAM46B","1.197e-03",16722
"FAM46C","3.174e-05",26806
"FAM46D","2.292e-06",27576
"FAM47A","8.568e-08",28433
"FAM47B","5.623e-06",27323
"FAM47C","7.664e-07",27873
"FAM47E","5.008e-03",24961
"FAM48A","2.857e-03",25201
"FAM48B2","1.454e-03",25475
"FAM49A","2.005e-10",29804
"FAM49B","1.759e-05",26987
"FAM50A","2.731e-11",12061
"FAM50B","8.464e-04",25684
"FAM53A","3.995e-02",23936
"FAM53B","4.006e-10",12615
"FAM53C","1.704e-03",25412
"FAM54A","1.878e-03",25373
"FAM55A","4.535e-07",28011
"FAM55C","2.025e-04",26200
"FAM55D","9.805e-04",25628
"FAM57A","2.467e-02",18075
"FAM57B","7.911e-05",26515
"FAM59A","3.988e-02",23937
"FAM59B","5.170e-03",24947
"FAM5B","2.395e-20",33731
"FAM5C","2.762e-13",31091
"FAM60A","2.857e-02",24120
"FAM60A;FLJ13224","3.048e-03",17099
"FAM63A","7.673e-04",25721
"FAM63A;PRUNE","1.877e-04",26226
"FAM63B","5.322e-05",26643
"FAM65B","1.220e-04",26372
"FAM65C","3.005e-03",17093
"FAM66A","5.648e-04",25835
"FAM66B","1.213e-04",26374
"FAM66C","4.212e-08",28606
"FAM66D","6.076e-04",25808
"FAM66D;LOC392196","1.785e-06",27645
"FAM66D;USP17L2","3.118e-02",24073
"FAM66E","1.378e-03",25496
"FAM69A","5.697e-03",24904
"FAM69C","3.227e-03",17123
"FAM71A","2.178e-03",25313
"FAM71B","2.259e-02",24244
"FAM71C;ANKS1B","8.643e-07",27841
"FAM71D","3.946e-06",27424
"FAM71F2","1.435e-03",16793
"FAM72B","3.428e-05",26782
"FAM73A","5.245e-07",27973
"FAM74A3","1.417e-06",14565
"FAM75C1","1.015e-04",26433
"FAM76A","1.677e-08",13448
"FAM78A","2.570e-03",17028
"FAM78B","4.058e-08",28615
"FAM7A2;FAM7A1","2.481e-02",24195
"FAM81B","5.050e-04",25876
"FAM82A2","1.468e-03",16802
"FAM82B","9.452e-04",25642
"FAM83A","2.443e-02",18070
"FAM83C","1.045e-02",17647
"FAM83C;EIF6","2.448e-03",25265
"FAM83E","1.480e-05",27039
"FAM83E;SPACA4","3.674e-04",25991
"FAM83F","4.752e-02",18436
"FAM83H","1.963e-03",16918
"FAM84B","4.090e-03",17224
"FAM86B2","3.800e-02",23964
"FAM86C","8.233e-05",26502
"FAM86D","1.420e-02",24478
"FAM89A;MIR1182","3.595e-10",29681
"FAM89B","6.376e-05",15688
"FAM8A1","3.513e-03",25114
"FAM90A10","2.922e-02",24108
"FAM90A13;FAM90A14","2.750e-03",25217
"FAM90A7","3.572e-03",25107
"FAM90A9","3.017e-04",26061
"FAM91A1","2.478e-04",26130
"FAM92A3","9.971e-03",17625
"FAM92B","2.582e-02",18099
"FAM96A","1.378e-04",26331
"FAM98A","1.682e-03",25417
"FAM98B","2.790e-03",25211
"FAM9B","1.041e-03",25605
"FAM9C","4.505e-05",26696
"FANCA","1.420e-04",15952
"FANCB","6.376e-05",26585
"FANCC","7.127e-05",15724
"FANCD2;C3orf24","2.564e-03",25246
"FANCF","3.246e-05",26799
"FANCI","1.529e-04",26296
"FANCL","4.161e-02",23913
"FANK1","6.791e-10",29545
"FAR1","1.655e-04",16004
"FARP1","3.178e-06",27485
"FARP1;RNF113B","8.683e-06",27197
"FARP2","1.038e-03",16667
"FARS2","4.951e-03",24966
"FAS","1.195e-08",13369
"FAS;ACTA2","1.772e-08",13461
"FASN","1.261e-04",15912
"FASTK;TMUB1","1.585e-02",17849
"FASTKD5;UBOX5","1.941e-02",24322
"FAT1","9.175e-03",24687
"FAT2","6.297e-05",15684
"FAT3","6.718e-11",30030
"FAT4","1.952e-02",24319
"FBF1","1.271e-02",17741
"FBL;DYRK1B","9.495e-03",17602
"FBLIM1","6.710e-08",28493
"FBLN1","1.941e-02",17951
"FBLN2","5.933e-08",13750
"FBLN5","4.785e-02",23833
"FBN1","4.741e-03",24985
"FBN2","3.130e-04",26048
"FBN3","3.217e-02",18217
"FBP2","7.970e-13",30895
"FBRS","5.508e-05",15641
"FBXL13","1.481e-07",28297
"FBXL14","3.430e-09",13084
"FBXL15","3.355e-02",24033
"FBXL17","2.079e-06",27603
"FBXL18","3.736e-04",25985
"FBXL2","1.459e-02",24465
"FBXL20","6.225e-07",14345
"FBXL22","4.914e-04",25886
"FBXL3","3.911e-02",23948
"FBXL5","5.290e-04",16414
"FBXL6;C8ORFK29","6.551e-06",27279
"FBXL7","7.835e-08",28455
"FBXL8","2.960e-02",24101
"FBXO10","9.215e-05",15808
"FBXO11","1.148e-10",12353
"FBXO15","5.154e-06",27348
"FBXO16","5.648e-04",25835
"FBXO17","4.789e-08",13698
"FBXO22","1.272e-04",26358
"FBXO24","4.413e-04",25925
"FBXO27","2.826e-02",18147
"FBXO2;FBXO44","8.584e-03",17555
"FBXO3","2.676e-06",27533
"FBXO30","3.318e-02",24039
"FBXO32","2.639e-03",17039
"FBXO33","5.135e-03",24950
"FBXO34","9.638e-03",17609
"FBXO36","1.333e-02",17764
"FBXO39","2.000e-13",31150
"FBXO39;XAF1","8.441e-04",25685
"FBXO40","9.491e-07",27816
"FBXO43","3.848e-02",18316
"FBXO44","1.158e-03",25564
"FBXO46","1.321e-06",14546
"FBXO47","3.682e-03",17179
"FBXO6","9.828e-11",12321
"FBXO7","3.164e-02",24065
"FBXW10","1.153e-15",32050
"FBXW11","2.581e-10",12522
"FBXW12","4.061e-04",25955
"FBXW5","1.624e-18",9172
"FBXW8","6.112e-06",27299
"FCAMR","2.731e-09",29240
"FCAR","1.389e-02",24489
"FCER1A","8.437e-03",24726
"FCER1G","2.983e-04",26065
"FCF1","7.432e-04",16540
"FCGBP","1.354e-08",28875
"FCGR1A","7.180e-03",24800
"FCGR1B","2.099e-03",25328
"FCGR1C","5.067e-07",27982
"FCGR2A","2.814e-06",27519
"FCGRT","2.826e-02",24126
"FCHO2","2.770e-03",25214
"FCHSD1","5.008e-03",17312
"FCHSD1;RELL2","6.602e-03",17435
"FCHSD2","3.367e-03",25132
"FCN1","1.161e-03",25563
"FCN2","6.573e-03",24840
"FCN3","8.178e-04",25697
"FCRL1","3.205e-02",24058
"FDPS","2.742e-02",24142
"FDX1","5.556e-09",29080
"FDX1L;RAVER1","1.155e-05",15160
"FECH","7.127e-05",26549
"FEN1","7.453e-03",17490
"FER","3.505e-03",17158
"FER1L4","3.925e-02",18327
"FER1L5","1.055e-03",25600
"FER1L6","2.997e-03",25181
"FERD3L","1.180e-08",28907
"FEZ2","1.299e-05",27078
"FEZF2","3.828e-02",23960
"FFAR2","8.805e-04",16604
"FGB","6.518e-04",25782
"FGD3","1.248e-02",24541
"FGD4","5.312e-03",24935
"FGD6","2.667e-07",14125
"FGF1","3.152e-02",24067
"FGF10","1.578e-10",29854
"FGF12","1.396e-03",25491
"FGF13","3.859e-03",25074
"FGF14","4.702e-04",25902
"FGF16","1.559e-08",28842
"FGF17","1.054e-02",24622
"FGF22","2.254e-04",16110
"FGF5","1.354e-04",26337
"FGF7;C15orf33","1.271e-02",24532
"FGF8","3.748e-05",15519
"FGFBP2","2.476e-02",24196
"FGFR1","5.440e-05",26636
"FGFR1OP2","2.073e-03",25333
"FGFR2","1.597e-02",17853
"FGFR3","4.431e-07",14256
"FGFR4","7.623e-06",15038
"FGFRL1","1.244e-03",16737
"FGG","2.858e-04",26080
"FGGY","2.987e-11",30194
"FGL2;CCDC146","3.388e-06",27467
"FHAD1","2.841e-02",18150
"FHIT","2.617e-04",26111
"FHL1","2.633e-03",17038
"FHL2","1.141e-07",13911
"FHL3","1.926e-06",27624
"FHL5","2.073e-04",26192
"FIBCD1","5.775e-03",17375
"FIBIN","2.253e-07",28191
"FIBP","3.330e-02",24037
"FICD","1.042e-02",17646
"FIG4","4.118e-04",25950
"FIGF","6.315e-03",24858
"FIGLA","3.596e-05",26767
"FIGN","1.603e-05",27015
"FIGNL1","1.927e-04",16056
"FIGNL2","2.834e-04",16190
"FILIP1","1.257e-04",26362
"FIP1L1","1.405e-09",29387
"FITM1","7.618e-03",24773
"FKBP10","2.062e-02",17982
"FKBP10;SC65","1.713e-02",17888
"FKBP14","2.298e-02",24235
"FKBP15","1.656e-02",24402
"FKBP2","2.730e-03",25220
"FKBP4","4.149e-17",9679
"FKBP5;LOC285847","5.995e-04",16460
"FKBP6","1.479e-02",24458
"FKBP6;TRIM50","7.755e-06",15043
"FKBP8","3.252e-02",18223
"FKBP9","9.733e-05",26447
"FKBP9L","1.378e-04",15942
"FKRP","3.996e-03",25059
"FKTN","2.502e-03",25256
"FLAD1","4.421e-05",15571
"FLCN","2.565e-04",16155
"FLG2","2.997e-03",17092
"FLI1","7.149e-05",26548
"FLII","3.231e-15",10397
"FLJ10213;PPP4R2","9.434e-03",24674
"FLJ12825","1.823e-04",26236
"FLJ12825;LOC100240735","1.236e-06",27745
"FLJ13197;KLF3","2.776e-03",25213
"FLJ20184","9.097e-03",17582
"FLJ22536","4.936e-05",26667
"FLJ23834","3.142e-07",28106
"FLJ23867","8.193e-06",15059
"FLJ23867;QSOX1","2.338e-03",16989
"FLJ25006","1.818e-04",26237
"FLJ25006;KIAA0100","4.334e-03",17249
"FLJ25006;LOC645851","1.618e-09",12917
"FLJ25328","1.312e-05",27075
"FLJ25363","3.686e-02",23981
"FLJ25758","5.946e-03",17388
"FLJ26850","4.672e-17",32575
"FLJ30058","2.013e-05",26946
"FLJ31306;ARID4A","8.514e-05",26491
"FLJ34503","3.994e-05",26734
"FLJ35024","3.026e-03",25177
"FLJ35220","4.896e-07",27991
"FLJ35220;LOC100294362","1.660e-02",24401
"FLJ35390;RASA4P","5.853e-03",17381
"FLJ36000","4.483e-08",28591
"FLJ36777","3.895e-04",25970
"FLJ37307","1.094e-03",25586
"FLJ37453","8.419e-07",14425
"FLJ37543","1.531e-02",24441
"FLJ39582","1.708e-03",25411
"FLJ39609","4.954e-04",16390
"FLJ40125","8.004e-16",10162
"FLJ40330","3.897e-17",9669
"FLJ40852","2.422e-11",30236
"FLJ41856","1.061e-05",15135
"FLJ42627","1.401e-06",14562
"FLJ42875","5.621e-03",24910
"FLJ43390","2.171e-06",27591
"FLJ44635","5.048e-07",27983
"FLJ45445","1.077e-03",25592
"FLJ45983;GATA3","9.739e-10",29467
"FLJ46111","4.587e-04",16362
"FLJ46321","7.701e-03",24768
"FLJ46361","9.177e-07",27825
"FLJ90757","1.143e-02",24583
"FLNA","2.365e-09",13001
"FLNB","5.742e-08",13742
"FLNC","1.027e-02",17639
"FLOT1","2.260e-06",14693
"FLOT2","7.159e-04",16526
"FLOT2;DHRS13","2.418e-07",14100
"FLRT1;MACROD1","6.176e-06",27296
"FLRT2","2.899e-11",30200
"FLRT3;MACROD2","6.677e-04",25773
"FLT1","1.073e-06",27783
"FLT3LG","5.406e-05",26638
"FLVCR1","3.960e-02",23941
"FLVCR2","2.495e-02",24192
"FLYWCH1","3.959e-03",17210
"FLYWCH2","7.651e-03",24771
"FMN2","1.139e-13",31252
"FMNL1","7.767e-05",15752
"FMNL2","5.471e-03",24922
"FMNL3","2.798e-10",29734
"FMO2","3.068e-08",28682
"FMO3","1.258e-10",29901
"FMO4;TOP1P1","1.291e-04",26353
"FMO5","2.999e-02",24094
"FMR1NB","4.234e-06",27404
"FN1","1.553e-06",27683
"FNBP1","4.671e-02",23847
"FNDC1","8.858e-05",26478
"FNDC3A","7.387e-09",29015
"FNDC7","2.639e-03",25234
"FNTA","2.058e-03",16937
"FNTB","1.542e-04",26293
"FOLH1","4.664e-05",26685
"FOLR3","4.843e-02",23826
"FOSB","2.617e-04",16162
"FOXA1","1.336e-09",12875
"FOXA2","1.177e-11",30379
"FOXB2","3.950e-10",29661
"FOXC2","2.123e-02",17997
"FOXD3","1.535e-13",11075
"FOXD4","4.305e-04",25934
"FOXD4L1","2.273e-04",26160
"FOXD4L3","4.633e-03",24995
"FOXD4L5","2.709e-05",26855
"FOXD4L6","1.389e-03",25493
"FOXE1","3.428e-05",15491
"FOXE3","4.264e-07",14246
"FOXI1","3.203e-07",14172
"FOXI2","5.754e-05",26618
"FOXI3","9.076e-05",26470
"FOXJ1","1.549e-03",25450
"FOXK2","4.951e-03",17307
"FOXN2","3.673e-02",18290
"FOXN3","6.588e-03",24839
"FOXO1","1.053e-04",15852
"FOXP1;MIR1284","5.566e-15",31783
"FOXP3","4.295e-06",27400
"FOXP4","1.991e-02",17964
"FOXR1","2.764e-06",27524
"FOXRED1","6.614e-07",27912
"FOXRED1;SRPR","2.985e-05",26825
"FOXRED2","5.264e-24",7368
"FOXS1","2.388e-02",18058
"FPR2","5.982e-08",28521
"FPR3","2.960e-09",29222
"FRAS1","8.397e-04",25687
"FRAT1","5.361e-03",24931
"FRAT2","1.085e-03",25589
"FREM2","1.306e-06",27730
"FREM3","1.159e-10",29918
"FREQ","1.319e-07",13947
"FRG1","1.446e-03",25477
"FRG2","6.646e-03",24835
"FRG2B","5.076e-03",24955
"FRG2C","8.969e-04",25662
"FRK","2.190e-02",18013
"FRMD1","2.916e-04",26073
"FRMD4A","1.128e-04",26398
"FRMD4B","1.699e-03",16860
"FRMD5","1.222e-02",24551
"FRMD7","5.322e-05",26643
"FRMD8","2.795e-07",14137
"FRMPD2;FRMPD2L1","2.003e-03",25347
"FRMPD2L1;FRMPD2L2","2.049e-04",26196
"FRMPD4","1.290e-02",24525
"FRS2","1.020e-03",25613
"FRY","1.366e-04",26334
"FRYL","8.771e-03",24708
"FRZB","8.436e-05",26494
"FSCB","1.227e-05",27095
"FSCN1","1.513e-02",17826
"FSCN2","5.053e-03",17316
"FSCN3","1.447e-02",24469
"FSD1","1.783e-02",17908
"FSD1;TMIGD2","4.293e-04",16338
"FSD1L","1.038e-03",16667
"FSD2","3.041e-03",25175
"FSHB","1.222e-02",24551
"FST","2.087e-02",24285
"FSTL1","2.338e-02",24226
"FSTL3","7.892e-20",8717
"FSTL4","2.562e-02",24178
"FSTL5","1.580e-11",30321
"FTCD","1.283e-03",16749
"FTH1","1.436e-05",15225
"FTHL3;PPM1G","2.652e-03",17041
"FTMT","6.397e-11",30040
"FTO","7.809e-06",27228
"FTO;RPGRIP1L","3.024e-05",26821
"FTSJ2","1.597e-02",24420
"FTSJD2","8.099e-10",29507
"FUCA2","2.087e-02",24285
"FUNDC2","2.199e-02",18015
"FUS","3.005e-03",17093
"FUT10","8.306e-06",27210
"FUT11","1.729e-03",16867
"FUT2","1.964e-02",17957
"FUT4","8.346e-03",17542
"FUT6","3.005e-02",18180
"FUT8","1.241e-03",25537
"FUT8;LOC645431","9.170e-06",27181
"FUT9","2.768e-09",29237
"FUZ","3.423e-02",18251
"FXR1","2.200e-05",26919
"FXR2","7.817e-09",13271
"FXYD1","2.527e-03",25252
"FXYD1;FXYD7","1.406e-06",14563
"FXYD2","4.161e-02",23913
"FXYD3","4.765e-10",12652
"FXYD4","3.715e-04",16286
"FXYD5","1.066e-03",16677
"FXYD6","2.015e-02",24303
"FXYD7","6.855e-03",17452
"FYB","6.067e-03",24876
"FYN","5.595e-05",26627
"FYTTD1","2.872e-07",14144
"FZD1","3.112e-04",26050
"FZD2","2.783e-03",17061
"FZD4","1.205e-04",26376
"FZD5","6.110e-15",10506
"FZD8","1.419e-10",12397
"G3BP1","7.018e-14",10934
"G6PC","2.186e-05",15352
"G6PC2","1.671e-06",27663
"G6PD","1.380e-05",27060
"G6PD;IKBKG","7.471e-04",16542
"GAB2","4.952e-07",27988
"GAB3","5.064e-04",16398
"GAB4","8.462e-05",26493
"GABARAP","1.109e-05",15148
"GABARAPL1","3.895e-03",25070
"GABBR1","1.797e-02",17912
"GABPA","2.083e-03",16942
"GABPB1","4.477e-05",26698
"GABPB1;FLJ10038","2.583e-12",11600
"GABPB1;FLJ10038;LOC100129387","8.599e-04",25678
"GABPB2","1.837e-06",27637
"GABRA1","4.360e-13",31007
"GABRA2","6.710e-12",30489
"GABRA3","2.109e-03",25326
"GABRA3;MIR105-1","1.740e-04",26252
"GABRA3;MIR105-2;MIR767","9.556e-03",24668
"GABRA3;MIR767;MIR105-1","7.372e-05",15735
"GABRA4","2.286e-16",32318
"GABRA5","1.053e-07",28382
"GABRA6","2.850e-04",26081
"GABRB1","1.217e-15",32041
"GABRB2","8.792e-09",28975
"GABRB3","3.507e-09",29184
"GABRE","9.175e-03",17586
"GABRG1","8.390e-14",31307
"GABRG2","6.365e-11",30041
"GABRG3","1.276e-03",25526
"GABRR1","4.809e-08",28574
"GABRR2","1.102e-11",30392
"GABRR3","4.393e-05",26704
"GAD1","2.445e-08",28736
"GADD45A","5.570e-03",24914
"GADD45B","1.385e-03",25494
"GADD45G","3.377e-04",16252
"GADL1","1.090e-05",27130
"GAGE10","1.173e-04",26385
"GAGE12J","3.682e-03",25094
"GAGE2D;GAGE8;GAGE2A;GAGE2E;GAGE2C","2.020e-05",26945
"GAGE5;GAGE12I;GAGE7;GAGE2A;GAGE2C;GAGE2E;GAGE8;GAGE4;GAGE2D;GAGE12F","1.330e-05",27071
"GAL","2.436e-04",16137
"GAL3ST3","4.676e-04",25904
"GALC","1.034e-06",14480
"GALE","3.258e-03",17127
"GALM","7.519e-06",27239
"GALNT13","3.324e-13",31057
"GALNT14","9.887e-03",17621
"GALNT2","5.835e-04",25823
"GALNT8","3.494e-05",26776
"GALNT9","1.720e-02",24383
"GALNTL1","2.343e-02",18048
"GALNTL6","1.282e-07",28333
"GALR1","2.503e-12",30679
"GALR2","5.409e-03",17346
"GALR3","1.461e-03",16800
"GALT","2.190e-04",16100
"GANC;CAPN3","1.352e-02",24502
"GAP43","1.319e-02",24514
"GAPDHS","5.787e-04",25826
"GAPDHS;TMEM147","5.532e-07",27959
"GAPT","1.465e-03",25472
"GAPVD1","8.310e-03",24733
"GAR1","2.379e-02",24217
"GARS","2.374e-02",24218
"GART","4.655e-02",23849
"GART;SON","1.588e-02",24423
"GAS2","9.588e-09",28955
"GAS5;SNORD78;SNORD44;SNORD80;SNORD79","1.244e-03",16737
"GAS7","2.855e-06",27515
"GAS8","2.583e-15",10359
"GATA2","3.584e-05",15505
"GATA4","9.420e-07",27818
"GATA6","1.956e-02",24318
"GATAD1","2.796e-03",25210
"GATAD2B","1.906e-03",25367
"GATM","4.234e-14",31429
"GATM;LOC145663","1.674e-03",16854
"GATS","1.344e-02",24505
"GATS;PVRIG","4.305e-04",25934
"GATS;STAG3","5.596e-07",27956
"GATSL1","1.910e-05",26962
"GATSL3","1.467e-02",24462
"GBA","8.964e-10",29485
"GBA3","4.614e-08",28584
"GBAS","3.918e-02",18326
"GBE1","4.996e-02",23808
"GBF1","1.001e-02",24646
"GBP1","6.886e-03",17454
"GBP4","1.778e-07",14022
"GBP5","1.533e-03",16819
"GBP6","4.671e-02",18426
"GBP7","9.792e-05",26445
"GBX1","3.364e-06",27469
"GC","1.096e-08",28924
"GCAT;H1F0","1.675e-04",26265
"GCC2","1.102e-03",25583
"GCET2","1.792e-07",14024
"GCK","1.161e-03",16710
"GCM1","2.790e-05",26846
"GCM2","5.990e-10",29572
"GCN1L1","8.256e-03",17537
"GCNT1","1.633e-03",25429
"GCNT2","1.219e-05",27097
"GCNT3","4.379e-02",18389
"GCNT4","2.982e-02",24097
"GCNT7","4.754e-04",25898
"GCNT7;C20orf106","2.104e-03",25327
"GCOM1;GRINL1A","4.676e-04",25904
"GDAP1","2.430e-02",24206
"GDAP1L1","1.596e-03",25438
"GDAP2","3.256e-05",26798
"GDAP2;WDR3","1.102e-04",26406
"GDE1","1.883e-04",26225
"GDE1;CP110","3.273e-03",25144
"GDF1;LASS1","4.402e-02",18392
"GDF2","2.823e-03",25206
"GDF3","1.944e-04",26214
"GDF6","5.336e-03",24933
"GDF7","5.193e-03",17328
"GDF9","5.583e-03",24913
"GDF9;UQCRQ","4.780e-04",16377
"GDI1","1.765e-05",15287
"GDI1;FAM50A","3.034e-07",14158
"GDI2","2.853e-05",15434
"GDNF","1.135e-04",26396
"GDPD1","2.616e-02",24167
"GDPD2","1.139e-06",27767
"GDPD3","3.693e-02",18293
"GEM","2.855e-06",27515
"GEMIN4","4.435e-03",17259
"GEMIN7","1.321e-05",15200
"GFAP","5.919e-03",17386
"GFER","4.709e-05",26682
"GFM1","1.032e-10",29942
"GFOD1","2.686e-02",24153
"GFPT1","8.508e-04",25682
"GFPT2","1.859e-02",24344
"GFRA1","1.014e-12",30850
"GFRA4","7.355e-03",17484
"GFRAL","4.310e-06",27399
"GGA1","1.541e-02",17835
"GGA3","1.282e-02",17745
"GGN","8.400e-03",17545
"GGT1","2.884e-07",14145
"GGT3P","8.464e-04",25684
"GGT6","8.486e-04",16590
"GGT7","5.827e-03",24894
"GHITM","1.370e-06",14556
"GHR","3.502e-07",28078
"GHRHR","1.301e-06",27731
"GHRL","1.242e-04",26366
"GHRL;GHRLOS","1.547e-06",14589
"GHRLOS;C3orf42","2.524e-02",18087
"GHRLOS;GHRL","1.660e-02",24401
"GHSR","1.689e-07",28264
"GIF","4.324e-03",25025
"GIGYF1","8.954e-06",15085
"GIGYF2","9.728e-04",25631
"GIGYF2;KCNJ13","2.758e-02",24139
"GIMAP1","7.957e-03",24753
"GIMAP6","3.960e-06",27423
"GIMAP8","8.863e-06",15082
"GIN1","1.149e-03",25567
"GINS2","3.835e-02",18314
"GINS3","1.560e-07",28284
"GIP","1.666e-03",16852
"GIPC2","2.247e-04",16109
"GIPC3","2.481e-02",18078
"GIT2","2.360e-06",27568
"GIYD1;SULT1A3;GIYD2;BOLA2B;BOLA2;SULT1A4","3.473e-18",9289
"GJA1","1.060e-13",31265
"GJA10","5.356e-10",29596
"GJA5","9.923e-11",29950
"GJA8","1.656e-02",24402
"GJA9","3.614e-03",25102
"GJB1;BCYRN1","3.855e-02",23956
"GJB3","6.780e-03",17447
"GJB5","3.216e-07",14173
"GJB6","9.779e-07",27808
"GJC1","1.887e-03",16902
"GJC2","9.547e-09",13317
"GJC2;GUK1","2.974e-04",26066
"GJC3","3.821e-05",26748
"GJD2","9.156e-03",24688
"GJD3","1.467e-02",17811
"GK","9.882e-04",16648
"GK2","1.771e-07",28252
"GKAP1","2.401e-03",25273
"GKN1","4.356e-02",23887
"GKN2","3.653e-02",23986
"GLA;HNRNPH2","2.649e-05",15411
"GLB1","6.080e-03",24875
"GLB1L","4.045e-02",18344
"GLB1L2","6.846e-05",26562
"GLCCI1","7.311e-08",28472
"GLCE","4.538e-03",25004
"GLDN","1.622e-04",26276
"GLG1","8.024e-09",28996
"GLI1","2.347e-02",18049
"GLI2","5.995e-04",16460
"GLI3","6.259e-03",24862
"GLIPR1","2.543e-02",24182
"GLIPR1L1","3.578e-10",29682
"GLIS1","8.203e-03",17534
"GLOD4","1.148e-02",17692
"GLP2R","6.846e-05",26562
"GLRA1","5.559e-18",32911
"GLRA2","5.233e-04",25863
"GLRA3","3.642e-05",26763
"GLRX","1.893e-10",29816
"GLRX3","2.263e-02",24243
"GLS","6.731e-04",25770
"GLS2","1.868e-03",16898
"GLT1D1","2.315e-08",28749
"GLT6D1","7.188e-07",27890
"GLT8D1;SPCS1","1.926e-02",24326
"GLT8D2","2.097e-04",26188
"GLTP","2.519e-09",13015
"GLTPD1","2.462e-02",18074
"GLTPD1;CPSF3L","1.866e-02",17931
"GLTPD2","1.693e-02",17882
"GLTSCR2;SNORD23","2.533e-03",17022
"GLUD1","2.580e-04",16157
"GLUD2","7.105e-05",26550
"GLUL","2.727e-05",15420
"GLYAT","5.348e-04",25855
"GLYATL2","6.825e-05",26563
"GLYATL3","7.027e-07",27896
"GLYCTK","1.911e-03",25366
"GLYR1","2.243e-03",16972
"GMCL1L","6.301e-03",24859
"GMEB1","1.617e-02",17859
"GMFB","1.601e-02",24419
"GMFG","2.852e-02",24121
"GMIP","4.720e-02",18432
"GMPPB","4.118e-04",16323
"GMPR","7.786e-03",24763
"GMPR2;NEDD8","1.627e-02",24411
"GMPS","4.081e-02",18349
"GNA12","1.878e-06",27631
"GNA13","6.573e-03",17433
"GNA14","4.769e-02",18438
"GNA15","6.766e-07",14367
"GNAI1","2.442e-03",25266
"GNAI2","8.132e-05",26506
"GNAL","1.677e-08",13448
"GNAO1","3.746e-02",23972
"GNAO1;LOC283856","3.159e-03",25159
"GNAS;GNASAS","2.152e-04",26179
"GNASAS","2.453e-02",18072
"GNASAS;GNAS","3.199e-02",24059
"GNAT1","1.314e-08",13391
"GNAT2","2.033e-03",16932
"GNAT3","1.646e-05",15266
"GNAZ;RTDR1","3.223e-02",24055
"GNB1L;C22orf29","3.835e-02",18314
"GNB2","2.146e-03",16954
"GNB2L1","8.724e-05",26483
"GNB3","7.463e-05",15739
"GNB5","8.221e-04",25695
"GNE","1.996e-04",16068
"GNG11","6.817e-11",30027
"GNG13","2.615e-07",14120
"GNG2","1.103e-02",24600
"GNG3;BSCL2","2.267e-04",16112
"GNG4","1.198e-04",15895
"GNG7","7.502e-03",17493
"GNG8","5.583e-03",17360
"GNGT2","4.543e-02",23863
"GNL3;SNORD19","1.695e-07",14010
"GNL3;SNORD19B","1.429e-02",17798
"GNPDA1","4.543e-06",27384
"GNPTG","3.666e-09",13099
"GNPTG;C16orf42","2.562e-02",24178
"GNRH1","3.939e-02",23944
"GNRH2","7.859e-04",16561
"GNRHR","1.403e-03",25489
"GNRHR2;RBM8A","1.877e-04",16047
"GNS","4.334e-03",25024
"GOLGA2","7.584e-03",17498
"GOLGA4","3.461e-06",27461
"GOLGA5","3.832e-03",17196
"GOLGA6A","7.353e-04",16536
"GOLGA6L5","5.205e-03",24944
"GOLGA6L6","4.119e-03",25046
"GOLGA7","3.143e-05",26809
"GOLGA7B","2.955e-03",17086
"GOLGA8A","2.165e-02",18007
"GOLGA8C","3.996e-03",25059
"GOLGB1","2.333e-04",26151
"GOLIM4","3.653e-02",23986
"GOLM1","5.736e-03",24901
"GOLPH3","1.211e-08",13372
"GOLSYN","3.449e-06",27462
"GOPC","4.582e-02",23858
"GORAB","2.280e-05",26908
"GOSR1","5.126e-05",26655
"GOSR2","3.309e-05",26793
"GOT2","2.580e-04",26116
"GP1BA","2.381e-04",16129
"GP1BB;SEPT5","4.389e-04",16346
"GP2","4.860e-02",23824
"GP5","7.412e-04",25734
"GP6","6.855e-03",24821
"GP9","1.176e-03",25558
"GPATCH2","2.987e-07",28119
"GPATCH3","6.011e-05",26604
"GPATCH3;GPN2","3.841e-03",17197
"GPATCH4","2.863e-02",24119
"GPATCH8","3.580e-03",25106
"GPBAR1","4.243e-02",23902
"GPBP1","1.498e-02",24452
"GPC1","1.094e-06",14495
"GPC2","2.243e-06",27582
"GPC5","1.213e-03",25546
"GPC6","1.599e-06",27675
"GPD1","2.776e-03",17060
"GPD1;C12orf62","1.568e-03",16828
"GPHB5","1.167e-05",27110
"GPKOW","9.728e-04",16642
"GPLD1","1.873e-08",28799
"GPM6A","9.465e-09",28958
"GPM6B","2.838e-12",30655
"GPN1;CCDC121","3.464e-03",25120
"GPN2","7.355e-03",24789
"GPN2;GPATCH3","6.142e-04",16469
"GPR1","2.955e-08",28691
"GPR107","5.639e-07",27954
"GPR108","2.763e-03",17058
"GPR109B","1.929e-08",13481
"GPR110","3.226e-08",13603
"GPR111","2.003e-02",24306
"GPR111;GPR115","1.713e-02",24385
"GPR112","9.000e-03",24696
"GPR114","1.695e-03",25414
"GPR116","1.454e-03",25475
"GPR119","7.437e-03",24784
"GPR12","2.254e-04",26163
"GPR123","5.389e-05",26639
"GPR126","1.473e-02",24460
"GPR128","4.751e-03",24984
"GPR132","5.775e-03",17375
"GPR133","1.378e-02",24493
"GPR135","2.123e-10",12481
"GPR137B","1.541e-03",25452
"GPR137C","2.716e-04",26098
"GPR139","1.029e-09",29455
"GPR141","4.008e-08",28618
"GPR143","1.838e-11",30291
"GPR148","2.047e-05",26941
"GPR149","1.855e-15",31970
"GPR150","2.350e-21",8208
"GPR151","2.068e-03",25334
"GPR153","2.344e-08",13527
"GPR155","1.525e-02",24443
"GPR156","2.309e-06",27574
"GPR158","4.622e-03",17277
"GPR158;LOC100128811","8.708e-07",27839
"GPR160","2.476e-02",24196
"GPR161","2.094e-03",25329
"GPR162","1.899e-02",17940
"GPR171;MED12L","8.521e-10",29496
"GPR174","3.246e-06",27479
"GPR177;MIR1262","2.073e-03",16940
"GPR180","1.041e-12",11428
"GPR19","3.000e-04",26063
"GPR21;RABGAP1","6.588e-04",25778
"GPR25","2.974e-04",16207
"GPR26","5.904e-06",27309
"GPR27;EIF4E3","9.049e-05",15802
"GPR32","7.061e-05",26552
"GPR34;CASK","3.143e-05",26809
"GPR37","7.838e-04",25713
"GPR37L1","1.905e-09",29320
"GPR4","8.286e-04",16581
"GPR50","5.074e-08",28561
"GPR52;RABGAP1L","1.173e-02",24571
"GPR56","3.189e-03",25155
"GPR6","1.618e-09",29356
"GPR62","1.848e-05",15301
"GPR64","1.403e-03",16784
"GPR65","3.354e-09",29194
"GPR75;LOC100302652","3.093e-07",28110
"GPR77","6.500e-03",24845
"GPR81","1.128e-05",27120
"GPR83","4.023e-02",23932
"GPR85","1.231e-09",29416
"GPR87;MED12L","6.032e-08",13754
"GPR88","8.498e-13",11390
"GPR98","2.379e-05",26895
"GPRC5A","5.324e-03",24934
"GPRIN3","4.141e-04",25948
"GPS1","4.991e-07",14287
"GPS1;RFNG","2.091e-04",16084
"GPSM1","2.109e-04",16087
"GPSM2","4.875e-05",26671
"GPSM3","4.487e-02",23870
"GPT","4.983e-05",15609
"GPX3","8.132e-05",15767
"GPX4","2.601e-06",14732
"GPX5","6.311e-09",29051
"GPX6","9.136e-03",24689
"GPX7","3.584e-05",15505
"GRAMD1B","1.472e-03",25470
"GRAMD3","3.189e-06",14789
"GRAMD4","2.101e-15",10324
"GRAPL","8.286e-04",16581
"GREB1L","3.435e-04",26015
"GREM2","2.821e-21",34039
"GRHL1","4.818e-02",18444
"GRHL2","1.108e-04",15869
"GRHL3","4.664e-04",16368
"GRHPR","7.676e-06",15040
"GRIA1","1.297e-06",14541
"GRIA2","1.431e-08",28862
"GRIA3","4.433e-02",23877
"GRIA4","1.059e-08",28932
"GRID2","2.050e-07",28215
"GRIK1","2.798e-10",29734
"GRIK2","5.648e-08",28535
"GRIK3","7.817e-11",29999
"GRIK4","9.211e-07",27824
"GRIN2A","1.217e-07",28346
"GRIN2B","4.738e-11",30101
"GRIN2C","1.745e-04",16022
"GRIN2D;GRWD1","1.604e-07",13996
"GRIN3A","3.379e-13",31054
"GRIN3A;PPP3R2","5.423e-05",26637
"GRIN3B","1.944e-03",16914
"GRINA","3.399e-03",25128
"GRINL1A;GCOM1","2.233e-02",24250
"GRIP1","1.705e-04",26259
"GRK1","2.836e-02",24124
"GRK5","1.168e-02",24573
"GRK6","6.886e-03",17454
"GRK7","2.710e-03",25223
"GRM1","6.126e-13",30944
"GRM3","1.626e-12",30761
"GRM5","1.233e-02",24547
"GRM6","3.381e-10",29694
"GRM7","1.358e-02",24500
"GRM8","2.636e-07",28151
"GRP","1.487e-07",28296
"GRPEL1","1.257e-03",25532
"GRPEL2","7.086e-03",24806
"GRRP1","4.279e-06",14872
"GRSF1","2.651e-02",24160
"GRWD1","1.078e-02",17662
"GRXCR1","1.457e-03",25474
"GSC2","9.586e-05",15821
"GSDMA","3.657e-03",17176
"GSG1","5.595e-05",26627
"GSK3A","8.292e-03",24734
"GSPT1","2.900e-02",18161
"GSPT2","1.831e-10",29823
"GSR","2.241e-04",16108
"GSTA1","1.167e-05",27110
"GSTA2","8.243e-04",25694
"GSTA3","2.623e-05",26865
"GSTA4","5.306e-05",26644
"GSTA5","2.872e-05",26837
"GSTK1","7.486e-03",24781
"GSTM1","6.416e-05",26583
"GSTM3","4.023e-02",18341
"GSTM5","8.533e-08",28434
"GSTO1","3.130e-04",26048
"GSTP1","3.522e-04",16267
"GSTZ1;POMT2","1.758e-02",24372
"GSX1","4.730e-07",28000
"GSX2","2.826e-04",16189
"GTDC1","4.205e-02",23907
"GTF2A1","2.125e-06",14676
"GTF2A1L;LHCGR","2.922e-02",24108
"GTF2A1L;STON1-GTF2A1L","1.645e-03",25426
"GTF2B","8.464e-04",16589
"GTF2E1","1.030e-06",27794
"GTF2E1;RABL3","2.254e-03",25299
"GTF2E2","1.333e-02",24509
"GTF2F1","9.361e-11",29962
"GTF2H2C;GTF2H2D","9.699e-03",24661
"GTF2IP1;LOC100093631","7.568e-03",24776
"GTF2IRD2P","4.031e-02",23931
"GTF3A","3.780e-02",18306
"GTF3C2","9.602e-04",25636
"GTF3C3","1.180e-02",24568
"GTF3C5","7.055e-03",24808
"GTPBP4","9.527e-07",27815
"GTPBP5","1.604e-03",25436
"GTPBP8","1.401e-06",14562
"GTSF1","6.500e-04",25783
"GTSF1L","4.967e-05",26665
"GUCA1A","9.076e-05",26470
"GUCA1B","4.258e-02",18373
"GUCA2B","1.734e-03",25405
"GUCY1B2","3.256e-05",26798
"GUCY2C","3.904e-03",25069
"GUCY2D","3.027e-02",18184
"GUCY2E","8.584e-03",24718
"GUCY2F","2.730e-07",28142
"GUK1","7.061e-05",15721
"GULP1","1.547e-06",27684
"GUSB","5.217e-03",24943
"GUSBL2","1.713e-02",24385
"GVIN1","1.747e-05",26989
"GXYLT1","1.358e-02",24500
"GXYLT2","1.830e-02",24352
"GYG2","5.471e-13",30965
"GYLTL1B","1.922e-04",26218
"GYPA","6.646e-03",24835
"GYPC","1.801e-02",17913
"GZMA","6.056e-08",28518
"GZMK","1.136e-02",24586
"GZMM","4.860e-04",16383
"H1F0","2.815e-02",24128
"H1FNT","5.334e-04",25856
"H1FX;C3orf47","1.358e-04",26336
"H2AFJ","6.798e-09",29034
"H2AFY","6.441e-08",28503
"H2BFM;MIR1256","6.899e-06",27264
"H2BFWT;MIR1256","7.188e-07",27890
"H3F3A;LOC440926","4.246e-04",25939
"HAAO","1.185e-03",16718
"HABP2","8.330e-04",16583
"HACL1;BTD","4.724e-05",26681
"HADH","9.941e-05",26440
"HADHA","2.773e-02",18137
"HADHB;HADHA","2.050e-02",24294
"HAGHL","1.056e-04",15853
"HAL","3.939e-04",25966
"HAMP","7.786e-03",17510
"HAND2","9.585e-06",27168
"HAND2;NBLA00301","4.664e-05",26685
"HAO1","1.720e-04",26256
"HAO2","1.125e-04",26399
"HAP1","3.404e-02",24025
"HAPLN1","3.918e-02",23947
"HAR1A;HAR1B","2.847e-02",24122
"HAR1B","1.094e-05",27129
"HARBI1","4.491e-05",15576
"HARS","1.603e-04",15993
"HARS;HARS2","3.444e-04",26014
"HAS1","7.880e-04",25711
"HAS2AS;HAS2","1.804e-02",24359
"HAS3","7.871e-03",24758
"HAT1","6.500e-04",25783
"HAUS3","3.187e-02",18212
"HAUS6","1.627e-02",24411
"HAUS7;TREX2","2.125e-03",25323
"HAVCR1","8.130e-09",28993
"HAX1","1.253e-02",24539
"HBA1","2.343e-02",18048
"HBA2","3.589e-03",17168
"HBD","1.173e-02",24571
"HBE1","1.339e-05",15204
"HBEGF","4.425e-02",23878
"HBII-52-45","3.919e-05",26740
"HBII-52-46","1.583e-12",30766
"HBM","9.040e-04",16614
"HBQ1","1.645e-03",16847
"HBS1L","2.462e-02",24199
"HBXIP","2.290e-02",24237
"HBZ","1.392e-03",16781
"HCCA2;CTSD","7.294e-04",16533
"HCCA2;FAM99A","5.458e-03",17350
"HCCA2;FAM99B","1.066e-03",16677
"HCCA2;KRTAP5-1;LOC338651","2.496e-03",25257
"HCCA2;LOC338651","1.700e-02",24389
"HCCS","1.877e-04",16047
"HCFC1","1.435e-02",17800
"HCFC1R1;THOC6","5.029e-07",27984
"HCFC2","5.065e-03",24956
"HCG26","5.064e-04",25875
"HCG4P6","4.334e-03",17249
"HCG9","1.475e-08",28855
"HCLS1","5.723e-03",24902
"HCN1","1.695e-11",30307
"HCN2","7.420e-03",17488
"HCN4","3.666e-02",23984
"HCP5","3.665e-03",25096
"HCRT","1.533e-04",26295
"HCRTR2","7.693e-04",25720
"HDAC1","1.299e-04",15922
"HDAC11","4.671e-02",23847
"HDAC3","1.702e-07",14011
"HDAC4","2.207e-02",24256
"HDAC4;MGC16025","4.031e-02",23931
"HDAC6","7.509e-05",15741
"HDAC7","2.169e-02",24265
"HDAC8","3.147e-04",16227
"HDAC9","1.959e-03",25356
"HDC","4.410e-02",23880
"HDDC2","6.379e-04",25790
"HDGFL1","1.251e-03",25534
"HDGFRP3","1.673e-02",24397
"HDHD1A","1.822e-02",24354
"HDHD2","4.288e-02",18377
"HDX","6.217e-10",29564
"HEATR2","8.508e-04",16591
"HEATR3","9.016e-04",25660
"HEATR4;ACOT1","6.624e-04",25776
"HEATR4;C14orf169","6.476e-05",15693
"HEATR5B;CCDC75","3.932e-06",14848
"HEATR6","2.255e-02",24245
"HEBP1","6.460e-11",30038
"HECTD3","1.143e-02",17690
"HECW1","4.228e-02",18369
"HEG1","8.690e-04",25674
"HELLS","1.092e-02",24605
"HELQ;MRPS18C","2.927e-06",27508
"HEMGN","2.172e-03",25314
"HEMK1","7.008e-03",24811
"HEPACAM2","2.258e-05",26911
"HEPH","4.153e-04",25947
"HERC1","9.274e-03",17591
"HERC2P2","1.631e-04",26274
"HERC2P4","7.354e-09",29016
"HERC3","2.281e-11",30248
"HERC4","3.841e-02",23958
"HERPUD1","5.376e-08",13726
"HERPUD2","3.240e-08",28669
"HES1","2.826e-02",18147
"HES4","1.444e-02",24470
"HES5","9.156e-03",17585
"HES6","1.848e-05",15301
"HESRG;CACNA2D3","1.845e-03",16893
"HESX1","9.597e-03",24666
"HEXA;C15orf34","3.280e-09",29199
"HEXB","1.330e-03",25510
"HEXIM1","1.303e-02",17753
"HEXIM2","5.053e-03",24957
"HEYL","1.610e-02",17857
"HGC6.3","9.195e-03",24686
"HGF","3.200e-13",31064
"HGS","1.973e-03",16920
"HHAT","3.016e-02",24091
"HHEX","2.151e-03",25318
"HHIPL1","6.457e-03",17425
"HHLA1","6.007e-08",28520
"HHLA2","5.621e-03",24910
"HHLA3","2.161e-02",24267
"HHLA3;ANKRD13C","1.092e-04",26409
"HIAT1","1.653e-02",24403
"HIATL1","5.608e-03",17362
"HIATL2","2.178e-03",25313
"HIBADH","2.505e-02",24190
"HIBCH","1.881e-02",24338
"HIC1","1.272e-04",15915
"HIF3A","2.115e-04",16088
"HIGD1A","1.857e-07",28240
"HIGD1B","4.456e-02",18399
"HINT1","2.083e-02",24286
"HINT2","4.314e-07",28024
"HINT3","1.320e-03",25513
"HIP1R","5.762e-03",17374
"HIPK1","1.322e-04",26345
"HIPK2","2.515e-05",26878
"HIPK3","3.994e-04",25961
"HIRIP3","4.559e-03",17271
"HISPPD1","6.306e-06",27290
"HIST1H1A","1.375e-05",27061
"HIST1H1C","1.903e-02",24332
"HIST1H1D","3.556e-02",24001
"HIST1H2AA;HIST1H2BA","1.049e-07",28383
"HIST1H2AC;HIST1H2BC","4.869e-02",23823
"HIST1H2AG;HIST1H2BJ","3.689e-05",26759
"HIST1H2AI;HIST1H2BL","1.445e-04",26315
"HIST1H2AJ;HIST1H2BM","1.352e-05",27066
"HIST1H2AL","2.474e-09",29262
"HIST1H2AM;HIST1H2BO","1.475e-06",27697
"HIST1H2BB","4.071e-05",26728
"HIST1H2BB;HIST1H3C","5.281e-06",27341
"HIST1H2BD","9.329e-04",25647
"HIST1H2BE","1.050e-08",28934
"HIST1H2BH;HIST1H3F","1.702e-05",26997
"HIST1H2BI","2.573e-06",27544
"HIST1H2BK","6.473e-12",11777
"HIST1H2BK;HIST1H2AH","2.708e-04",26099
"HIST1H2BK;HIST1H4I","2.037e-14",10715
"HIST1H3A;HIST1H4A","3.083e-02",24079
"HIST1H3B","9.328e-05",26461
"HIST1H3C","2.227e-06",27584
"HIST1H3E","6.665e-06",27274
"HIST1H3G","1.791e-03",25392
"HIST1H3G;HIST1H2BI","1.766e-04",26247
"HIST1H3I","1.022e-03",25612
"HIST1H3J","1.457e-03",25474
"HIST1H4A","1.156e-06",14510
"HIST1H4E","9.816e-06",27161
"HIST1H4F","7.992e-03",24751
"HIST1H4H","2.878e-03",25198
"HIST1H4J","8.473e-03",24724
"HIST1H4L","4.859e-05",15601
"HIST2H2AA4;HIST2H2AA3","1.541e-02",24438
"HIST2H2BA","2.582e-06",27543
"HIST2H2BE;HIST2H2AC","1.541e-03",25452
"HIST2H2BF","1.016e-07",28391
"HIST2H2BF;FCGR1A","9.195e-03",24686
"HIST2H2BF;HIST2H3D","5.979e-04",25814
"HIST3H2A","1.361e-03",25501
"HIST3H2A;HIST3H2BB","2.997e-03",25181
"HIST3H2BB;HIST3H2A","2.312e-02",24232
"HIST3H3","4.196e-03",17235
"HIVEP2","4.006e-10",29658
"HK1","5.587e-04",16434
"HK2","1.206e-03",25548
"HKDC1","4.402e-02",18392
"HLA-A","4.612e-03",17276
"HLA-DMB","1.617e-02",24414
"HLA-DOB","1.352e-02",24502
"HLA-DPA1","2.844e-03",25203
"HLA-DPB1","1.866e-02",24342
"HLA-DPB2","1.956e-04",26212
"HLA-DRB1","4.638e-02",23851
"HLA-E","3.399e-03",17145
"HLA-H","2.062e-02",17982
"HLA-J;NCRNA00171","4.118e-04",16323
"HLCS","2.985e-05",15448
"HLF","1.502e-03",25462
"HLTF","5.071e-24",7363
"HLX","1.836e-03",25382
"HM13;PSIMCT-1","9.374e-03",17596
"HMBOX1","8.364e-03",17543
"HMBS","3.673e-02",18290
"HMCN1;MIR548F1","3.227e-03",25150
"HMG20A","2.692e-05",26857
"HMG20B","3.163e-05",15466
"HMGA1","3.961e-12",11682
"HMGA2","1.132e-02",17685
"HMGA2;RPSAP52","2.814e-11",30206
"HMGB1","5.986e-03",24882
"HMGB2","1.016e-02",17634
"HMGB3","1.078e-02",17662
"HMGCLL1","5.078e-05",26658
"HMGCR","3.056e-06",27496
"HMGN1","1.375e-13",11055
"HMGN2","5.831e-09",13204
"HMGN3","1.151e-02",17693
"HMGN5","3.841e-03",17197
"HMGN5;SH3BGRL","5.571e-04",16433
"HMGXB3;TIGD6","1.313e-03",25515
"HMGXB4","9.920e-10",29463
"HMHA1","5.261e-04",16412
"HMHB1","1.348e-08",28876
"HMMR;NUDCD2","5.142e-05",26654
"HMOX2","5.017e-10",29610
"HMOX2;NMRAL1","7.985e-04",16567
"HMP19","1.292e-06",27733
"HMSD","2.485e-09",13012
"HMX2","4.624e-06",14894
"HMX3","3.191e-07",14171
"HN1","6.597e-05",26574
"HN1L","2.944e-02",18169
"HN1L;CRAMP1L","2.148e-02",18003
"HNF4A","3.456e-03",17152
"HNF4G","2.817e-07",28134
"HNMT","4.062e-03",25052
"HNRNPA0","2.716e-04",16175
"HNRNPA1;HNRPA1L-2","1.710e-04",16015
"HNRNPA1;HNRPA1L-2;CBX5","5.385e-03",24929
"HNRNPA2B1","4.063e-10",12618
"HNRNPA3","8.363e-06",15065
"HNRNPA3P1","3.300e-02",18231
"HNRNPAB","3.719e-02",23976
"HNRNPAB;AGXT2L2","4.435e-03",17259
"HNRNPCL1;LOC649330","1.239e-05",27092
"HNRNPF","8.099e-13",11381
"HNRNPH1","1.578e-10",12419
"HNRNPH2;GLA","2.557e-02",18094
"HNRNPK;RMI1","3.021e-02",24090
"HNRNPL","3.217e-02",18217
"HNRNPM","2.532e-10",12518
"HNRNPU","2.753e-02",24140
"HNRNPUL1;AXL","9.872e-08",28398
"HNRPLL","4.996e-02",23808
"HOMER1","5.898e-04",25819
"HOMER2","1.765e-02",24370
"HOMEZ","8.804e-05",26480
"HOOK1","2.152e-02",18004
"HORMAD2","3.858e-10",29666
"HOXA1","3.253e-13",31061
"HOXA11","3.647e-02",18286
"HOXA2","4.378e-09",29134
"HOXA4","1.833e-02",24351
"HOXA5","1.912e-06",27626
"HOXA6","4.927e-04",16388
"HOXA7","3.033e-03",25176
"HOXA9","1.158e-02",24577
"HOXB1","9.427e-04",25643
"HOXB13","1.143e-02",24583
"HOXB2","1.401e-08",28867
"HOXB4","1.326e-06",27726
"HOXB4;HOXB3","1.678e-03",16855
"HOXB6","2.100e-08",28772
"HOXB7","5.683e-05",26622
"HOXB8","2.251e-05",26912
"HOXB9","3.780e-02",23967
"HOXC11","4.351e-05",26707
"HOXC13","3.551e-12",30612
"HOXC4","6.358e-03",24855
"HOXC4;HOXC5","4.703e-02",23843
"HOXC4;HOXC6;HOXC5","7.888e-03",24757
"HOXC8","2.472e-03",17012
"HOXD1","5.694e-04",25832
"HOXD11","4.340e-06",27397
"HOXD12","6.642e-04",25775
"HOXD13","1.795e-03",25391
"HOXD3","1.979e-02",24312
"HOXD4","9.992e-03",24647
"HOXD4;MIR10B","1.380e-02",24492
"HP","1.431e-05",27049
"HP1BP3","8.437e-03",17547
"HPCA","6.337e-05",15686
"HPCAL4","1.265e-05",15187
"HPD","6.798e-09",29034
"HPDL","3.762e-21",8275
"HPGD","1.530e-05",27029
"HPGDS","1.948e-09",29315
"HPR","1.374e-04",26332
"HPS1;PYROXD2","3.300e-02",24042
"HPS4;SRRD","2.140e-02",18001
"HPS6","2.190e-02",18013
"HPSE","2.932e-04",26071
"HPSE2","2.207e-05",26918
"HPYR1","4.840e-07",27994
"HRAS","7.040e-09",13247
"HRAS;LRRC56","2.362e-07",14094
"HRASLS","5.586e-10",29587
"HRASLS2","4.751e-03",24984
"HRASLS;MGC2889","1.747e-05",15284
"HRK","2.614e-03",25238
"HRNBP3","5.373e-03",24930
"HRNR","3.038e-02",18186
"HS2ST1","6.315e-03",24858
"HS3ST2","8.716e-09",28977
"HS3ST3A1","4.767e-04",25897
"HS3ST3B1","1.940e-06",27622
"HS3ST3B1;MGC12916","4.364e-02",18387
"HS3ST4","5.605e-09",29078
"HS3ST5","1.132e-05",27119
"HSBP1","2.955e-03",25187
"HSBP1L1","1.984e-04",16066
"HSCB","2.347e-02",18049
"HSD11B1","3.144e-06",27488
"HSD17B10","3.536e-02",18269
"HSD17B12","6.500e-04",25783
"HSD17B13","3.225e-05",26801
"HSD17B14","1.995e-02",24308
"HSD17B2","6.155e-06",27297
"HSD17B4","3.292e-07",28094
"HSD17B6","4.258e-10",29645
"HSD17B8;SLC39A7","1.394e-05",15216
"HSD3B2","2.272e-02",24241
"HSD3B7;SETD1A","4.333e-02",18383
"HSDL1","1.345e-07",13952
"HSDL1;LRRC50","4.794e-02",23832
"HSF1","1.195e-08",13369
"HSF2","7.887e-05",26516
"HSF2BP","6.869e-07",27902
"HSF4","8.805e-04",16604
"HSF4;FBXL8","1.174e-24",7169
"HSF5","3.034e-04",26059
"HSFY1;TTTY9B;HSFY2;TTTY9A","3.124e-11",30160
"HSFYP1","1.395e-04",26327
"HSP90AA1","2.656e-10",12528
"HSP90AB2P","4.658e-07",14269
"HSPA12A","3.349e-10",12577
"HSPA12B","1.713e-05",15278
"HSPA14","1.031e-04",15845
"HSPA1B","1.301e-02",17752
"HSPA4","1.696e-06",27659
"HSPA5","3.755e-06",27438
"HSPA7","5.290e-04",25859
"HSPA9;SNORD63","3.622e-03",17172
"HSPB2","1.303e-03",25518
"HSPB2;CRYAB","1.261e-02",24536
"HSPB3","1.633e-03",25429
"HSPB6","6.751e-11",12244
"HSPB6;C19orf55","3.406e-04",26018
"HSPB8","6.011e-04",16461
"HSPB9;KAT2A","8.592e-05",15785
"HSPC072;LOC100270804","5.064e-10",29608
"HSPC157","9.638e-11",29956
"HSPC159","1.617e-06",27672
"HSPD1;HSPE1","1.941e-02",24322
"HSPE1","1.007e-07",13880
"HSPG2","3.766e-02",18304
"HSPH1","9.959e-04",25622
"HTATIP2","5.694e-04",16441
"HTN1","8.132e-05",26506
"HTN3","3.515e-12",30614
"HTR1A","3.954e-09",29157
"HTR1B","2.605e-07",28154
"HTR1E","9.970e-14",31276
"HTR1F","5.808e-05",26615
"HTR2A","2.941e-04",26070
"HTR2B;PSMD1","8.026e-06",15053
"HTR2C","3.676e-06",27444
"HTR2C;MIR1298","6.040e-09",29061
"HTR2C;MIR1911","7.871e-03",24758
"HTR2C;MIR448","4.102e-06",27413
"HTR2C;MIR764","4.633e-03",17278
"HTR2C;SNORA35","1.998e-06",27614
"HTR3A","4.218e-10",29647
"HTR3B","6.338e-09",29050
"HTR3C","4.110e-02",23920
"HTR4","9.342e-09",28961
"HTR5A","2.687e-13",31096
"HTR6","4.168e-02",18361
"HTR7","2.514e-04",26125
"HTRA1","4.364e-02",18387
"HTRA2;AUP1","5.046e-05",15613
"HTRA4;PLEKHA2","3.148e-13",31067
"HUNK","5.747e-07",27949
"HUS1B;EXOC2","2.941e-03",17084
"HUWE1","2.378e-03",16996
"HUWE1;MIRLET7F2","2.783e-03",25212
"HVCN1","1.055e-03",25600
"HYAL2","2.502e-03",25256
"HYAL3;IFRD2","2.365e-02",18053
"HYALP1","3.174e-04",16230
"HYDIN","4.008e-08",28618
"HYI","5.719e-05",15653
"HYLS1;PUS3","4.860e-02",18449
"IBTK","3.886e-03",25071
"ICA1L","2.243e-03",25301
"ICAM1","5.488e-06",14943
"ICAM2","2.631e-02",18109
"ICAM2;C17orf72","4.911e-02",23818
"ICAM4","1.252e-05",15184
"ICAM4;ICAM1","2.447e-07",14103
"ICOS","8.973e-07",27831
"ICOSLG","2.361e-02",24221
"ICT1","3.330e-02",24037
"ID1","1.778e-07",28251
"ID2B;PTPRG","3.294e-02",18230
"ID3","3.073e-05",26816
"ID4","1.074e-03",25593
"IDE","1.844e-02",24348
"IDH1","2.500e-04",26127
"IDH3A","1.859e-02",17929
"IDH3G;SSR4","2.454e-03",17009
"IDI1","3.841e-02",23958
"IDO2","2.259e-10",29779
"IDUA","5.422e-04",16423
"IER3","1.925e-03",25363
"IER5L","2.920e-03",17081
"IFFO1","7.702e-06",27232
"IFI27L2","1.818e-04",26237
"IFI44","7.487e-15",31732
"IFI6","1.244e-05",15182
"IFIH1","7.117e-03",17469
"IFIT1","3.183e-12",30633
"IFIT1L","5.120e-04",25871
"IFIT2","2.768e-09",29237
"IFIT5","4.086e-13",31019
"IFITM5","2.062e-02",17982
"IFLTD1","1.152e-03",25566
"IFNA14","6.091e-06",27300
"IFNA4","9.576e-03",24667
"IFNA8","4.835e-02",23827
"IFNAR2","4.365e-04",25929
"IFNGR2","1.868e-03",16898
"IFRD1","4.475e-04",25920
"IFT122","3.034e-05",26820
"IFT122;MBD4","8.547e-03",24720
"IFT140;TMEM204","1.177e-02",24569
"IFT20","4.839e-03",17297
"IFT20;TMEM97","1.502e-04",26302
"IFT52","1.657e-03",25423
"IFT81","5.378e-04",16420
"IGF1","7.354e-09",29016
"IGF1R","2.088e-03",25330
"IGF2;INS-IGF2","7.682e-09",13267
"IGF2BP1","3.066e-02",18191
"IGF2BP2;C3orf65","1.263e-03",25530
"IGFALS","1.338e-04",15932
"IGFBP1","5.545e-03",24916
"IGFBP6","1.861e-04",26229
"IGFBP6;SOAT2","3.760e-02",18303
"IGFBPL1","1.822e-02",24354
"IGFL1","1.690e-02",17881
"IGFL3","2.128e-02",24275
"IGFL4","1.609e-12",11510
"IGJ","5.423e-14",31385
"IGLON5","3.133e-05",26810
"IGSF10","2.833e-08",28701
"IGSF11","4.644e-03",17279
"IGSF11;C3orf30","1.074e-02",17660
"IGSF21","1.362e-04",26335
"IGSF5","6.990e-08",28483
"IGSF8","1.387e-04",26329
"IGSF9","7.349e-10",12745
"IGSF9B","7.265e-06",27249
"IHH","1.076e-02",17661
"IK","3.464e-03",25120
"IKBIP","1.729e-03",16867
"IKBKE","7.102e-09",13249
"IKZF1","8.912e-05",26476
"IKZF2","1.364e-02",24498
"IKZF3","8.961e-03",17575
"IKZF4","4.232e-07",28029
"IL10","4.844e-05",26673
"IL10RA","2.038e-02",24297
"IL10RB","1.800e-05",15293
"IL12A","6.048e-05",15671
"IL12RB2","7.322e-09",13256
"IL13RA2","1.325e-08",28880
"IL15RA","1.333e-02",17764
"IL17A","4.899e-12",30550
"IL17C","3.312e-02",18233
"IL17D","1.504e-02",17823
"IL17F","2.409e-13",31116
"IL17RA","2.411e-02",24210
"IL17RB","3.253e-07",28097
"IL17RB;CHDH","1.885e-02",17936
"IL17RD","7.718e-03",24767
"IL17RE","1.696e-10",12434
"IL17RE;IL17RC","1.308e-10",12380
"IL18","1.342e-08",28877
"IL18BP","1.926e-02",17947
"IL18R1","1.653e-03",25424
"IL18RAP","2.976e-10",29721
"IL19","1.727e-02",24381
"IL1A","6.362e-04",25791
"IL1B","8.455e-03",24725
"IL1F7","1.085e-03",25589
"IL1F8","4.052e-03",25053
"IL1F9","1.028e-07",13885
"IL1RAP","2.784e-07",28137
"IL1RAPL1","5.879e-03",24890
"IL1RAPL2","2.108e-05",26932
"IL1RL1","4.524e-04",25916
"IL1RN","3.034e-06",14775
"IL20","1.467e-04",26310
"IL20RA","1.589e-04",15990
"IL21R","6.741e-05",26567
"IL22","2.094e-03",25329
"IL22RA1","6.916e-03",17456
"IL22RA2","2.844e-03",17070
"IL23R","1.495e-03",25464
"IL24","6.174e-09",29056
"IL25","4.814e-05",26675
"IL27","2.340e-04",26150
"IL28A","6.400e-03",24852
"IL28B","7.871e-03",24758
"IL29","9.328e-05",15812
"IL2RG","7.437e-03",17489
"IL3","2.627e-03",25236
"IL31;LRRC43","6.278e-05",15683
"IL31RA","3.483e-04",26010
"IL32","5.556e-09",13193
"IL34","2.358e-10",29770
"IL4","6.825e-05",26563
"IL4I1","2.759e-24",7282
"IL5","5.033e-08",28563
"IL6","4.820e-04",25893
"IL6R","4.045e-02",18344
"IL7","3.227e-03",25150
"ILDR1","2.429e-06",27560
"ILDR2","1.367e-07",28317
"ILF3","2.916e-04",16200
"ILF3;LOC147727","1.389e-02",24489
"IMMP2L","1.151e-05",27114
"IMMP2L;LRRN3","2.140e-06",27595
"IMMT","4.940e-03",24967
"IMP4","1.407e-04",26324
"IMP4;CCDC115","7.024e-03",24810
"IMPA1","1.482e-02",17816
"IMPAD1","4.672e-06",27376
"IMPDH1","1.690e-05",26999
"IMPDH2","2.826e-05",15431
"IMPG1","1.295e-05",27079
"IMPG2","2.498e-05",26880
"INA","2.191e-09",12984
"INADL","1.939e-03",16913
"INCA1;CAMTA2","1.205e-02",17715
"INCA1;KIF1C","3.543e-02",24003
"INF2","1.141e-02",17689
"ING3","4.566e-02",23860
"INGX;BCYRN1","1.197e-03",16722
"INHBA","3.850e-06",14842
"INHBA;LOC285954","8.671e-12",30439
"INHBB","1.762e-02",17902
"INMT","9.852e-07",27806
"INO80B","7.612e-04",25724
"INO80C","2.778e-04",16183
"INO80E","2.078e-02",17986
"INO80E;DOC2A","9.294e-03",17592
"INPP1","5.285e-07",14302
"INPP5E","7.340e-06",15027
"INPP5F","3.275e-16",10014
"INS-IGF2;IGF2;MIR483","1.465e-05",15231
"INS-IGF2;INS","2.810e-03",17065
"INSC","2.789e-02",24133
"INSIG2","3.598e-07",28071
"INSL4","4.967e-05",26665
"INSL5","1.182e-06",27757
"INSM1","3.833e-09",13109
"INSM2","4.885e-02",18452
"INTS1","2.428e-07",14101
"INTS12","2.453e-02",24201
"INTS2","1.993e-03",25349
"INTS4","1.094e-02",24604
"INTS4L2","1.780e-02",24366
"INTS6","1.999e-02",17966
"INTS7;DTL","9.294e-03",17592
"INTS8","1.882e-03",25372
"INTS9","1.202e-04",26377
"INTU","9.552e-04",25638
"IP6K3","6.287e-03",24860
"IPCEF1","4.640e-06",27378
"IPO11","1.778e-03",25395
"IPO11;LRRC70","8.196e-12",30450
"IPO4","1.855e-02",24345
"IPO5","6.843e-07",27903
"IPO7","7.618e-03",24773
"IPO8","1.120e-05",27122
"IPO9","5.120e-04",25871
"IPW","2.572e-02",24176
"IQCB1","2.865e-06",27514
"IQCD","1.962e-06",27619
"IQCF3","2.222e-05",26916
"IQCF6","2.034e-02",17975
"IQCG","4.016e-06",14854
"IQCG;RPL35A","4.780e-04",16377
"IQCH","7.290e-06",27248
"IQCK","4.243e-02",23902
"IQCK;C16orf88","1.005e-05",15119
"IQGAP1","1.926e-02",24326
"IQGAP3","1.216e-03",25545
"IQUB","1.781e-04",26244
"IRAK1","5.970e-07",14334
"IRAK1;MIR718","7.752e-03",17508
"IRAK1BP1","8.565e-06",27201
"IRAK4;PUS7L","3.235e-05",26800
"IRF1","2.266e-05",15363
"IRF3","3.981e-02",18335
"IRF3;BCL2L12","2.519e-02",24187
"IRF4","4.794e-02",23832
"IRF6","1.659e-06",14608
"IRF7","1.330e-11",11918
"IRF8","1.025e-02",24635
"IRF9","1.220e-02",17721
"IRGC","4.441e-02",18397
"IRGM","3.572e-04",26001
"IRGQ","2.988e-02",18177
"IRS1","4.402e-06",27393
"IRX1","2.918e-08",28694
"IRX2","1.623e-06",27671
"IRX2;C5orf38","2.784e-07",28137
"IRX3","4.313e-13",11264
"IRX4","4.635e-05",26687
"ISCA1","2.790e-05",26846
"ISCA1L","2.666e-05",26860
"ISCU","5.533e-03",17356
"ISG20L2;C1orf66","3.448e-02",18255
"ISLR","7.039e-03",24809
"ISLR2","1.099e-02",17671
"ISOC2","3.158e-02",24066
"ISPD","1.382e-03",25495
"ISYNA1","1.362e-04",15938
"ITFG1","1.215e-02",17719
"ITGA1","5.193e-03",17328
"ITGA10","2.026e-02",24300
"ITGA1;PELO","2.349e-03",25282
"ITGA2","1.485e-05",15235
"ITGA4","8.981e-03",24697
"ITGA5","1.047e-10",29939
"ITGA6","4.123e-05",26724
"ITGA8","1.262e-07",28337
"ITGA9","1.254e-03",25533
"ITGAD","1.227e-05",27095
"ITGAE","1.194e-05",27103
"ITGAE;GSG2","6.190e-03",24867
"ITGAL","3.288e-02",24044
"ITGAM","2.881e-08",28697
"ITGAV","3.511e-02",24008
"ITGAX","3.072e-02",24081
"ITGB1","5.127e-11",30085
"ITGB1BP2;BCYRN1","1.322e-02",24513
"ITGB2","4.464e-02",23873
"ITGB3BP","1.113e-02",24596
"ITGB5","2.164e-06",27592
"ITGB6","3.266e-07",14177
"ITGB8","6.869e-07",14371
"ITGBL1","2.215e-03",25306
"ITIH5","8.603e-08",28432
"ITIH5L","1.153e-02",24579
"ITK","8.967e-05",26474
"ITLN2","4.364e-07",28021
"ITM2A","2.974e-12",30646
"ITM2B","5.022e-04",25878
"ITPK1","1.132e-02",24588
"ITPKC","1.132e-02",17685
"ITPKC;ADCK4","2.697e-03",17048
"ITPR1","3.063e-05",26817
"ITPR1;EGOT","9.971e-05",15834
"ITPR2","4.110e-02",23920
"ITPR3","7.227e-09",13253
"ITPRIPL2","2.817e-05",15430
"ITSN1","2.101e-13",31141
"ITSN2","4.942e-06",14913
"IVD","2.389e-03",16998
"IWS1","2.203e-02",24257
"IZUMO1;RASIP1","1.286e-03",16750
"JAG2","1.991e-02",17964
"JAK2","1.052e-03",25601
"JAKMIP1","1.227e-06",27747
"JAKMIP2","7.255e-04",25742
"JAKMIP3","1.762e-02",17902
"JAM3","2.154e-10",29789
"JHDM1D","8.238e-03",17536
"JMJD1C","1.604e-02",24418
"JMJD1C;MIR1296","3.330e-02",24037
"JMJD4;SNAP47","1.921e-10",12460
"JMJD5","2.060e-05",26939
"JMJD7-PLA2G4B;PLA2G4B","7.733e-10",12756
"JMJD7;MAPKBP1;JMJD7-PLA2G4B","4.676e-07",14270
"JMJD8","1.690e-04",16011
"JMJD8;WDR24","1.330e-15",10247
"JMY","9.597e-03",17607
"JOSD2","1.037e-04",26426
"JOSD2;ASPDH","1.855e-02",17928
"JPH4","1.291e-04",15920
"JRK","7.070e-03",24807
"JRKL;CCDC82","4.304e-03",25027
"JSRP1","4.146e-02",18358
"JTB","1.325e-02",24512
"JUB","1.197e-02",17712
"JUP","5.118e-06",14923
"KAL1","4.574e-02",18414
"KANK2","2.485e-04",26129
"KAT2A","1.855e-02",17928
"KAT2A;DHX58","5.694e-04",16441
"KAT2B","3.895e-04",25970
"KAT5","6.843e-07",14370
"KAT5;RNASEH2C","9.187e-05",15807
"KATNAL1","2.941e-03",25189
"KATNAL2","1.561e-13",31195
"KATNAL2;TCEB3B","1.254e-03",25533
"KATNAL2;TCEB3CL","9.135e-04",25655
"KAZALD1","2.506e-05",15394
"KBTBD10","2.763e-02",24138
"KBTBD12","2.576e-03",25244
"KBTBD2","3.053e-05",26818
"KBTBD3","3.089e-02",24078
"KBTBD3;AASDHPPT","1.028e-04",26429
"KBTBD4;NDUFS3","1.194e-03",16721
"KBTBD7","1.845e-04",26232
"KBTBD8","3.151e-03",25160
"KCNA1","1.730e-11",30303
"KCNA10","7.102e-04",25750
"KCNA4","2.301e-12",30695
"KCNA5","6.589e-07",27913
"KCNA6","1.347e-03",25505
"KCNA7","8.193e-08",13829
"KCNAB1","2.074e-05",26937
"KCNAB3","6.182e-08",13760
"KCNB1","4.558e-02",23861
"KCNB2","1.269e-05",27085
"KCNC1","2.209e-04",26170
"KCNC2","1.067e-10",29935
"KCNC3","9.792e-05",15828
"KCNC4","7.787e-12",11813
"KCND1","4.711e-02",18431
"KCND2","3.933e-07",28048
"KCNE1L","1.888e-04",26224
"KCNE4","9.424e-06",27173
"KCNF1","2.349e-03",25282
"KCNG1","7.838e-04",16560
"KCNG3","4.341e-02",23889
"KCNH1","1.249e-04",26364
"KCNH4","4.028e-04",16315
"KCNH6","2.606e-02",24169
"KCNH7","1.997e-12",30722
"KCNIP1","4.123e-05",26724
"KCNIP4","5.969e-15",31771
"KCNJ3","1.580e-11",30321
"KCNJ5;C11orf45","4.410e-02",23880
"KCNJ6","3.925e-08",28623
"KCNJ9","2.293e-04",16116
"KCNK1","2.104e-03",25327
"KCNK10","4.456e-02",23874
"KCNK5","4.304e-03",17246
"KCNK6","4.095e-04",25952
"KCNK7","2.332e-03",16988
"KCNMB1;KCNIP1","3.429e-02",24021
"KCNMB2","1.333e-03",25509
"KCNMB3","3.666e-02",23984
"KCNMB4","8.167e-03",24741
"KCNN2","1.298e-07",28330
"KCNN4","7.905e-03",24756
"KCNQ1;KCNQ1OT1","2.149e-07",28203
"KCNQ2","2.960e-02",24101
"KCNQ3","1.628e-03",25430
"KCNT2","3.210e-04",26039
"KCNU1","2.580e-04",26116
"KCNV1","5.679e-19",33261
"KCNV2","2.095e-02",17990
"KCP","4.090e-03",17224
"KCTD1","1.424e-04",15953
"KCTD11","9.971e-05",26439
"KCTD11;TMEM95","4.435e-03",17259
"KCTD16","2.955e-02",24102
"KCTD16;YIPF5","1.939e-04",26215
"KCTD17","9.111e-04",16617
"KCTD20","2.367e-04",26146
"KCTD21","6.889e-05",26560
"KCTD3","1.277e-02",24530
"KCTD4;GTF2F2","1.038e-03",25606
"KCTD8","2.730e-03",25220
"KCTD9;CDCA2","2.276e-02",24240
"KDELR1","1.948e-05",15317
"KDELR2","2.200e-05",26919
"KDELR3","2.490e-02",24193
"KDM1B","2.079e-04",16082
"KDM2A","9.971e-03",17625
"KDM2B","2.038e-03",16933
"KDM3B","1.720e-04",26256
"KDM4A","2.247e-04",26164
"KDM4C","1.282e-06",27735
"KDM4D","2.736e-03",25219
"KDM4D;CWC15","2.810e-04",26086
"KDM4DL","1.190e-08",28905
"KDM5A;CCDC77","2.085e-04",26190
"KDM5B","4.638e-04",25907
"KDM6A","2.830e-03",17068
"KEAP1","7.673e-04",16552
"KEL","1.105e-04",26405
"KERA","8.420e-06",27206
"KHDRBS1","5.443e-08",13729
"KHDRBS2","4.009e-07",28043
"KHDRBS3","7.468e-06",27241
"KHK","9.784e-10",29466
"KHSRP","4.500e-17",9692
"KIAA0040","1.872e-04",26227
"KIAA0087","2.171e-06",27591
"KIAA0090","4.009e-02",23934
"KIAA0100","4.784e-03",24981
"KIAA0101","1.476e-04",26308
"KIAA0125","1.766e-04",26247
"KIAA0141","6.284e-08",28509
"KIAA0196","5.434e-03",24925
"KIAA0232","2.983e-03",25183
"KIAA0240","3.907e-05",26741
"KIAA0247","1.741e-02",17896
"KIAA0284","3.117e-07",14165
"KIAA0319L;NCDN","1.855e-03",25378
"KIAA0368","1.320e-03",25513
"KIAA0408;C6orf174","2.399e-07",28175
"KIAA0430","2.626e-02",18108
"KIAA0467","3.093e-05",26814
"KIAA0494","8.771e-03",17565
"KIAA0495","1.361e-03",16772
"KIAA0513","2.990e-03",25182
"KIAA0556","1.836e-03",25382
"KIAA0562;DFFB","5.245e-06",14930
"KIAA0564","4.176e-05",26720
"KIAA0649","1.074e-02",17660
"KIAA0652","1.995e-02",17965
"KIAA0652;HARBI1","2.835e-05",26841
"KIAA0664","3.267e-08",13606
"KIAA0753","3.033e-03",25176
"KIAA0754;MACF1","1.355e-02",17772
"KIAA0802","1.839e-04",26233
"KIAA0831","2.629e-06",27538
"KIAA0892","3.968e-03",17211
"KIAA0895","1.881e-08",28798
"KIAA0895L;EXOC3L","2.570e-03",17028
"KIAA0913","1.459e-02",24465
"KIAA1009","3.391e-03",25129
"KIAA1024","1.961e-04",26211
"KIAA1026;C1orf126","1.755e-02",24373
"KIAA1109","8.584e-03",24718
"KIAA1191","6.060e-04",25809
"KIAA1210","5.602e-04",25838
"KIAA1211","1.845e-12",30737
"KIAA1217","5.740e-04",25829
"KIAA1244","8.676e-07",27840
"KIAA1244;PBOV1","2.545e-07",28160
"KIAA1257","1.036e-02",17643
"KIAA1267","2.146e-03",16954
"KIAA1310","1.025e-02",17638
"KIAA1324","2.529e-02",18088
"KIAA1328","2.515e-05",26878
"KIAA1370","1.350e-03",25504
"KIAA1377","1.680e-02",24395
"KIAA1383","5.170e-03",24947
"KIAA1407","2.203e-06",27587
"KIAA1409","5.154e-06",27348
"KIAA1409;COX8C","3.607e-05",26766
"KIAA1429","8.070e-04",16571
"KIAA1432","2.971e-02",24099
"KIAA1462","2.656e-02",24159
"KIAA1468","7.469e-03",24782
"KIAA1486","1.457e-11",30337
"KIAA1522","1.546e-09",12907
"KIAA1524;DZIP3","1.776e-02",24367
"KIAA1529","1.326e-06",27726
"KIAA1539","3.663e-06",27445
"KIAA1632","7.140e-04",25748
"KIAA1683","5.663e-04",25834
"KIAA1712","2.976e-05",26826
"KIAA1715","1.877e-02",24339
"KIAA1737","1.588e-02",17850
"KIAA1755","7.626e-05",26527
"KIAA1826","1.582e-06",27678
"KIAA1875","1.967e-04",16063
"KIAA1875;MAF1","2.010e-07",14053
"KIAA1949","4.671e-02",23847
"KIAA1967;C8orf58","5.507e-06",27329
"KIAA1984;LOC100131193","2.485e-09",13012
"KIAA1984;LOC100131193;C9orf86","7.055e-03",17465
"KIAA2013","1.397e-02",17787
"KIAA2022","3.711e-07",14210
"KIAA2026","4.566e-02",23860
"KIF11","2.165e-04",26177
"KIF13B","2.381e-07",28177
"KIF14","4.548e-05",26693
"KIF15;KIAA1143","5.898e-04",25819
"KIF16B","4.218e-10",29647
"KIF17","1.801e-11",11978
"KIF18B","5.012e-06",27356
"KIF1B","1.844e-06",27636
"KIF20A","3.524e-02",18267
"KIF20B","1.326e-03",25511
"KIF21A","2.601e-03",25240
"KIF2A","1.837e-06",14636
"KIF2B","3.193e-09",29205
"KIF3A","1.897e-08",28796
"KIF3C","1.620e-02",24413
"KIF4A;PDZD11","1.987e-02",17963
"KIF5B","5.466e-04",25847
"KIF5C","4.580e-03",25000
"KIF5C;MIR1978","8.454e-09",28984
"KIF6","7.417e-06",27243
"KIF7","2.325e-02",18044
"KIF9","2.626e-02",24165
"KIFAP3","4.466e-03",17262
"KIFC2","4.347e-07",14251
"KIFC2;CYHR1","1.930e-02",24325
"KIN","9.815e-07",27807
"KIR2DL4","4.562e-04",25913
"KIR2DS4","2.049e-04",26196
"KIR3DL1","6.781e-06",27269
"KIR3DL2","3.473e-04",26011
"KIR3DL3","1.047e-04",26423
"KIR3DX1","2.591e-06",27542
"KIRREL2","2.281e-03",25294
"KIRREL3","2.640e-05",26863
"KISS1","1.987e-02",24310
"KIT","3.895e-03",25070
"KL","1.675e-04",16008
"KLB","2.472e-02",18076
"KLC3","1.287e-02",17747
"KLF1","5.466e-04",25847
"KLF11","1.281e-22",7801
"KLF12","1.123e-09",29436
"KLF14","3.095e-02",18196
"KLF15","3.174e-03",17116
"KLF2","2.238e-10",12492
"KLF3","9.063e-09",13305
"KLF3;FLJ13197","1.316e-03",25514
"KLF4","6.496e-05",15694
"KLF7","5.066e-16",32187
"KLHDC1","2.893e-08",28696
"KLHDC3;C6orf153","1.378e-07",13958
"KLHDC4","1.018e-04",15841
"KLHDC5","3.932e-02",23945
"KLHDC8B","3.805e-03",25080
"KLHDC9","2.268e-06",14694
"KLHL1","1.016e-07",28391
"KLHL14","3.129e-07",28107
"KLHL17","2.885e-11",12072
"KLHL17;PLEKHN1","1.832e-03",16890
"KLHL18","1.529e-07",28289
"KLHL1;ATXN8OS","9.499e-11",29959
"KLHL2","5.596e-03",17361
"KLHL20","3.778e-04",25981
"KLHL21","7.740e-08",13815
"KLHL22","5.241e-03",24941
"KLHL25","4.646e-02",23850
"KLHL25;MIR1276","3.609e-11",30156
"KLHL26","4.915e-07",27990
"KLHL28","9.170e-06",27181
"KLHL28;FAM179B","6.338e-09",29050
"KLHL2;GK3P","1.503e-06",27692
"KLHL3","7.133e-09",29023
"KLHL31","1.614e-13",31189
"KLHL32","4.384e-03",25019
"KLHL35","6.573e-12",11780
"KLHL36","3.828e-02",18313
"KLHL38","4.744e-02",23838
"KLHL4","6.120e-09",29058
"KLHL5","1.283e-04",26355
"KLHL6","1.108e-04",26404
"KLHL7","3.121e-04",26049
"KLK1","8.167e-03",17532
"KLK10","2.464e-04",26132
"KLK11","4.061e-09",13122
"KLK13","1.616e-03",25433
"KLK15","8.292e-03",24734
"KLK2","4.480e-02",18402
"KLK4","1.165e-09",29428
"KLK5","3.454e-02",18256
"KLK6","4.981e-04",16392
"KLK7","1.341e-02",24506
"KLK9","2.658e-09",13027
"KLK9;KLK8","3.746e-02",23972
"KLKP1","3.211e-02",24057
"KLRA1","2.570e-03",25245
"KLRAQ1","1.183e-07",13920
"KLRB1","6.080e-03",24875
"KLRC1","7.068e-06",27257
"KLRD1","8.713e-04",25673
"KLRF1","3.043e-08",28684
"KLRG1","3.384e-09",29192
"KPNA1","3.904e-02",23949
"KPNA2","1.213e-06",27750
"KPNA3","5.312e-03",24935
"KPNA4","9.792e-05",26445
"KPNA7","3.349e-02",24034
"KRBA1","5.431e-06",27333
"KREMEN2;PAQR4","5.819e-04",16449
"KRI1","6.029e-05",15670
"KRIT1;ANKIB1","9.908e-04",25624
"KRR1","1.016e-02",24639
"KRR1;GLIPR1","5.162e-04",25868
"KRT1","1.816e-12",30740
"KRT10;TMEM99","4.318e-02",18381
"KRT12","8.743e-06",27195
"KRT13","3.265e-09",13073
"KRT14","3.267e-05",26797
"KRT15","1.724e-09",12931
"KRT17","2.472e-02",18076
"KRT18","3.648e-03",17175
"KRT19","4.676e-12",11714
"KRT2","2.706e-10",29741
"KRT20","2.536e-06",27548
"KRT222","7.664e-07",27873
"KRT25","4.950e-12",30548
"KRT26","2.576e-09",29253
"KRT27","1.239e-05",27092
"KRT28","2.736e-05",26852
"KRT31","4.663e-02",23848
"KRT35","1.864e-03",25376
"KRT37","4.869e-08",28571
"KRT38","1.598e-05",27016
"KRT4","3.406e-05",26784
"KRT5","1.010e-09",12814
"KRT7","2.211e-02",18018
"KRT72","9.953e-12",30412
"KRT73","2.408e-09",29268
"KRT75","1.003e-04",26437
"KRT76","4.936e-05",26667
"KRT77","1.830e-05",26975
"KRT78","1.060e-02",24619
"KRT79","2.107e-02",24280
"KRT8","5.014e-05",15611
"KRT80","2.820e-02",18146
"KRT81","5.336e-03",24933
"KRT84","7.282e-05",26542
"KRT85","6.735e-03",24829
"KRT86","4.393e-05",26704
"KRTAP1-1","3.757e-04",25983
"KRTAP1-3","4.455e-03",25012
"KRTAP1-5","4.730e-07",28000
"KRTAP10-12;C21orf29","1.559e-02",17841
"KRTAP10-1;C21orf29","6.368e-07",14351
"KRTAP10-7;C21orf29","5.223e-05",15624
"KRTAP10-8;C21orf29","3.530e-02",24005
"KRTAP12-3;C21orf29","5.803e-04",25825
"KRTAP13-2","1.378e-02",24493
"KRTAP15-1","3.159e-03",25159
"KRTAP17-1","1.786e-04",26243
"KRTAP19-2","3.400e-06",27466
"KRTAP19-3","2.395e-03",25274
"KRTAP19-6","3.642e-08",28641
"KRTAP19-7","7.083e-04",25751
"KRTAP2-1","6.841e-04",25764
"KRTAP2-2","4.598e-02",23856
"KRTAP2-4","2.975e-07",28120
"KRTAP20-2","7.327e-05",26540
"KRTAP20-3","1.235e-05",27093
"KRTAP20-4","4.045e-06",27417
"KRTAP21-1","1.350e-02",24503
"KRTAP21-3","9.908e-04",25624
"KRTAP22-2;KRTAP6-3","1.740e-04",26252
"KRTAP25-1","7.985e-04",25706
"KRTAP26-1","3.300e-02",24042
"KRTAP3-1","3.631e-05",15509
"KRTAP3-3","2.478e-03",25260
"KRTAP4-11","5.431e-06",27333
"KRTAP4-2","6.750e-04",25769
"KRTAP4-3","2.692e-04",26101
"KRTAP4-7","1.963e-03",25355
"KRTAP4-9","3.505e-03",25115
"KRTAP5-10","1.579e-04",26285
"KRTAP5-7","1.340e-06",27723
"KRTAP5-8","7.752e-03",24765
"KRTAP5-9","6.688e-06",27273
"KRTAP6-1","4.333e-02",23890
"KRTAP6-2","2.507e-04",26126
"KRTAP6-3","3.237e-04",26036
"KRTAP7-1","2.747e-02",18132
"KRTAP8-1","1.066e-03",25596
"KRTAP9-2","8.868e-09",28973
"KRTAP9-9;KRTAP9-4","1.111e-03",25580
"KRTAP9-9;KRTAP9-8","1.921e-08",28793
"KRTCAP3","1.850e-07",14032
"KRTCAP3;NRBP1","4.081e-18",9314
"KSR1","3.223e-02",18218
"KSR2","5.526e-05",26631
"KTELC1","7.820e-03",17512
"KTN1;C14orf33","1.429e-07",28306
"KY","1.585e-02",24424
"KYNU","4.119e-07",14237
"L1TD1","4.264e-03",25031
"L3MBTL3","1.453e-02",24467
"LACRT","2.078e-03",16941
"LACTB","1.622e-13",31188
"LACTB2","9.652e-04",25634
"LAD1","6.386e-03",17420
"LAGE3","3.438e-17",9649
"LAIR1","1.620e-02",24413
"LAIR2","2.609e-04",26112
"LALBA","1.359e-10",29885
"LAMA1","3.643e-04",25994
"LAMA2","3.226e-08",28670
"LAMA3","7.259e-03",17478
"LAMA4","2.858e-04",26080
"LAMA5","4.788e-10",12653
"LAMB2","3.821e-02",23961
"LAMB3","7.974e-03",17521
"LAMB4","4.543e-02",18410
"LAMC2","4.216e-05",15556
"LAMC3","2.763e-03",17058
"LANCL1","1.580e-03",25442
"LANCL2","1.308e-10",29893
"LAPTM5","7.117e-03",24804
"LARGE","1.802e-04",26240
"LARP1B","2.658e-03",17042
"LARP4","3.760e-02",18303
"LARP6","4.887e-04",25888
"LARP7;C4orf21","2.406e-02",24211
"LARS2","2.052e-15",31953
"LAS1L","5.158e-03",17325
"LASP1","3.968e-03",25062
"LASS2","2.209e-04",26170
"LASS3","2.490e-03",25258
"LAT2","5.970e-07",14334
"LATS1","5.349e-03",24932
"LBH","3.787e-02",23966
"LBR","1.792e-07",28249
"LBX1;FLJ41350","3.005e-02",24093
"LBX2;LOC151534","3.435e-02",18253
"LBXCOR1","9.202e-06",15093
"LCE1A","2.442e-05",26887
"LCE1D","4.281e-07",28026
"LCE1F","4.117e-02",18354
"LCE2B","2.338e-03",25284
"LCE2C","2.204e-03",25308
"LCE2D","1.629e-06",27670
"LCE3A","3.891e-13",31028
"LCE3D","6.993e-03",24812
"LCE4A","9.040e-04",25659
"LCE6A","4.805e-06",27368
"LCK","2.199e-02",18015
"LCMT1","1.619e-05",27012
"LCN10","1.362e-07",13955
"LCN12","8.178e-04",25697
"LCN15","1.783e-02",17908
"LCN2","4.294e-03",17245
"LCN8","9.334e-03",17594
"LCOR","4.587e-07",28008
"LCORL","2.048e-03",25338
"LCP2","4.487e-02",23870
"LCT","2.394e-04",26142
"LCTL","2.582e-02",24174
"LDB1","2.990e-03",17091
"LDB2","2.254e-03",25299
"LDHAL6B;MYO1E","9.739e-10",29467
"LDHC","3.461e-06",14812
"LDLR","3.703e-06",14831
"LDLRAD2","9.385e-07",27819
"LDOC1","5.356e-05",15632
"LECT1","1.959e-03",25356
"LEF1","1.649e-07",28270
"LELP1","2.920e-09",29225
"LEMD1","1.295e-02",24523
"LEMD2","3.377e-04",26021
"LEMD3","1.604e-02",17855
"LENG8","6.053e-03",17396
"LEPR;LEPROT","7.839e-07",27867
"LEPRE1","1.630e-05",27010
"LEPRE1;C1orf50","1.232e-08",28897
"LEPREL1","3.187e-02",24061
"LEPREL2","5.261e-04",16412
"LEPROTL1","9.160e-05",26467
"LETMD1","1.069e-04",15857
"LGALS1","4.802e-02",23831
"LGALS12","3.967e-02",23940
"LGALS2","2.087e-06",27602
"LGALS7B","4.125e-02",18355
"LGI2","4.464e-02",23873
"LGI4","1.582e-02",24425
"LGMN","8.790e-03",24707
"LGR5","3.032e-02",24088
"LGSN","4.590e-02",23857
"LHB","4.222e-04",16332
"LHCGR","1.510e-13",31201
"LHFPL1","2.629e-06",27538
"LHFPL2","1.668e-05",27003
"LHFPL3","2.141e-07",28204
"LHFPL3;LOC723809","2.466e-08",28734
"LHFPL4","3.376e-06",27468
"LHPP","1.682e-03",16856
"LHX1","6.977e-03",17460
"LHX2","7.297e-07",27886
"LHX6","1.995e-02",17965
"LHX8","1.468e-10",29869
"LIFR","7.217e-04",25744
"LIG1","6.301e-03",17414
"LIG3","1.325e-02",24512
"LIG4","9.021e-05",26472
"LILRA1","2.850e-07",28131
"LILRA2","1.245e-02",24542
"LILRA3","1.670e-04",26266
"LILRA4","1.605e-06",27674
"LILRA5","6.086e-05",26600
"LILRB1","6.644e-16",32142
"LILRB2","7.782e-06",27229
"LILRB4","8.945e-04",25663
"LILRB5","1.273e-05",27084
"LILRP2","7.714e-04",25719
"LIM2","3.404e-02",18248
"LIMA1","7.388e-03",24787
"LIMCH1","3.227e-03",25150
"LIMD2","1.070e-19",8762
"LIME1","7.135e-17",9766
"LIME1;SLC2A4RG","3.657e-03",17176
"LIMK1","1.145e-04",26393
"LIMS3-LOC440895;LOC440895","1.389e-03",25493
"LIN28","2.276e-06",27578
"LIN28B","2.875e-06",27513
"LIN7A","1.983e-02",24311
"LIN7A;MIR617","2.735e-06",27527
"LIN7A;MIR618","2.886e-06",27512
"LINGO1","1.758e-02",17901
"LINGO2","9.884e-15",31684
"LINGO3","2.502e-03",17017
"LIPA","1.870e-02",17932
"LIPG","1.939e-10",12462
"LIPH","3.246e-05",15474
"LIPJ","1.412e-05",27053
"LIPK","3.567e-08",28646
"LIPM","1.687e-03",25416
"LIPN","9.160e-05",26467
"LIX1","2.458e-05",26885
"LMBR1L","8.418e-09",28985
"LMCD1","1.520e-04",26298
"LMF2","1.053e-11",11872
"LMLN","1.027e-02",24634
"LMNA","2.114e-03",25325
"LMNB1","9.000e-03",24696
"LMNB2","1.116e-05",15150
"LMNB2;TIMM13","5.449e-07",14310
"LMO2","1.347e-02",24504
"LMO3","3.120e-08",28678
"LMO4","8.018e-07",14412
"LMOD2","1.566e-08",28841
"LMOD3","2.617e-04",26111
"LMX1B","1.945e-02",17952
"LNP1","4.941e-04",25884
"LNPEP","4.364e-02",18387
"LNX1","5.909e-09",29066
"LNX2","4.371e-02",23885
"LOC100101121;TTTY23","1.561e-04",26285.5
"LOC100101266","1.556e-04",26290
"LOC100101938","7.898e-07",27865
"LOC100126784;NAV2","1.801e-02",24360
"LOC100127888;SLCO4A1","6.660e-04",16499
"LOC100128071;TSSK3","4.356e-15",10448
"LOC100128076","3.877e-06",27429
"LOC100128164;SEC62","7.693e-04",25720
"LOC100128288","4.767e-04",25897
"LOC100128554","1.611e-09",29357
"LOC100128573","1.398e-05",27056
"LOC100128788;SRRM2","1.194e-20",8441
"LOC100128811;GPR158","2.515e-05",26878
"LOC100128977","6.276e-10",29562
"LOC100128977;IMP5","1.251e-02",17733
"LOC100129034","3.946e-02",18330
"LOC100129034;PSMB7","2.737e-02",24143
"LOC100129354","9.617e-03",17608
"LOC100129550","5.491e-05",26633
"LOC100130017","2.361e-02",18052
"LOC100130093;JMJD4","3.913e-03",17205
"LOC100130264;SLC24A3","5.541e-04",16431
"LOC100130331","1.881e-08",28798
"LOC100130331;ZP4","4.301e-08",28601
"LOC100130522;PARD6G","1.656e-02",24402
"LOC100130776;AGAP2","1.802e-04",16033
"LOC100130872","6.859e-04",25763
"LOC100130872-SPON2;SPON2","1.911e-02",24330
"LOC100130933;RECQL5","1.996e-04",26205
"LOC100130987","1.280e-03",25525
"LOC100130987;CLCF1","8.828e-03",24705
"LOC100130987;POLD4","5.801e-03",24896
"LOC100131434","9.557e-05",15820
"LOC100132111","2.906e-02",18162
"LOC100132111;C2CD4D","9.756e-09",13322
"LOC100132163","1.412e-05",27053
"LOC100132215","1.802e-08",13465
"LOC100132724;AP4E1","5.013e-03",24960.5
"LOC100132831","4.835e-02",23827
"LOC100133050","3.373e-05",26787
"LOC100133331","3.212e-03",25152
"LOC100133469","4.202e-05",26718
"LOC100133545","1.422e-05",15222
"LOC100133893","3.572e-03",17166
"LOC100133957;UXT","2.171e-06",14682
"LOC100133985","1.458e-04",26312
"LOC100133991","1.564e-11",11950
"LOC100133991;C17orf46","2.202e-11",12018
"LOC100133991;MAP3K14","1.424e-04",15953
"LOC100133991;MAP3K14;C17orf46","3.073e-05",15457
"LOC100134317","6.593e-09",29041
"LOC100134368","2.079e-04",16082
"LOC100134868","2.019e-02",24302
"LOC100144604","1.395e-04",26327
"LOC100188947;HECTD2","9.985e-04",25621
"LOC100188949","2.589e-03",25242
"LOC100189589","1.202e-02",24559
"LOC100190938","5.053e-03",24957
"LOC100190938;RAMP2","1.169e-06",14513
"LOC100190939","4.762e-03",24983
"LOC100190939;TPT1","7.442e-06",27242
"LOC100190940","4.979e-02",23810
"LOC100192378","6.126e-04",25805
"LOC100192378;ZFHX4","2.900e-02",24112
"LOC100192379;TMEM155","1.056e-02",24621
"LOC100192426;PTPRM","3.166e-03",25158
"LOC100216001","3.809e-06",14839
"LOC100216001;LOC338588","1.118e-09",12836
"LOC100240726","4.008e-08",28618
"LOC100268168","1.257e-03",16741
"LOC100270710","9.117e-03",24690
"LOC100271715","6.784e-15",31749
"LOC100271715;LOC375196","6.918e-30",5663
"LOC100271722","3.655e-07",14206
"LOC100271831;GDPD3","1.806e-05",26979
"LOC100271832;LOC285045","4.016e-02",23933
"LOC100271836","1.227e-07",13929
"LOC100272146;C17orf57","6.971e-06",15012
"LOC100286948;TIMD4","4.364e-03",25021
"LOC100287718","3.653e-02",23986
"LOC100287834","2.548e-05",26874
"LOC100287834;LOC100287704","4.347e-07",28022
"LOC100289673","1.861e-05",26970
"LOC100292680","5.986e-06",27305
"LOC100302401;RASAL2","1.231e-05",27094
"LOC100302640","3.530e-02",24005
"LOC100302652;ASB3;CHAC2","1.096e-08",28924
"LOC100302652;ASB3;ERLEC1","1.525e-03",25456
"LOC100302652;GPR75","2.425e-08",28738
"LOC100303728;SLC25A5","8.782e-04",16603
"LOC113230","1.003e-04",15836
"LOC116437","5.162e-04",25868
"LOC121952","3.392e-08",28658
"LOC126536","4.387e-02",23883
"LOC134466","2.047e-05",26941
"LOC139201","1.118e-04",26401
"LOC139201;CHIC1","9.135e-04",16618
"LOC144776","9.215e-03",24685
"LOC145474","3.448e-07",28082
"LOC145663;GATM","4.174e-16",10054
"LOC145814","1.297e-06",27732
"LOC145837","1.488e-02",24455
"LOC145845","6.888e-09",29031
"LOC146336;SSTR5","2.199e-03",16964
"LOC146481","4.288e-02",23896
"LOC146880","4.785e-11",12174
"LOC148145","1.614e-05",27013
"LOC148189","5.490e-07",27961
"LOC148696","2.676e-06",27533
"LOC148709","4.132e-02",18356
"LOC148824;OR2C3","5.695e-08",28533
"LOC149837","1.364e-02",24498
"LOC150185","2.227e-06",27584
"LOC150197","8.981e-03",24697
"LOC150381","4.220e-06",14868
"LOC150381;C22orf26","1.727e-02",17892
"LOC150568","2.031e-04",26199
"LOC150622","1.046e-08",28935
"LOC150786","6.436e-05",26582
"LOC151658","1.939e-10",29811
"LOC152024","4.153e-13",31016
"LOC152217;NCBP2","2.481e-02",24195
"LOC152225","5.077e-11",30087
"LOC153684","7.043e-06",27258
"LOC154761","1.432e-02",24474
"LOC154822","9.577e-04",25637
"LOC157381","2.162e-03",25316
"LOC157627","3.069e-07",28112
"LOC157627;MIR124-1","9.160e-05",26467
"LOC158381","1.704e-10",29838
"LOC158572;USP27X","3.049e-02",18188
"LOC169834","3.734e-08",28635
"LOC200726","8.212e-10",29504
"LOC202181","1.688e-10",12433
"LOC202781","1.342e-08",13396
"LOC219347;C10orf57","5.134e-04",25870
"LOC220429","3.343e-02",18238
"LOC220729","9.803e-03",24656
"LOC221122","1.923e-05",26960
"LOC221710","1.476e-03",25469
"LOC222699","9.887e-03",24652
"LOC253724","2.845e-06",14757
"LOC254559","5.101e-13",11295
"LOC255025","1.921e-10",29813
"LOC25845","1.148e-10",12353
"LOC282997;PDCD4","1.507e-02",24449
"LOC283050","3.054e-09",29215
"LOC283070","1.314e-02",17757
"LOC283174","8.743e-06",27195
"LOC283267","1.197e-02",24561
"LOC283404","2.353e-04",26148
"LOC283731;ISLR2","1.372e-02",17778
"LOC283761","3.005e-05",26823
"LOC283856","1.493e-04",26304
"LOC283914","2.948e-03",25188
"LOC284009","6.287e-03",24860
"LOC284009;METT10D","7.494e-06",27240
"LOC284023","6.040e-03",17395
"LOC284100","4.215e-07",28030
"LOC284232","2.917e-06",27509
"LOC284276","6.868e-05",15712
"LOC284379","5.520e-03",24918
"LOC284412","1.265e-09",29410
"LOC284440","3.183e-04",26042
"LOC284551","1.029e-02",24633
"LOC284661","1.240e-06",27744
"LOC284688","9.558e-13",30861
"LOC284798","3.736e-04",16288
"LOC284805","1.547e-02",24436
"LOC284837","3.407e-03",17146
"LOC285033","8.602e-03",24717
"LOC285205","2.094e-11",30265
"LOC285359","1.212e-02",24555
"LOC285370","1.888e-04",16049
"LOC285375","6.868e-05",15712
"LOC285401","2.194e-02",18014
"LOC285419","2.527e-03",25252
"LOC285548","6.181e-11",30047
"LOC285550","1.232e-07",28343
"LOC285593","1.170e-04",26386
"LOC285629","4.644e-03",24994
"LOC285696","8.584e-03",24718
"LOC285696;BASP1","1.228e-03",25541
"LOC285733","1.708e-09",29344
"LOC285735","1.646e-04",26271
"LOC285740","1.298e-02",24522
"LOC285796","5.973e-05",15667
"LOC285830;HLA-F","3.343e-07",14183
"LOC285954","4.520e-05",26695
"LOC285954;INHBA","8.579e-14",31303
"LOC286094","4.497e-03",25008
"LOC286238","4.147e-03",25043
"LOC286359","9.849e-06",27160
"LOC286367","1.709e-07",28261
"LOC338799","1.375e-03",16776
"LOC339290;C18orf18","4.873e-04",16384
"LOC339524","7.217e-04",25744
"LOC339535","1.105e-05",15147
"LOC339674","7.432e-04",25733
"LOC339788","9.383e-15",31693
"LOC340074","7.474e-12",11805
"LOC340357","9.783e-06",27162
"LOC340508","1.662e-03",25422
"LOC342346","2.906e-02",18162
"LOC344967","6.500e-04",25783
"LOC348021","2.523e-05",26877
"LOC349114","2.872e-05",26837
"LOC349196","3.159e-03",25159
"LOC360030","1.108e-04",26404
"LOC374491","2.334e-02",24227
"LOC375190","1.438e-02",17801
"LOC375196;LOC100271715","1.154e-29",5724
"LOC388387","4.970e-02",18462
"LOC388428;AATK","1.627e-02",17862
"LOC388692","3.068e-09",29214
"LOC388789","3.904e-02",23949
"LOC388796","1.963e-07",28226
"LOC388796;SNORA71A","1.051e-02",17650
"LOC388796;SNORA71D","6.947e-03",17458
"LOC388946","2.602e-04",26113
"LOC388965","4.031e-02",23931
"LOC389033","7.101e-03",24805
"LOC389333","1.114e-06",14500
"LOC389458","4.673e-15",31813
"LOC389634","9.049e-05",15802
"LOC389705","2.201e-07",28197
"LOC390594","3.293e-06",27475
"LOC390595","7.578e-07",27876
"LOC390858","2.641e-02",18111
"LOC392196;FAM66D","3.691e-03",25093
"LOC399753","1.961e-04",26211
"LOC399815;FAM24B","1.451e-05",15228
"LOC399959","1.507e-08",28850
"LOC399959;MIR100","4.794e-04",16378
"LOC399959;MIR125B1","1.603e-05",15258
"LOC399959;MIRLET7A2","9.845e-03",17619
"LOC400578","3.204e-03",17120
"LOC400752","7.325e-07",14388
"LOC400794;LRRC52","2.072e-06",14669
"LOC400804","2.087e-02",24285
"LOC400891","1.187e-02",24565
"LOC400891;P2RX6P","2.270e-10",29778
"LOC400927","7.743e-05",26522
"LOC400931","4.810e-02",18443
"LOC400931;MIRLET7B","1.604e-03",16837
"LOC400940","5.446e-16",32175
"LOC401097","3.859e-03",17199
"LOC401127","4.215e-07",28030
"LOC401387","1.227e-05",27095
"LOC401431","2.453e-02",24201
"LOC401431;ATP6V0E2","9.779e-04",16644
"LOC401463","5.388e-09",29087
"LOC402644","2.243e-03",25301
"LOC404266;HOXB6","4.059e-02",23927
"LOC407835","2.514e-04",26125
"LOC440040","7.383e-10",29527
"LOC440335","6.131e-08",13758
"LOC440563","7.027e-07",27896
"LOC440839","4.486e-03",17264
"LOC440896","1.111e-03",25580
"LOC440925","2.000e-05",26948
"LOC440926;H3F3A","1.252e-05",15184
"LOC440957","2.384e-03",25276
"LOC441177;C6orf176","8.334e-05",26498
"LOC441204","2.652e-03",25232
"LOC441294","2.540e-08",28727
"LOC441601","1.511e-04",26300
"LOC441666","1.608e-05",27014
"LOC441869","5.387e-07",14307
"LOC442293","3.704e-04",25988
"LOC442421","8.863e-06",27191
"LOC442459","1.237e-08",28896
"LOC494141","3.643e-04",25994
"LOC541473","1.765e-06",14625
"LOC550112","1.379e-10",29882
"LOC552889","3.367e-03",25132
"LOC553137","2.615e-05",15407
"LOC554203","4.971e-07",27987
"LOC55908;DOCK6","1.105e-05",15147
"LOC619207","2.356e-02",24222
"LOC641518","1.982e-11",11997
"LOC641746","3.019e-03",25178
"LOC642006","9.291e-08",28413
"LOC642587","1.546e-08",13429
"LOC642587;MIR205","2.012e-06",14661
"LOC642597","3.203e-11",30180
"LOC642846","1.288e-07",13941
"LOC642852","7.307e-03",24792
"LOC643406","4.921e-05",26668
"LOC643486","3.894e-10",29664
"LOC643677","3.907e-05",26741
"LOC643719","1.258e-08",28892
"LOC643837","1.888e-04",26224
"LOC644145","5.774e-13",30955
"LOC644165","2.558e-03",25247
"LOC644649","1.778e-06",27646
"LOC645166","1.266e-02",24534
"LOC645323","1.884e-12",30733
"LOC645676;ASH1L","1.866e-02",17931
"LOC646405","6.226e-13",30941
"LOC646627","4.959e-06",27359
"LOC646762","1.364e-02",24498
"LOC646813","1.323e-03",25512
"LOC646999","6.301e-03",24859
"LOC647121","6.713e-13",30927
"LOC647288","2.616e-08",28720
"LOC647309","3.538e-09",29182
"LOC647859","7.838e-04",25713
"LOC647979","2.079e-04",26191
"LOC648691;PRAME","6.345e-04",16481
"LOC648740;AMY2B","4.258e-14",31428
"LOC649330;HNRNPCL1","2.627e-03",25236
"LOC649395","1.085e-06",27780
"LOC650226","1.497e-10",29865
"LOC650368","4.248e-07",28028
"LOC650623","4.264e-06",27402
"LOC651250","4.601e-03",17275
"LOC653391;LOC100170939","6.674e-05",26569.5
"LOC653566","3.467e-02",24015
"LOC653786","1.202e-05",15172
"LOC727677","6.762e-05",26566
"LOC727924;OR4M2","2.285e-02",24238
"LOC728264","5.446e-03",24924
"LOC728264;MIR143","1.082e-04",26412
"LOC728448","3.181e-03",17117
"LOC728613","2.231e-13",31130
"LOC728743","7.008e-03",17462
"LOC728855","9.908e-04",16649
"LOC728875","2.596e-02",24171
"LOC728927","7.105e-08",28479
"LOC729176;C6orf103","2.287e-04",26158
"LOC729375","3.066e-02",18191
"LOC729384","3.689e-05",26759
"LOC729603;IGF2R","4.890e-06",14910
"LOC729609","2.020e-05",15328
"LOC730101","5.172e-06",14926
"LOC730668","7.055e-03",24808
"LOC730755","1.905e-08",28795
"LOC730811;MYT1L","9.477e-04",25641
"LOC731275","1.560e-03",25447
"LOC80054","1.725e-04",26255
"LOC80154","3.946e-02",23943
"LOC84740","2.747e-02",18132
"LOC84931","6.961e-08",13789
"LOC90110","4.404e-03",25017
"LOC90246","3.634e-09",13097
"LOC91316","2.918e-08",28694
"LOC91450","1.575e-02",17846
"LOC92973","1.862e-02",24343
"LOC93432","9.552e-04",25638
"LOH12CR1;LOH12CR2","4.245e-03",25033
"LONP1","1.173e-06",14514
"LONRF1","2.577e-02",24175
"LONRF3","7.039e-03",17464
"LOR","5.336e-03",24933
"LOXHD1","1.350e-02",24503
"LOXL2","3.113e-05",26812
"LOXL3;DOK1","3.694e-04",25989
"LPA","3.932e-03",25066
"LPAR2","2.826e-05",15431
"LPAR4","2.496e-11",30230
"LPCAT1","4.324e-05",15564
"LPCAT2","3.156e-04",26045
"LPCAT2;CAPNS2","6.859e-04",16510
"LPHN1","1.859e-02",17929
"LPHN2","8.391e-06",27207
"LPHN3","3.760e-02",23970
"LPIN1","6.642e-04",25775
"LPIN2","1.610e-02",17857
"LPPR1","4.210e-14",31430
"LPPR4","3.382e-07",28087
"LPPR5","2.933e-02",24106
"LPXN","9.215e-05",26465
"LRBA","7.484e-09",29012
"LRBA;MAB21L2","2.822e-15",31899
"LRCH1","1.012e-03",25616
"LRCH2","5.247e-04",25862
"LRCH4","4.895e-03",17302
"LRDD","2.548e-05",15399
"LRFN1","1.522e-02",17829
"LRFN3","3.021e-02",18183
"LRFN4;PC","3.072e-02",24081
"LRFN5","4.495e-06",27387
"LRG1","2.933e-02",18167
"LRIG3","1.956e-04",16061
"LRIT2","4.109e-03",25047
"LRIT3","1.194e-03",25552
"LRP10","1.354e-04",26337
"LRP11","3.640e-07",28068
"LRP1;MIR1228","1.389e-07",13960
"LRP1B","1.288e-07",28332
"LRP2BP","1.132e-05",27119
"LRP5L","5.508e-03",24919
"LRPPRC","3.147e-04",26046
"LRRC10","2.122e-05",26930
"LRRC10B","1.261e-15",10238
"LRRC14","8.326e-10",12772
"LRRC14;LRRC24","2.334e-06",14702
"LRRC14B","7.917e-06",15049
"LRRC16B","1.922e-02",24327
"LRRC18;WDFY4","2.611e-09",29250
"LRRC23;ENO2","1.092e-02",17668
"LRRC24;LRRC14","1.327e-10",12383
"LRRC24;MGC70857","1.797e-12",11531
"LRRC28","1.495e-05",27036
"LRRC29;TMEM208","9.679e-03",24662
"LRRC2;TDGF1","9.172e-12",30428
"LRRC3","1.479e-02",24458
"LRRC30","1.427e-06",27706
"LRRC32","7.854e-03",24759
"LRRC34","4.234e-04",16333
"LRRC37A3","1.670e-03",25420
"LRRC37B","1.979e-02",17961
"LRRC39","5.261e-04",25861
"LRRC39;CCDC76","1.020e-03",25613
"LRRC3B","6.535e-13",30932
"LRRC40;SFRS11","8.858e-05",26478
"LRRC41","2.068e-03",25334
"LRRC41;UQCRH","2.747e-02",24141
"LRRC43;IL31","2.248e-03",16973
"LRRC49","2.145e-08",28767
"LRRC49;THAP10","9.576e-03",24667
"LRRC4B","4.885e-02",18452
"LRRC4C","2.310e-05",26904
"LRRC52;LOC400794","1.937e-02",24323
"LRRC55","2.810e-03",25208
"LRRC56","3.147e-04",16227
"LRRC57","3.318e-02",18234
"LRRC57;HAUS2","6.386e-03",24853
"LRRC59","1.510e-02",24448
"LRRC6","1.286e-08",28887
"LRRC61;ACTR3C","1.042e-13",11005
"LRRC66","4.415e-03",25016
"LRRC69","7.871e-03",24758
"LRRC7","4.463e-10",29635
"LRRC70;IPO11","9.160e-05",26467
"LRRC7;PIN1L","4.191e-02",23909
"LRRC8A","1.395e-07",13961
"LRRC8B","2.023e-03",16930
"LRRC8C","2.318e-05",26903
"LRRCC1","4.877e-02",18451
"LRRIQ3;TNNI3K;FPGT","2.557e-02",24179
"LRRK1","1.433e-04",15955
"LRRK2","1.159e-04",26389
"LRRN1","4.962e-03",24965
"LRRN3;IMMP2L","1.135e-04",26396
"LRRTM1;CTNNA2","4.840e-07",27994
"LRRTM2;CTNNA1","1.486e-17",32757
"LRRTM4","4.442e-10",29636
"LRTM2;CACNA2D4","5.511e-04",25844
"LRTOMT","8.346e-03",24731
"LRTOMT;NUMA1","6.705e-03",24831
"LSAMP","2.083e-10",29796
"LSG1","2.646e-03",25233
"LSM14B","8.482e-07",27846
"LSM1;BAG4","8.455e-03",24725
"LSM3","1.340e-03",25507
"LSM6","5.787e-04",25826
"LSM7","5.697e-03",17369
"LSS","8.049e-04",16570
"LTA4H","1.279e-02",24529
"LTB4R","5.995e-04",16460
"LTB4R2;CIDEB","2.863e-02",24119
"LTB4R2;CIDEB;LTB4R","2.839e-07",14141
"LTB4R2;LTB4R;CIDEB","2.466e-05",15389
"LTB4R;CIDEB","1.465e-05",15231
"LTB4R;LTB4R2;CIDEB","1.894e-11",11988
"LTBP3","5.383e-13",11305
"LTBP3;SCYL1","4.231e-15",10443
"LTBP4","3.522e-09",13090
"LTC4S","4.761e-02",23836
"LTK","7.026e-04",16519
"LTV1","5.064e-06",27353
"LUC7L3","9.754e-08",13872
"LUM","9.275e-15",31695
"LUZP1","2.199e-17",32695
"LUZP2","6.611e-18",32884
"LUZP4","2.474e-09",29262
"LVRN","1.068e-05",27136
"LY6D","1.216e-04",15900
"LY6E","2.515e-07",14110
"LY6E;LOC100133669","3.967e-02",18333
"LY6G6D","8.419e-03",24727
"LY6G6E","3.191e-07",28102
"LY6G6E;LY6G6D","6.066e-09",29060
"LY6G6F","3.773e-02",23968
"LY6H","5.587e-04",25839
"LY6K","1.087e-09",12830
"LY75","2.823e-18",9257
"LY86","1.128e-07",28365
"LY86;LOC285780","9.585e-06",27168
"LY9","6.049e-06",27302
"LY96","9.139e-06",27182
"LYG2","8.528e-03",24721
"LYL1","1.306e-02",17754
"LYPD1","2.823e-03",25206
"LYPD3","2.624e-04",16163
"LYPD5","2.140e-04",16092
"LYPD6B","2.864e-03",25200
"LYPLA1","2.154e-10",29789
"LYPLA2","6.107e-03",24873
"LYRM1","2.020e-05",26945
"LYRM1;DCUN1D3","3.300e-02",24042
"LYRM2","2.000e-05",26948
"LYRM4;FARS2","8.595e-06",27200
"LYRM5","6.679e-05",26570
"LYSMD4","7.212e-03",24798
"LYST","1.225e-09",29417
"LYST;MIR1537","1.125e-02",24591
"LYVE1","9.302e-09",28962
"LYZ","1.046e-08",28935
"LYZL4","3.456e-03",17152
"LYZL6","6.952e-04",25758
"M6PR;PHC1","5.754e-05",15655
"MAB21L1;MIR548F5;NBEA","8.626e-12",30440
"MAB21L2;LRBA","5.725e-07",27950
"MACC1","1.516e-02",17827
"MACROD1","3.391e-03",25129
"MACROD1;FLRT1","9.950e-06",27157
"MAD2L1","6.121e-03",24872
"MAD2L1BP;GTPBP2","8.009e-03",24750
"MADD;NR1H3","4.273e-02",23898
"MAEA","1.727e-02",24381
"MAF1;KIAA1875","1.824e-05",15297
"MAFA","9.430e-10",12799
"MAFB","2.490e-02",24193
"MAFF","1.371e-18",9146
"MAFG","1.773e-03",25396
"MAG","4.970e-02",18462
"MAGEA1","3.693e-02",23980
"MAGEA10","2.038e-02",24297
"MAGEA12;CSAG1","1.099e-02",24602
"MAGEA2","1.944e-03",25359
"MAGEA3","4.445e-03",25013
"MAGEA8","4.176e-02",23911
"MAGEB1","1.485e-05",27038
"MAGEB16","1.016e-05",27151
"MAGEB18","2.692e-05",26857
"MAGEB2","5.602e-11",30067
"MAGEB3","1.079e-05",27133
"MAGEB4","4.304e-03",25027
"MAGEC1","1.259e-06",27740
"MAGEC2","4.483e-08",28591
"MAGEC3","4.234e-06",27404
"MAGED1","7.673e-04",16552
"MAGED2","3.467e-02",18258
"MAGED2;SNORA11","1.765e-06",27648
"MAGEE2","1.665e-04",26267
"MAGEF1","8.621e-03",24716
"MAGEH1","9.015e-06",27186
"MAGEL2","3.056e-06",27496
"MAGI1","2.670e-04",26104
"MAGI2","5.987e-09",29063
"MAGI3","1.372e-02",24495
"MAGIX","2.183e-03",16961
"MAGOH","1.231e-05",27094
"MAK","2.763e-08",28707
"MAK16","5.596e-03",17361
"MAK16;C8orf41","4.273e-02",23898
"MAL","1.350e-06",27721
"MALT1","5.747e-07",14324
"MAMDC2","8.108e-05",26507
"MAML1","3.486e-11",30163
"MAML3","1.029e-09",29455
"MAMLD1","4.264e-07",28027
"MAMSTR;RASIP1","1.660e-02",24401
"MAN1A1","2.136e-05",26928
"MAN1A2","5.076e-03",24955
"MAN2A1","4.398e-09",29133
"MAN2A2","1.933e-04",16057
"MAN2B1","1.472e-03",25470
"MAN2B1;C19orf56;MORG1","2.784e-06",14751
"MANBA","5.170e-03",24947
"MANBAL","2.745e-06",27526
"MANEA","6.372e-03",24854
"MANF","1.282e-02",17745
"MANSC1","3.027e-02",18184
"MAOA","9.557e-05",15820
"MAP1A","1.330e-03",25510
"MAP1D","3.925e-02",23946
"MAP1LC3A","4.344e-03",17250
"MAP1LC3B2","1.014e-12",11423
"MAP1LC3C","2.885e-19",33363
"MAP2K1","9.087e-04",16616
"MAP2K3","7.127e-05",26549
"MAP2K4","1.435e-03",25480
"MAP2K4;MIR744","4.679e-05",26684
"MAP2K6","1.760e-03",25399
"MAP2K7","1.907e-02",17942
"MAP3K1","5.300e-03",24936
"MAP3K11","5.048e-18",9347
"MAP3K13","3.804e-10",29669
"MAP3K14","7.159e-04",16526
"MAP3K15;PDHA1","1.659e-06",27665
"MAP3K6","2.519e-08",13544
"MAP3K7","1.113e-02",24596
"MAP3K7IP1","1.122e-06",27771
"MAP3K7IP3","1.564e-06",14592
"MAP3K9","3.932e-06",27425
"MAP4K1","1.450e-02",17805
"MAP4K3","1.769e-03",25397
"MAP4K4","5.958e-08",28522
"MAP4K5","2.243e-03",25301
"MAP4K5;ATL1","1.033e-03",25608
"MAP7","2.379e-05",26895
"MAP7D2","4.135e-07",14238
"MAP9","6.544e-03",17431
"MAPK1","8.698e-05",26484
"MAPK10","9.181e-11",29966
"MAPK12","6.260e-04",16476
"MAPK13","4.033e-05",15542
"MAPK14","9.139e-06",27182
"MAPK15","3.034e-06",14775
"MAPK3","2.210e-08",28760
"MAPK6","3.642e-05",26763
"MAPK8IP2","9.971e-03",24648
"MAPK8IP3","1.178e-06",14515
"MAPKAPK3","1.025e-03",25611
"MAPKBP1","5.087e-07",14292
"MAPKSP1","1.501e-02",24451
"MAPRE1","1.119e-03",25577
"MAPRE2","2.894e-09",29227
"MAPRE3","2.789e-02",24133
"MAPT;LOC100128977","1.663e-02",17873
"MAPT;LOC100128977;LOC100130148","3.939e-02",18329
"MAPT;LOC100130148;LOC100128977","2.374e-02",18055
"MARCH1","1.646e-18",33099
"MARCH10","8.922e-04",25664
"MARCH11","2.654e-04",26106
"MARCH3","1.925e-03",25363
"MARCH4","3.281e-08",28666
"MARCH6","3.906e-04",25969
"MARCH7","1.787e-03",25393
"MARCH8","6.574e-08",28498
"MARCH9","5.428e-07",27964
"MARCKS","2.435e-08",13536
"MARCO","3.073e-05",26816
"MARK1","1.949e-02",24320
"MARK3","3.081e-07",28111
"MARK4","8.847e-03",17569
"MARS","2.127e-04",26183
"MARS2","5.630e-05",26625
"MARVELD1","2.232e-03",25303
"MARVELD2","3.369e-07",14185
"MAS1","1.459e-02",24465
"MAS1L","1.578e-02",24426
"MAST1","8.149e-03",17531
"MAST2","4.081e-02",23924
"MAST4","1.867e-05",26969
"MAT2A","5.508e-10",12683
"MAT2B","7.039e-03",24809
"MATN1","2.058e-02",24292
"MATN2","2.784e-02",24134
"MATN3","7.275e-03",17479
"MATN4","4.297e-05",26711
"MATN4;RBPJL","2.640e-05",26863
"MATR3","5.217e-03",17330
"MATR3;SNHG4","2.310e-05",26904
"MAVS","8.109e-06",27217
"MAX","2.716e-04",16175
"MAZ","1.400e-07",13962
"MB","7.632e-04",25723
"MBD1","6.396e-04",16484
"MBD3L1","4.284e-03",25029
"MBD3L2","5.872e-03",24890.5
"MBD3L5","1.839e-04",26233
"MBD4","3.994e-04",16312
"MBD5","6.374e-12",30499
"MBD6;DDIT3","1.560e-03",25447
"MBIP","1.519e-02",24445
"MBL1P","2.932e-04",16202
"MBLAC1","6.588e-03",17434
"MBLAC2","2.957e-04",16205
"MBNL1","5.643e-06",27322
"MBNL1;TMEM14E","2.430e-02",24206
"MBNL2","4.512e-04",25917
"MBOAT2","3.021e-02",24090
"MBOAT7","5.276e-03",24938
"MBOAT7;TMC4","4.480e-02",18402
"MBTD1","2.776e-03",17060
"MBTPS1","5.966e-06",27306
"MBTPS2","5.959e-03",17389
"MC1R","2.109e-06",14674
"MC2R","1.956e-04",26212
"MC3R","5.310e-08",28550
"MC4R","2.958e-15",31891
"MC5R","3.173e-08",28674
"MCART1","8.510e-03",17551
"MCART2","1.669e-07",28267
"MCART3P","1.986e-07",28223
"MCART6;ZCCHC18","4.655e-02",18424
"MCAT","3.917e-04",25968
"MCCC2","7.693e-04",25720
"MCCD1","3.498e-02",18263
"MCF2L","1.596e-11",30319
"MCF2L2;B3GNT5","2.817e-07",28134
"MCFD2;TTC7A","3.250e-03",25147
"MCHR1","1.742e-05",26990
"MCHR2","3.212e-06",27482
"MCM10","2.490e-02",24193
"MCM2","1.556e-11",11949
"MCM3","4.140e-10",12622
"MCM3APAS;LSS","7.880e-04",16562
"MCM4","2.736e-03",17054
"MCM5","2.783e-03",17061
"MCM6","1.371e-03",25498
"MCM7","1.193e-07",13922
"MCM7;MIR106B","7.116e-06",15018
"MCM7;MIR25","7.729e-06",15042
"MCM7;MIR25;MIR93","3.950e-03",17209
"MCM8;TRMT6","2.258e-05",26911
"MCOLN2","7.212e-03",24798
"MCTP2","3.235e-03",25149
"MDC1","3.189e-06",14789
"MDFI","2.309e-06",27574
"MDFIC","2.615e-05",26866
"MDGA1","4.126e-08",13662
"MDGA2","8.130e-09",28993
"MDH1","4.348e-02",23888
"MDH1;C2orf86","7.353e-04",25737
"MDH2","4.039e-04",16316
"MDK;DGKZ","5.204e-04",16408
"MDM4","9.039e-03",24694
"MDN1","5.772e-04",25827
"MDP1","7.888e-03",17516
"MDS2","9.713e-13",11415
"ME1","3.835e-02",23959
"ME2","2.352e-02",18050
"MEAF6","2.008e-03",16927
"MECOM","8.638e-08",28431
"MED1","6.048e-05",26602
"MED10","1.864e-03",25376
"MED11","2.562e-02",24178
"MED12","6.273e-03",17412
"MED12L","3.152e-02",24067
"MED12L;GPR171","4.968e-04",25882
"MED12L;GPR87","7.401e-15",10539
"MED12L;P2RY12","7.549e-07",27877
"MED12L;P2RY14","5.900e-05",26610
"MED13L","3.448e-02",24018
"MED15","3.164e-02",18208
"MED16","3.293e-04",16243
"MED18","1.537e-03",25453
"MED19","2.088e-03",16943
"MED19;TMX2","3.657e-03",25097
"MED20;BYSL","9.502e-04",16633
"MED22","7.008e-03",17462
"MED23","1.514e-03",25459
"MED24","9.933e-04",25623
"MED26","9.499e-11",12314
"MED27","2.360e-04",26147
"MED30","3.034e-05",26820
"MED31;C17orf100","2.561e-08",13548
"MEF2A","3.568e-02",23999
"MEF2C","5.511e-07",27960
"MEG3","3.562e-04",26002
"MEG8","7.905e-03",24756
"MEGF6","1.702e-05",26997
"MEGF6;MIR551A","9.414e-03",24675
"MEGF9","9.207e-04",25652
"MEI1","7.237e-13",11360
"MEIS1","3.946e-17",9671
"MEOX1","2.284e-06",14696
"MEP1B","1.765e-06",27648
"MEPCE","3.948e-07",14226
"MEPCE;ZCWPW1","1.428e-03",25482
"MEPE","1.170e-04",26386
"MERTK","3.648e-03",17175
"MESP1","3.033e-10",12556
"MESP2","5.331e-10",12676
"MEST","5.845e-05",15660
"MEST;MESTIT1","2.050e-07",28215
"MEST;MIR335","7.601e-03",24774
"MESTIT1;MEST","2.315e-08",28749
"MET","8.070e-04",25702
"METRN","2.333e-04",16122
"METT10D","7.854e-03",17514
"METT11D1","2.678e-03",25228
"METT5D1;KIF18A","4.970e-02",23811
"METTL1","4.353e-04",16343
"METTL10","3.807e-02",23963
"METTL11A","1.245e-02",17731
"METTL11B","2.593e-10",29750
"METTL13","1.267e-03",25529
"METTL14","3.201e-06",27483
"METTL3","4.543e-02",23863
"METTL6;EAF1","4.487e-04",25919
"METTL9","2.891e-04",26076
"METTL9;IGSF6","2.430e-02",24206
"MEX3A","1.245e-02",17731
"MEX3C","4.125e-02",23918
"MEX3D","9.852e-12",11859
"MFAP1","5.754e-19",9014
"MFAP5","8.048e-07",27860
"MFGE8","3.805e-03",25080
"MFHAS1","1.061e-05",15135
"MFI2","1.403e-02",17789
"MFN1","9.135e-04",25655
"MFN2","8.945e-04",16610
"MFSD1","1.933e-02",24324
"MFSD11","1.522e-02",17829
"MFSD2A","6.993e-03",24812
"MFSD2B","1.945e-02",17952
"MFSD3","2.601e-06",14732
"MFSD4","3.112e-04",26050
"MFSD6","4.410e-02",23880
"MFSD8;C4orf29","1.352e-02",24502
"MGA","4.582e-14",10858
"MGAT1","8.081e-06",15055
"MGAT4A","1.533e-04",26295
"MGAT4B;MIR1229","6.721e-05",15705
"MGAT4B;SQSTM1","2.492e-04",16145
"MGAT4C","1.300e-09",29404
"MGC12982","3.782e-09",29167
"MGC12982;FOXD2","1.949e-02",24320
"MGC14436;C12orf34","6.310e-20",33589
"MGC16121","2.362e-07",14094
"MGC16121;MIR424;MIR503","3.582e-04",26000
"MGC16121;MIR503","5.289e-05",26645
"MGC16275","2.933e-09",29224
"MGC16703;P2RX6","8.831e-05",26479
"MGC2752","1.843e-07",28242
"MGC2889;HRASLS","2.464e-04",26132
"MGC3771;ZNF205","3.530e-02",24005
"MGC45800","3.359e-03",25133
"MGC70857;LRRC24","6.574e-10",12721
"MGC87042","2.063e-03",16938
"MGMT","2.027e-06",27610
"MGP","2.824e-06",27518
"MGRN1","1.627e-02",24411
"MGST1","4.992e-13",30982
"MIA3","5.146e-03",24949
"MIAT","1.364e-02",24498
"MIB1","5.972e-03",24883
"MIB1;MIR133A1","1.653e-02",17870
"MIB2","1.210e-10",12364
"MICA","4.507e-03",17266
"MICAL3","1.519e-06",14584
"MICAL3;MIR648","1.640e-02",17866
"MICALCL","1.246e-04",26365
"MICALL2","8.196e-12",11823
"MID1","3.473e-02",24014
"MID1IP1","1.596e-03",16835
"MID2","1.257e-03",16741
"MIDN","4.767e-04",16376
"MIER1","2.455e-06",27557
"MIER1;WDR78","3.461e-05",26779
"MIER2","1.547e-02",17837
"MIER3","2.316e-02",18042
"MIF4GD;MRPS7","1.148e-02",24581
"MIIP","1.896e-02",24334
"MIMT1;PEG3;ZIM2","1.634e-08",28831
"MINA","1.968e-03",25354
"MINK1","4.977e-06",14915
"MINPP1","1.357e-03",25502
"MIOS","6.824e-14",31344
"MIOX","6.695e-04",25772
"MIP","4.016e-04",25959
"MIPEP","8.441e-04",16588
"MIPOL1","1.018e-04",26432
"MIR1-1;C20orf166","7.943e-04",25708
"MIR101-1","2.587e-02",24173
"MIR105-2;GABRA3","2.348e-05",26899
"MIR106A","7.018e-14",10934
"MIR107;PANK1","2.762e-04",26092
"MIR1178;CIT","2.047e-09",12969
"MIR1179","5.863e-05",26612
"MIR1180;B9D1","1.582e-06",14595
"MIR1182;FAM89A","7.445e-11",30009
"MIR1185-1;MIR1185-2","1.462e-02",24464
"MIR1185-2","2.816e-03",25207
"MIR1197;MIR380;MIR323","3.874e-04",25972
"MIR1203;SKAP1","1.437e-04",26317
"MIR1208","6.851e-11",30026
"MIR122","7.716e-09",29005
"MIR1227;PLEKHJ1","2.448e-03",17008
"MIR1228;LRP1","2.422e-04",16135
"MIR1229;MGAT4B","1.631e-04",15999
"MIR124-1;LOC157627","1.836e-05",26974
"MIR124-2","2.678e-07",28147
"MIR124-3","6.053e-03",17396
"MIR1256","1.542e-04",26293
"MIR1256;CBARA1","1.757e-07",28254
"MIR1256;H2BFM","1.913e-08",28794
"MIR1256;H2BFWT","2.254e-04",26163
"MIR1259;SNORD12B;C20orf199;SNORD12","5.364e-09",29088
"MIR125A;NCRNA00085","2.182e-02",24262
"MIR125B1;LOC399959","5.532e-07",14314
"MIR1265","6.660e-04",25774
"MIR1266;MYO5C","7.178e-04",25746
"MIR1276;KLHL25","3.504e-02",24009
"MIR1278;CDC73","1.225e-02",24550
"MIR1279;CPSF6","1.372e-02",24495
"MIR127;RTL1","3.724e-05",26756
"MIR128-1;R3HDM1","2.821e-08",13571
"MIR128-2;ARPP-21","1.392e-09",29389
"MIR1283-2;MIR516A1","8.473e-03",17549
"MIR1286;RTN4R","2.506e-05",26879
"MIR1288;PIGL","1.539e-08",28845
"MIR1289-2;FSTL4","2.815e-02",18145
"MIR129-2","6.154e-07",27931
"MIR1295;FMO3","9.492e-15",31691
"MIR1304;SNORA8;SNORD5;SNORA18","3.092e-03",25168
"MIR1305","3.441e-02",24019
"MIR1307;USMG5","3.171e-11",12091
"MIR130A","1.518e-03",25458
"MIR130B","4.196e-03",17235
"MIR130B;MIR301B","4.364e-02",18387
"MIR1322;PINX1","2.085e-09",29300
"MIR1323","7.270e-07",27887
"MIR133A1;MIB1","6.080e-03",24875
"MIR133B","9.049e-05",26471
"MIR134;MIR668;MIR382;MIR485","2.750e-03",25217
"MIR135A1","1.473e-02",24460
"MIR135A1;GLYCTK","9.329e-04",25647
"MIR135A2","1.319e-02",24514
"MIR135B","5.229e-03",17331
"MIR136;RTL1","2.750e-03",25217
"MIR136;RTL1;MIR432","3.147e-04",26046
"MIR138-1","3.562e-02",18273
"MIR138-2","2.037e-04",26198
"MIR140;WWP2","1.034e-04",26427
"MIR141","3.473e-04",16262
"MIR141;MIR200C","1.280e-03",16748
"MIR142","1.062e-02",24618
"MIR145;LOC728264","5.884e-11",30057
"MIR1468","1.314e-04",26347
"MIR146A","1.801e-11",30295
"MIR146B","5.078e-05",26658
"MIR147","1.326e-06",27726
"MIR1470;WIZ","8.875e-04",16607
"MIR1471","5.701e-05",26621
"MIR148B;COPZ1","2.536e-04",26122
"MIR149;PP14571;GPC1","2.466e-03",17011
"MIR152;COPZ2","1.468e-03",25471
"MIR154;MIR496","1.459e-02",24465
"MIR155HG","3.113e-05",15461
"MIR17HG","4.655e-02",23849
"MIR181B1","7.837e-03",24760
"MIR181C;MIR181D","3.454e-02",24017
"MIR181D","3.575e-02",18275
"MIR1826","6.914e-04",25760
"MIR183;MIR96","8.492e-03",24723
"MIR184","7.923e-03",24755
"MIR188;CLCN5","2.309e-06",27574
"MIR1909;REXO1","2.907e-04",16199
"MIR190;TLN2","3.988e-02",18336
"MIR190B","4.940e-03",24967
"MIR1914;UCKL1","8.584e-03",24718
"MIR192;MIR194-2","4.404e-03",17256
"MIR193A","2.365e-02",18053
"MIR193B","3.478e-12",30616
"MIR194-2","5.648e-04",25835
"MIR195","1.139e-05",27117
"MIR195;MIR497","2.639e-03",25234
"MIR196A1","4.928e-02",23816
"MIR197","1.929e-05",26959
"MIR1973","1.636e-04",26273
"MIR1974;C5orf36","3.165e-04",26044
"MIR198;FSTL1","7.275e-03",17479
"MIR199A1;DNM2","1.669e-08",28826
"MIR199A2;DNM3","3.869e-11",30142
"MIR199B;DNM1","3.166e-07",28104
"MIR19A;MIR17HG;MIR92A1;MIR20A;MIR17;MIR19B1;MIR18A","2.582e-02",18099
"MIR200A","1.518e-10",12411
"MIR200A;MIR429","2.171e-04",16097
"MIR200B","7.349e-10",12745
"MIR200B;MIR200A","9.917e-06",15115
"MIR2054","5.163e-17",32559
"MIR206","1.306e-06",27730
"MIR20B;MIR363;MIR106A;MIR18B;MIR19B2;MIR92A2","5.113e-18",32924
"MIR20B;MIR363;MIR18B;MIR106A;MIR19B2;MIR92A2","7.970e-13",30895
"MIR21","1.222e-07",13928
"MIR2110;C10orf118","2.962e-03",25186
"MIR2114","1.650e-02",24404
"MIR2117","1.973e-03",16920
"MIR212","2.194e-03",16963
"MIR216A","3.355e-02",24033
"MIR216B","1.180e-04",26383
"MIR217","2.042e-02",24296
"MIR218-1;SLIT2","9.076e-05",26470
"MIR219-1;HSD17B8","5.276e-03",24938
"MIR220A","6.921e-07",27900
"MIR223","5.596e-07",27956
"MIR23B;C9orf3","1.661e-11",11962
"MIR24-1;C9orf3","7.137e-12",11796
"MIR24-2","1.522e-02",24444
"MIR25;MCM7;MIR106B;MIR93","1.424e-03",16790
"MIR25;MCM7;MIR93","1.132e-05",15154
"MIR26B;CTDSP1","4.387e-02",23883
"MIR27A;MIR24-2","1.123e-07",28366
"MIR298;MIR296","5.065e-03",17317
"MIR299;MIR380","7.436e-07",27881
"MIR299;MIR411","4.024e-03",25056
"MIR29B2;MIR29C","3.424e-03",25125
"MIR29C","1.362e-04",26335
"MIR301B;MIR130B","1.598e-04",15992
"MIR302D;LARP7;MIR302A;MIR302B;MIR302C;MIR367","4.364e-02",23886
"MIR302D;MIR302B;LARP7;MIR302A;MIR302C","7.070e-03",24807
"MIR30A","2.983e-03",17090
"MIR30C2","1.720e-02",24383
"MIR320D2","2.768e-09",29237
"MIR329-2;MIR329-1","3.946e-02",23943
"MIR329-2;MIR329-1;MIR758","1.319e-02",24514
"MIR335;MEST","2.242e-02",24248
"MIR33B;SREBF1","1.073e-09",12827
"MIR340;RNF130","4.257e-04",25938
"MIR34A","1.022e-03",25612
"MIR34B;BTG4;MIR34C","3.549e-02",24002
"MIR363","1.173e-04",26385
"MIR365-1","4.365e-05",26706
"MIR365-2","1.725e-04",16018
"MIR367;LARP7","1.391e-04",26328
"MIR369;MIR410;MIR412;MIR656","7.372e-03",24788
"MIR369;MIR410;MIR656","7.323e-03",17482
"MIR372;MIR371","1.386e-02",24490
"MIR372;MIR371;MIR373","1.505e-05",27034
"MIR372;MIR373","2.844e-03",25203
"MIR373","1.333e-03",25509
"MIR374A;MIR545;NCRNA00182","1.635e-05",27009
"MIR376A1;MIR300","3.691e-03",17180
"MIR379","6.676e-03",24833
"MIR380","5.207e-05",26650
"MIR380;MIR299","1.862e-02",24343
"MIR383;SGCZ","1.403e-02",17789
"MIR410;MIR656","2.165e-02",24266
"MIR411","7.469e-03",24782
"MIR411;MIR379","1.212e-02",24555
"MIR412;MIR409;MIR369;MIR541","1.036e-03",25607
"MIR412;MIR410;MIR409;MIR369","1.230e-02",24548
"MIR429","5.936e-05",15665
"MIR431","3.294e-02",24043
"MIR432;MIR127;RTL1","2.763e-07",28139
"MIR433;MIR127;RTL1","2.756e-03",25216
"MIR449B;MIR449A;CDC20B","1.471e-04",26309
"MIR450A1;MIR450B","8.714e-03",24711
"MIR453","1.665e-06",27664
"MIR453;MIR485","2.066e-09",29302
"MIR453;MIR485;MIR668","4.861e-03",24974
"MIR455;COL27A1","5.389e-05",15634
"MIR483;INS-IGF2;IGF2","1.841e-03",16892
"MIR485;MIR453","2.191e-09",29289
"MIR485;MIR453;MIR668","5.133e-09",29098
"MIR487B;MIR381","3.121e-04",26049
"MIR487B;MIR539","8.139e-07",27857
"MIR489;CALCR;MIR653","6.952e-11",30023
"MIR496","8.961e-03",24698
"MIR496;MIR154","7.275e-03",24794
"MIR497;MIR195","5.602e-04",25838
"MIR498","1.505e-05",27034
"MIR502;CLCN5","1.389e-08",28869
"MIR502;CLCN5;MIR660","1.552e-04",26291
"MIR503;MGC16121","5.126e-05",26655
"MIR505","2.606e-02",24169
"MIR506","8.375e-04",25688
"MIR507;MIR506","4.264e-06",27402
"MIR508","2.067e-04",26193
"MIR509-1;MIR509-3;MIR509-2","8.326e-10",29501
"MIR509-3;MIR509-1;MIR509-2","1.724e-09",29342
"MIR511-1;MRC1L1;MIR511-2;MRC1","3.607e-02",23993
"MIR512-1;MIR512-2","1.010e-02",24642
"MIR514-1","3.320e-03",25138
"MIR514-3;MIR514-2","1.016e-02",24639
"MIR515-1;MIR515-2;MIR519C","2.772e-05",26848
"MIR515-1;MIR519E;MIR515-2","3.049e-02",24085
"MIR515-2;MIR515-1","9.353e-04",25646
"MIR516A2","2.906e-08",28695
"MIR516B1","4.183e-07",28032
"MIR517A","3.725e-04",25986
"MIR518A1","1.400e-07",28311
"MIR518A1;MIR518E","8.220e-03",24738
"MIR518A2","6.989e-04",25756
"MIR518B","1.065e-06",27785
"MIR518C","1.257e-03",25532
"MIR518E","6.751e-11",30029
"MIR518F;MIR520B","1.812e-02",24357
"MIR519A1","4.153e-04",25947
"MIR519A1;MIR522","1.050e-04",26422
"MIR519B","1.287e-04",26354
"MIR519C","1.187e-06",27756
"MIR519D","7.626e-10",29520
"MIR519D;MIR517A","2.127e-04",26183
"MIR519E","1.666e-03",25421
"MIR520A","8.345e-09",28987
"MIR520B","2.852e-02",24121
"MIR520E","4.552e-07",28010
"MIR520F","2.013e-05",26946
"MIR520G","3.165e-04",26044
"MIR521-1","7.193e-05",26546
"MIR521-2","3.142e-07",28106
"MIR523","2.490e-05",26881
"MIR525","1.228e-03",25541
"MIR526A1","3.388e-06",27467
"MIR526B","2.632e-05",26864
"MIR527","2.857e-08",28699
"MIR543","1.170e-04",26386
"MIR548A1","2.500e-04",26127
"MIR548A2","1.185e-02",24566
"MIR548C;RASSF3","7.734e-04",25718
"MIR548F1;HMCN1","1.081e-02",17663
"MIR548F2;ERBB4","2.111e-02",24279
"MIR548F3;CNTNAP2","1.014e-03",25615
"MIR548F5","3.746e-02",23972
"MIR548F5;NBEA","4.386e-06",27394
"MIR548F5;NBEA;MAB21L1","1.885e-05",26966
"MIR548G","9.195e-03",17587
"MIR548G;COL8A1","3.961e-04",25964
"MIR548H3","4.921e-05",26668
"MIR548H4","2.457e-04",26133
"MIR548H4;TMEM84","6.713e-04",16502
"MIR548I2","5.893e-03",24889
"MIR548I4;CNTNAP2","4.534e-05",26694
"MIR548N","7.716e-09",29005
"MIR548N;OSBPL6","3.911e-02",23948
"MIR548N;PLEKHA3","4.512e-04",25917
"MIR548Q","1.222e-02",24551
"MIR548Q;ZNF462","4.600e-04",16363
"MIR550-2","7.070e-03",24807
"MIR551B;C3orf50","4.476e-09",29129
"MIR557","8.441e-04",16588
"MIR563","6.515e-03",24844
"MIR568","3.436e-14",31466
"MIR572","1.389e-02",24489
"MIR573","1.938e-08",28791
"MIR575;SCD5","4.024e-08",13656
"MIR578;CPE","1.108e-02",24598
"MIR591;SLC25A13","3.192e-04",26041
"MIR595;PTPRN2","5.336e-03",24933
"MIR596","1.641e-05",15265
"MIR597;TNKS","8.149e-03",24742
"MIR599;VPS13B;MIR875","7.486e-03",24781
"MIR600;C9orf45","2.794e-02",24132
"MIR609;C10orf79","6.910e-05",26559
"MIR612","1.380e-05",15213
"MIR614","1.584e-04",15989
"MIR628;CCPG1","3.715e-04",25987
"MIR636;SFRS2;MFSD11","8.462e-05",26493
"MIR642;GIPR","1.364e-02",17775
"MIR645;PTPN1","1.221e-08",13374
"MIR654;MIR300;MIR376A1;MIR376B","3.480e-03",25118
"MIR654;MIR376B;MIR376A2;MIR300;MIR376A1","2.157e-02",24268
"MIR654;MIR376B;MIR376C;MIR376A2","3.061e-02",18190
"MIR655","2.706e-02",24149
"MIR656","1.888e-02",24336
"MIR657;AATK","1.323e-03",16761
"MIR657;AATK;MIR338","6.107e-03",17400
"MIR659;EIF3L","7.463e-05",26534
"MIR663","6.786e-04",25767
"MIR665","4.059e-02",23927
"MIR665;MIR337","1.227e-05",27095
"MIR670","1.310e-04",26348
"MIR671;CHPF2","1.538e-04",26294
"MIR7-2","3.770e-03",25084
"MIR708;ODZ4","1.406e-02",24483
"MIR711;COL7A1","2.119e-03",16949
"MIR758;MIR1197;MIR323","5.014e-05",26662
"MIR758;MIR1197;MIR323;MIR380","5.979e-04",25814
"MIR758;MIR1197;MIR329-1;MIR323","6.062e-07",27935
"MIR758;MIR323;MIR329-2;MIR329-1","3.391e-03",25129
"MIR758;MIR329-2;MIR329-1","4.507e-03",25007
"MIR762;BCL7C","1.462e-08",13416
"MIR764;HTR2C","1.339e-05",27069
"MIR802","1.976e-02",24313
"MIR874;KLHL3","3.715e-04",16286
"MIR877;ABCF1","1.108e-02",17675
"MIR886","5.556e-04",25841
"MIR888","2.081e-05",26936
"MIR888;MIR890","8.807e-07",27836
"MIR889","2.810e-03",25208
"MIR889;MIR487B;MIR539","1.988e-03",25350
"MIR889;MIR539","4.633e-08",28583
"MIR891B","4.915e-07",27990
"MIR892A","7.080e-07",27894
"MIR892B","3.292e-07",28094
"MIR892B;MIR892A","6.661e-03",24834
"MIR9-3","1.205e-08",13371
"MIR922;KIAA0226","3.946e-06",14849
"MIR940","3.083e-02",18194
"MIR941-1;DNAJC5;MIR941-3;MIR941-2","1.788e-05",15291
"MIR941-1;MIR941-3;MIR941-2;DNAJC5","6.741e-05",15706
"MIR942;TTF2","9.992e-03",24647
"MIR943;WHSC2","1.040e-04",15848
"MIR98;HUWE1","2.320e-04",26153
"MIR98;HUWE1;MIRLET7F2","1.279e-04",26356
"MIRLET7A2;LOC399959","3.618e-09",29177
"MIRLET7A3;LOC400931","2.156e-06",14680
"MIRLET7C;C21orf34","7.392e-04",16538
"MIRLET7C;C21orf34;MIR99A","3.312e-03",17134
"MIS12;DERL2","1.640e-02",24407
"MITF","5.354e-08",28548
"MIXL1","8.677e-03",17560
"MKKS","6.483e-04",25784
"MKL1","1.510e-02",24448
"MKLN1","5.754e-05",26618
"MKLN1;FLJ43663","1.203e-07",28349
"MKNK2","7.199e-21",8368
"MKRN1","5.446e-03",17349
"MKRN2","1.036e-03",25607
"MLANA","4.872e-03",24973
"MLF1","6.718e-11",12243
"MLF1IP","2.656e-02",18114
"MLL2","2.307e-02",18040
"MLL2;PRKAG1","6.457e-03",24848
"MLL3","1.350e-03",25504
"MLL5;LOC100216545","2.298e-02",24235
"MLLT1","5.305e-04",16415
"MLLT11","2.309e-06",27574
"MLLT11;CDC42SE1","1.529e-07",28289
"MLLT3","2.533e-03",17022
"MLLT4","1.902e-10",29815
"MLLT6","4.108e-12",11689
"MLN","1.378e-03",16777
"MLST8","4.580e-03",17273
"MLX","1.545e-05",15247
"MLXIP","9.356e-13",30865
"MMAA","1.524e-04",26297
"MMAB","4.591e-03",17274
"MMADHC","6.859e-04",25763
"MME","2.191e-09",29289
"MMGT1","1.867e-04",16045
"MMP1","2.136e-05",26928
"MMP13","3.631e-05",26764
"MMP15","3.187e-02",24061
"MMP16","1.982e-11",30276
"MMP17","1.181e-09",12848
"MMP20","2.965e-14",31492
"MMP23A;CDK11B","3.361e-02",18241
"MMP23A;MMP23B","1.856e-11",11984
"MMP23B","1.288e-14",10635
"MMP25","3.130e-04",16225
"MMP26","3.026e-03",25177
"MMP28","1.380e-02",24492
"MMP3","2.611e-09",29250
"MMP7","8.419e-07",27848
"MMP9","2.003e-02",24306
"MMRN1","4.007e-05",26733
"MMS19","1.786e-04",26243
"MMS19;UBTD1","9.452e-04",25642
"MN1","6.916e-03",24817
"MNAT1","4.175e-06",27408
"MNDA","4.059e-02",23927
"MNS1","3.089e-02",18195
"MNT","9.779e-04",25629
"MOBKL1A","2.430e-02",24206
"MOBKL2B","1.240e-06",27744
"MOBKL2B;IFNK","3.219e-03",25151
"MOBKL2C","1.296e-03",16753
"MOCOS","6.539e-07",14358
"MOCS1","6.056e-08",28518
"MOCS3","4.679e-02",23846
"MOCS3;DPM1","2.718e-09",29241
"MOG","4.917e-03",17304
"MOGAT2","4.996e-02",23808
"MORC1","4.890e-05",26670
"MORC4","3.225e-05",15472
"MORF4","1.976e-02",17960
"MORF4L1","1.765e-05",26986
"MORG1","7.729e-06",15042
"MORG1;C19orf56","4.817e-03",17295
"MORN1;LOC100129534","3.235e-03",17124
"MOS","1.273e-06",27737
"MOSC1","4.441e-02",23876
"MOSPD2","1.115e-04",26402
"MOSPD2;FANCB","1.859e-03",16896
"MOV10L1","1.827e-03",25384
"MOXD2","1.220e-04",26372
"MPDU1","1.309e-25",6883
"MPEG1","7.178e-04",25746
"MPG","1.155e-08",28912
"MPHOSPH10","2.130e-03",16951
"MPHOSPH6","6.301e-03",24859
"MPI","1.319e-02",24514
"MPO","5.205e-03",24944
"MPP4","3.445e-10",29690
"MPP5","7.237e-05",26544
"MPP6","5.682e-06",27320
"MPP7","3.428e-05",26782
"MPPE1","4.551e-02",23862
"MPPED2","3.582e-08",28645
"MPST","8.308e-04",25691
"MPST;TST","1.021e-02",17636
"MPV17L","7.404e-03",24786
"MPV17L2","6.529e-03",24843
"MPZ","5.972e-03",24883
"MPZL1","7.957e-03",24753
"MR1","2.307e-02",24233
"MRAP","8.782e-04",25670
"MRAP2","3.423e-02",24022
"MRAS","4.356e-02",23887
"MRC1;MIR511-1;MIR511-2;MRC1L1","2.971e-02",24099
"MRC2","2.231e-13",11143
"MRE11A","1.641e-08",28830
"MREG","5.970e-07",14334
"MRGPRD","5.632e-04",16437
"MRGPRX2","1.317e-02",24515
"MRP63;SKA3","2.167e-03",25315
"MRPL1","3.941e-03",25065
"MRPL13","1.952e-02",24319
"MRPL14","2.294e-02",18037
"MRPL16","1.743e-07",28256
"MRPL17","4.379e-05",26705
"MRPL18;TCP1","1.291e-04",26353
"MRPL19","1.572e-02",24428
"MRPL2","1.415e-02",17793
"MRPL21","7.388e-03",24787
"MRPL22","6.225e-07",27928
"MRPL3","5.507e-06",27329
"MRPL32;PSMA2","9.040e-04",25659
"MRPL33","1.276e-03",16747
"MRPL35","1.178e-05",27107
"MRPL38","7.102e-04",16523
"MRPL3;SNORA58","3.320e-03",17135
"MRPL4","1.956e-02",17955
"MRPL46;MRPS11","2.434e-02",24205
"MRPL48","6.200e-05",26594
"MRPL51","1.941e-02",17951
"MRPL52","4.520e-08",28589
"MRPL55","8.599e-04",16595
"MRPS10","2.810e-08",28703
"MRPS11","9.852e-07",27806
"MRPS12;SARS2","6.287e-03",24860
"MRPS14","2.550e-04",26120
"MRPS15","4.317e-04",25933
"MRPS16","8.645e-05",26486
"MRPS16;TTC18","2.704e-03",25224
"MRPS18B;C6orf134","5.078e-04",16399
"MRPS22","3.281e-06",27476
"MRPS23","2.229e-05",26915
"MRPS24","1.096e-08",28924
"MRPS26;GNRH2","1.896e-02",17939
"MRPS27","1.887e-07",14037
"MRPS30","6.711e-06",27272
"MRPS35","2.326e-03",16987
"MRPS36","9.684e-06",15108
"MRPS5","7.583e-09",29009
"MRPS6;SLC5A3","3.987e-03",25060
"MRPS7","4.711e-08",28579
"MRPS9","4.847e-04",25891
"MRRF","4.344e-03",25023
"MRVI1","3.507e-09",29184
"MS4A1","2.156e-03",25317
"MS4A10","3.766e-02",18304
"MS4A13","4.186e-03",25039
"MS4A14","6.160e-10",29566
"MS4A15","1.068e-03",25595
"MS4A2","2.374e-04",26145
"MS4A3","1.772e-08",28812
"MS4A4A","1.730e-05",26992
"MS4A6E","1.409e-02",24482
"MS4A7","6.642e-04",25775
"MSC","6.899e-06",27264
"MSGN1","3.400e-06",14807
"MSH4","1.440e-07",28304
"MSH5","4.695e-02",18429
"MSH6","3.996e-03",17214
"MSI1","1.361e-03",16772
"MSLN","4.318e-08",13673
"MSLNL","1.036e-02",17643
"MSMP","1.227e-06",27747
"MSR1","5.736e-05",26619
"MSRA","1.156e-02",24578
"MSRB2","6.190e-03",24867
"MST1","5.471e-03",24922
"MST1;RNF123","2.272e-02",24241
"MST1P9","7.612e-04",25724
"MST1R","1.096e-07",13901
"MSTN","2.906e-07",28126
"MSTO1","3.077e-04",16219
"MSX1","2.178e-05",26922
"MSX2","1.298e-21",34149
"MSX2P1","9.779e-04",25629
"MT1B","1.562e-02",24431
"MT1E","4.190e-06",27407
"MT1G","4.575e-04",16361
"MT1H","3.733e-02",18299
"MT1IP","5.392e-04",25852
"MT1L","5.863e-06",27311
"MT1M","9.254e-03",17590
"MT1X","4.762e-11",30100
"MT2A","3.395e-05",26785
"MT3","4.243e-02",18371
"MTA1","4.258e-02",18373
"MTA2","4.304e-03",17246
"MTBP;MRPL13","2.982e-02",18176
"MTCH1","1.960e-02",17956
"MTCH2","5.030e-03",17314
"MTCP1NB","6.198e-06",27295
"MTCP1NB;MTCP1","1.253e-02",24539
"MTDH","6.067e-05",26601
"MTERFD1;PTDSS1","1.065e-02",24617
"MTERFD2;SNED1","2.799e-02",18142
"MTERFD3","1.019e-06",14476
"MTF1","1.504e-02",24450
"MTFMT","1.826e-02",24353
"MTHFD1L","1.187e-02",24565
"MTHFS","1.922e-04",26218
"MTL5","7.922e-04",25709
"MTM1","2.161e-02",18006
"MTMR1","9.414e-03",17598
"MTMR10","4.282e-14",31427
"MTMR11;SF3B4","1.264e-02",24535
"MTMR14","6.795e-03",24825
"MTMR15","2.099e-03",16945
"MTMR2","1.161e-03",25563
"MTMR3","1.300e-03",25519
"MTMR4","6.713e-04",16502
"MTMR8","1.744e-02",17897
"MTMR9","1.989e-13",31151
"MTMR9L","2.567e-02",24177
"MTNR1B","1.829e-04",26235
"MTOR","1.417e-03",25485
"MTOR;ANGPTL7","3.911e-02",23948
"MTP18","3.204e-03",17120
"MTRF1","5.406e-05",26638
"MTRF1L","4.751e-03",24984
"MTRR","1.896e-03",25369
"MTRR;FASTKD3","3.159e-03",25159
"MTSS1L","1.175e-02",17703
"MTTP","1.096e-07",28372
"MTUS1","2.173e-02",18009
"MTUS2","3.939e-04",25966
"MTVR2","1.593e-04",15991
"MTX2","5.252e-03",24940
"MUC1","2.022e-02",17972
"MUC12;MUC17","1.696e-02",17883
"MUC15;ANO3","1.378e-04",15942
"MUC16","1.566e-08",28841
"MUC4","4.438e-04",25923
"MUC6","2.913e-03",17080
"MUC7","3.648e-03",25098
"MUCL1","2.626e-02",18108
"MUDENG;EXOC5","1.696e-05",26998
"MUL1","1.231e-09",29416
"MUM1L1","4.305e-04",25934
"MUPCDH","1.533e-03",16819
"MURC","1.604e-02",24418
"MUSTN1","9.884e-09",28948
"MUTYH;TOE1","4.921e-05",15605
"MVD","3.513e-04",16266
"MVK","8.455e-15",10562
"MVK;MMAB","4.676e-04",16369
"MVP","1.296e-03",25520
"MXI1","1.542e-06",27685
"MXRA5","2.728e-08",28710
"MXRA7","3.063e-05",26817
"MXRA8","2.292e-10",12497
"MYADM","3.088e-06",27493
"MYADML","1.984e-04",26207
"MYB","1.471e-04",26309
"MYBL1","2.482e-05",26882
"MYBL2","2.123e-09",12977
"MYBPC1","1.138e-20",33839
"MYBPH","3.476e-09",29186
"MYC","1.979e-02",24312
"MYCBPAP","1.081e-06",14492
"MYCBPAP;EPN3","1.202e-02",24559
"MYCN","1.873e-08",28799
"MYCN;MYCNOS","1.406e-03",16785
"MYEF2","8.644e-04",25676
"MYEOV","4.827e-02",23828
"MYF5","2.618e-10",29748
"MYF6","2.357e-13",31120
"MYH1","1.818e-04",26237
"MYH13","3.252e-02",24050
"MYH14","1.194e-05",27103
"MYH15","1.934e-03",25361
"MYH16","1.068e-03",25595
"MYH2","4.887e-04",25888
"MYH4","4.873e-04",16384
"MYH6;MIR208A","6.617e-05",26573
"MYH7","7.815e-05",26519
"MYH7;MIR208B","3.995e-02",23936
"MYH7B","2.536e-06",14725
"MYH8","1.637e-03",16845
"MYH9","2.411e-06",14711
"MYL1","1.227e-02",24549
"MYL10","6.108e-07",14340
"MYL12A","3.349e-04",16249
"MYL2","1.894e-04",16050
"MYL5","1.176e-10",12358
"MYL6","1.407e-04",15949
"MYLK","2.718e-05",15419
"MYLK4","7.646e-08",28461
"MYLPF","2.063e-03",25335
"MYNN","1.446e-05",15227
"MYO15B","7.137e-12",11796
"MYO16","1.283e-11",30362
"MYO18A;TIAF1","1.117e-03",25578
"MYO1A","1.321e-05",27073
"MYO1B","7.484e-09",29012
"MYO1E;MIR2116","4.820e-04",16380
"MYO1H","2.034e-07",28217
"MYO3A","5.863e-05",26612
"MYO6","3.574e-06",14821
"MYO7A","2.011e-02",17969
"MYO7B","2.633e-03",17038
"MYO9A","1.101e-02",24601
"MYO9A;SENP8","3.746e-04",25984
"MYO9B","2.003e-03",25347
"MYO9B;HAUS8","3.410e-02",18249
"MYOC","5.880e-10",29576
"MYOCD","7.549e-07",27877
"MYOD1","1.641e-06",27668
"MYOF","7.148e-03",24802
"MYOM1","1.267e-03",25529
"MYOM2","4.168e-02",23912
"MYOM3","8.128e-11",29991
"MYOZ1","4.635e-05",26687
"MYOZ2","1.517e-07",28291
"MYOZ3","4.646e-02",23850
"MYPOP","2.640e-05",15410
"MYRIP","2.285e-02",18035
"MYST1","3.988e-06",27421
"MYST4","1.348e-05",27067
"MYT1","4.936e-02",23815
"MYT1L","8.165e-09",28992
"MYT1L;LOC730811","1.306e-06",27730
"MZF1;LOC100131691","7.408e-11",12263
"MZF1;MGC2752;LOC100131691","2.913e-03",17080
"N4BP2L1","3.388e-06",14806
"N6AMT1","3.485e-02",24012
"N6AMT2","2.183e-07",28199
"NAA11","3.047e-10",29716
"NAA15","2.448e-03",25265
"NAA16","3.911e-02",23948
"NAA20","2.952e-07",28122
"NAA25","1.020e-03",25613
"NAA40","4.441e-02",18397
"NAAA","1.930e-02",17948
"NAALAD2","6.344e-07",27923
"NAALADL1","7.693e-04",25720
"NAALADL2","5.181e-03",24946
"NAB2","3.081e-09",13060
"NACA2","1.251e-03",25534
"NACAP1","1.067e-15",32063
"NACC1","9.063e-09",13305
"NADK","2.684e-03",17046
"NAGK","7.676e-06",15040
"NAGPA","4.752e-02",23837
"NAGS","8.973e-07",14442
"NAGS;PYY","8.640e-03",17558
"NAIP","1.446e-05",27046
"NAMPT","2.033e-05",26943
"NANOS1","2.099e-02",17991
"NANOS3","2.287e-04",16115
"NANS","4.235e-02",23903
"NAP1L2","5.266e-08",28552
"NAP1L4","4.206e-03",17236
"NAP1L6","3.740e-02",23973
"NAPA","3.479e-02",18260
"NAPEPLD","5.190e-06",14927
"NAPEPLD;RPL19P12","2.641e-02",18111
"NAPG","5.153e-11",30084
"NAPRT1","7.373e-04",16537
"NAPSB","1.894e-12",30732
"NARFL","9.627e-04",16638
"NARG2","1.261e-02",24536
"NARS","6.201e-09",29055
"NASP","1.213e-04",26374
"NAT2","1.057e-03",25599
"NAT8","1.303e-05",27077
"NAT8;ALMS1P","1.006e-09",29460
"NAT8B","3.586e-06",27451
"NAT8L","8.576e-04",16594
"NAT9","4.084e-04",16320
"NAV1;MIR1231","2.508e-03",17018
"NAV2","3.252e-02",24050
"NAV2;LOC100126784","5.336e-03",17340
"NAV3","1.735e-04",16020
"NBAS","5.257e-10",29600
"NBEA","4.697e-03",24989
"NBEAL1","4.270e-05",26713
"NBLA00301","5.754e-05",26618
"NBLA00301;HAND2","9.750e-06",27163
"NBPF1","8.885e-03",24702
"NBPF10","2.621e-02",18107
"NBPF15","2.329e-02",18045
"NBPF16;NBPF15","1.925e-03",16910
"NBPF22P","6.792e-07",27905
"NBPF3","1.604e-11",30318
"NBPF7","5.300e-03",24936
"NBR1","3.027e-02",24089
"NBR1;TMEM106A","2.078e-02",17986
"NBR2","9.039e-03",17579
"NCALD","5.682e-06",14953
"NCAM1","2.369e-10",29769
"NCAM2","1.556e-11",30324
"NCAPD2","6.356e-05",15687
"NCAPD3;VPS26B","2.233e-02",24250
"NCAPH","1.088e-04",15863
"NCAPH2","4.814e-05",15598
"NCBP1","1.149e-02",24580.5
"NCBP2","4.979e-02",18463
"NCCRP1","2.157e-05",26925
"NCDN","1.219e-09",12855
"NCEH1","3.904e-06",14846
"NCF1B","1.510e-03",25460
"NCF2","1.170e-08",28909
"NCK1","8.774e-07",14436
"NCKAP1","4.917e-03",24969
"NCKAP5","6.780e-03",17447
"NCL;SNORA75;SNORD20","1.141e-02",17689
"NCLN","4.646e-02",18423
"NCOA1","2.924e-04",26072
"NCOA4","2.548e-02",18092
"NCOA6","2.215e-03",16967
"NCOR1","2.810e-03",25208
"NCOR2","2.285e-02",24238
"NCRNA00028","3.852e-04",25974
"NCRNA00032","4.828e-03",24977
"NCRNA00051","3.084e-03",25169
"NCRNA00081","2.539e-05",26875
"NCRNA00081;SHOC2","2.737e-02",24143
"NCRNA00085","1.354e-03",16770
"NCRNA00086","1.798e-06",14630
"NCRNA00087","1.498e-04",15970
"NCRNA00093;DNMBP","4.341e-04",16342
"NCRNA00110;GRIK1","5.047e-06",14919
"NCRNA00111","1.354e-04",15936
"NCRNA00113","1.006e-03",25618
"NCRNA00114","5.790e-05",26616
"NCRNA00116","2.558e-04",16154
"NCRNA00120;AKIRIN2","4.215e-03",25036
"NCRNA00157","1.081e-06",27781
"NCRNA00158","7.372e-03",24788
"NCRNA00159","3.809e-06",27434
"NCRNA00161","1.060e-03",25598
"NCRNA00162","2.576e-09",13020
"NCRNA00164","5.062e-05",26659
"NCRNA00169","7.164e-03",17472
"NCRNA00169;CRYM","1.506e-04",15972
"NCRNA00171","3.359e-03",25133
"NCRNA00174","8.969e-04",16611
"NCRNA00175;COL18A1","2.817e-07",14139
"NCRNA00181;A1BG","1.814e-07",28246
"NCRNA00182","1.261e-04",15912
"NCRNA00182;MIR374A;MIR545","2.489e-02",24193
"NCRNA00182;MIR374B;MIR421","1.483e-03",25467
"NCRNA00185","8.299e-11",29966
"NCRNA00188;SNORD49B;SNORD49A","4.762e-03",24983
"NCRNA00188;SNORD65","7.217e-04",25744
"NCRNA00200","2.352e-02",24223
"NCRNA00207","1.996e-08",13489
"NCRNA00219","2.467e-02",24198
"NCRUPAR","3.903e-07",14223
"NCSTN","1.301e-02",24521
"NCSTN;COPA","1.845e-03",25380
"NDC80;METTL4","2.136e-02",18000
"NDE1","1.534e-02",24440
"NDE1;MYH11","2.736e-03",25219
"NDEL1","1.205e-04",26376
"NDFIP2","8.258e-05",26501
"NDN","3.840e-10",29667
"NDNL2;FAM189A1","7.108e-19",33227
"NDOR1","5.660e-07",14320
"NDP","3.991e-08",28619
"NDRG2","3.282e-02",18228
"NDRG3","2.237e-02",24249
"NDST3","2.556e-12",30675
"NDST4","2.280e-07",28188
"NDUFA1","3.573e-05",26769
"NDUFA13","1.584e-03",16832
"NDUFA2;IK","5.845e-05",26613
"NDUFA3","2.068e-03",25334
"NDUFA5","2.284e-06",27577
"NDUFA6","8.034e-05",26510
"NDUFA7","7.554e-13",11368
"NDUFA7;RPS28","1.197e-03",16722
"NDUFA9","3.199e-02",24059
"NDUFAB1","4.719e-03",24987
"NDUFAF2","9.374e-03",24677
"NDUFAF2;ERCC8","1.612e-03",25434
"NDUFAF3;DALRD3;MIR425","9.160e-05",15806
"NDUFB11;RBM10","2.884e-02",18158
"NDUFB4","1.018e-04",26432
"NDUFB8","6.551e-06",27279
"NDUFC1","5.483e-03",17352
"NDUFS2","1.043e-05",27143
"NDUFS2;ADAMTS4","4.971e-08",28566
"NDUFS2;FCER1G","9.733e-05",26447
"NDUFS6","1.168e-02",24573
"NDUFS7","4.225e-03",17238
"NDUFS8","9.216e-08",28415
"NDUFV1","1.312e-05",27075
"NDUFV3","2.582e-03",25243
"NEAT1","2.268e-02",24242
"NEB","2.966e-05",26827
"NEBL;C10orf113","1.872e-07",28238
"NECAB1","1.548e-10",29858
"NECAB2","5.510e-08",13732
"NECAB3","3.425e-04",16257
"NECAB3;C20orf134","1.695e-03",16859
"NECAP1","3.094e-04",26052
"NEDD4","5.040e-10",29609
"NEDD4L","1.519e-02",17828
"NEDD9","5.348e-04",25855
"NEFH","1.944e-03",16914
"NEFL","6.046e-10",29570
"NEFM","1.081e-12",30838
"NEGR1","2.885e-13",31083
"NEIL3","5.428e-07",27964
"NEK1","9.471e-05",26456
"NEK2","1.751e-02",24374
"NEK3","3.657e-08",28640
"NEK4","8.262e-07",27853
"NEK5","1.021e-02",24637
"NEK7","2.696e-02",24151
"NEK8","7.259e-03",17478
"NELF","2.906e-07",14147
"NELL1","1.629e-06",27670
"NELL2","1.867e-05",26969
"NEO1","1.366e-05",27063
"NES","4.131e-06",14862
"NETO1","1.377e-08",28871
"NEU1","6.414e-03",24851
"NEU1;SLC44A4","4.247e-08",28604
"NEURL","5.306e-05",15629
"NEURL1B","3.274e-04",16241
"NEURL4","3.178e-06",14788
"NEURL4;GPS2","3.843e-07",14219
"NEUROD1","5.346e-07",27968
"NEUROD2","4.466e-03",17262
"NEUROD4","1.787e-08",28810
"NEUROD6","1.556e-03",25448
"NEUROG2","3.918e-02",18326
"NEXN","5.158e-03",24948
"NF1","3.212e-03",25152
"NF1;EVI2A","4.981e-04",25881
"NF1;EVI2B","2.805e-02",24130
"NF1;OMG","2.064e-06",27605
"NFAM1","5.078e-05",26658
"NFATC1","2.883e-04",16196
"NFATC2","7.061e-05",15721
"NFATC3","6.013e-03",17393
"NFATC4","2.241e-04",26165
"NFE2","1.604e-03",25436
"NFE2L1","6.620e-11",12240
"NFE2L3","1.062e-07",13893
"NFIA","3.156e-04",16228
"NFIC","1.382e-04",15943
"NFIL3","8.904e-03",17572
"NFKB1","2.666e-05",15413
"NFKB2","3.355e-02",18240
"NFKBIA","2.230e-12",11572
"NFKBIE","4.394e-03",17255
"NFKBIL1;ATP6V1G2","1.026e-05",27148
"NFKBIL2","1.403e-05",15218
"NFKBIZ","1.027e-02",17639
"NFRKB","3.464e-04",26012
"NFYA","9.403e-04",25644
"NFYA;LOC221442","1.842e-05",26973
"NFYB","1.011e-06",14474
"NFYC","1.069e-04",15857
"NGDN","4.417e-06",27392
"NGF","2.696e-02",24151
"NGLY1","1.149e-04",26392
"NGLY1;OXSM","6.406e-12",11775
"NGRN","7.166e-06",27253
"NHEDC2","1.492e-06",27694
"NHEJ1","4.751e-03",24984
"NHLRC1","8.221e-06",15060
"NHS","2.830e-03",17068
"NHSL2;FLJ44635","2.422e-13",31115
"NHSL2;RPS26P11","2.589e-05",26869
"NIF3L1","1.006e-04",26436
"NIN","3.281e-03",17130
"NINJ1","1.755e-02",24373
"NIPA2","3.701e-05",26758
"NIPAL2","8.382e-03",24729
"NIPAL3","7.634e-03",17501
"NIPAL4","1.313e-03",16758
"NIPBL","5.181e-03",24946
"NIPSNAP3B","1.715e-04",26257
"NISCH","4.109e-03",25047
"NKAIN1","4.996e-02",18465
"NKAIN2","2.338e-03",25284
"NKAIN3","3.133e-05",26810
"NKAPL","1.142e-10",29921
"NKD1","9.805e-04",16645
"NKG7","4.695e-02",18429
"NKIRAS2","1.988e-03",25350
"NKPD1","8.484e-14",10968
"NKRF","1.240e-06",14529
"NKTR","1.941e-02",24322
"NKX1-2","1.850e-03",25379
"NKX2-1","1.066e-03",25596
"NKX2-2","2.243e-06",27582
"NKX2-3","1.282e-06",14538
"NKX2-4","3.350e-11",12102
"NKX2-5","2.871e-03",25199
"NKX2-6","5.835e-04",25823
"NKX2-8","1.631e-04",26274
"NKX3-1","2.273e-05",26909
"NKX3-2","3.890e-02",23951
"NKX6-1","1.488e-02",24455
"NKX6-2","9.294e-03",17592
"NLGN1","9.636e-08",28404
"NLGN4X","9.049e-05",26471
"NLGN4Y","1.412e-14",31622
"NLN","5.678e-04",25833
"NLRC4","1.037e-11",30404
"NLRP1","2.727e-02",24145
"NLRP11;NLRP4","1.713e-05",26995
"NLRP12","1.367e-09",29393
"NLRP13","1.213e-06",27750
"NLRP14","1.848e-05",26972
"NLRP14;ZNF214","9.179e-08",13857
"NLRP2","4.715e-04",25901
"NLRP3","3.317e-06",27473
"NLRP4","1.588e-03",25440
"NLRP5","4.677e-10",29625
"NLRP6","1.809e-03",16885
"NLRP8","8.113e-12",30452
"NLRP9","1.407e-08",28866
"NLRX1","5.458e-03",24923
"NLRX1;PDZD3","1.626e-04",26275
"NMBR","8.499e-08",28435
"NMD3","1.108e-04",26404
"NME1-NME2;NME1","3.456e-03",17152
"NME1;NME1-NME2","1.617e-02",24414
"NME2P1","4.828e-03",17296
"NME3","2.567e-02",18096
"NME3;MRPS34;EME2","3.066e-02",18191
"NME5","4.245e-09",29141
"NME6","1.115e-02",17678
"NME7","7.408e-07",27882
"NMI","2.747e-02",24141
"NMNAT1","1.053e-04",15852
"NMNAT1;LZIC","4.334e-03",25024
"NMNAT2","1.696e-06",27659
"NMRAL1","2.413e-03",17002
"NMS","1.647e-06",27667
"NMT1;DCAKD","9.443e-08",13864
"NNAT;BLCAP","1.072e-04",26415
"NNMT","1.219e-09",29418
"NOB1","3.186e-08",13600
"NOC2L;SAMD11","9.684e-06",15108
"NOC4L","8.283e-05",15773
"NOD1","7.847e-14",31319
"NODAL","4.258e-02",18373
"NOG","4.088e-02",23923
"NOL10","6.093e-04",25807
"NOL11","4.844e-05",26673
"NOL12","2.019e-02",17971
"NOL3","3.454e-02",18256
"NOL4","8.945e-04",25663
"NOL9","2.263e-02",24243
"NOMO3","1.075e-04",15859
"NOP14;C4orf10","9.049e-05",15802
"NOP16;HIGD2A","8.397e-04",25687
"NOP2","6.989e-04",25756
"NOP56","2.020e-05",15328
"NOP56;SNORD110;SNORA51","1.290e-02",17748
"NOS1","4.387e-02",23883
"NOS1AP","2.723e-04",26097
"NOS1AP;MIR556","1.870e-02",24341
"NOS3;ATG9B","1.326e-06",14547
"NOSIP","4.123e-05",26724
"NOSIP;PRRG2","3.399e-03",17145
"NOTCH1","1.133e-13",11020
"NOTCH2","1.178e-06",27758
"NOTCH3","5.919e-03",24887
"NOTCH4","3.483e-04",26010
"NOTUM","3.513e-03",17159
"NOV","1.453e-02",17806
"NOVA1","2.778e-04",26090
"NOVA2","1.264e-04",26360
"NOX1","2.073e-10",29797
"NOX3","5.602e-04",25838
"NOX4","1.620e-03",25432
"NOXO1","5.471e-03",17351
"NPAS2","4.338e-05",26708
"NPAS3","3.700e-03",25092
"NPAS4","5.560e-05",26629
"NPAT","1.525e-03",25456
"NPB","2.727e-05",15420
"NPC1","2.879e-02",24116
"NPC1L1","1.216e-03",25545
"NPC2;ISCA2","3.084e-03",25169
"NPFFR1","1.379e-10",29882
"NPFFR2","2.917e-13",31081
"NPHP1","1.070e-07",28378
"NPHP3","9.495e-03",24671
"NPHP3;NCRNA00119","2.648e-06",27536
"NPHS1","5.204e-04",25865
"NPHS2","1.146e-02",24582
"NPL","1.108e-09",12834
"NPM2","1.589e-09",29360
"NPPB","3.336e-03",25136
"NPPC","3.359e-03",17140
"NPSR1","3.142e-07",28106
"NPTX2","3.706e-13",31037
"NPVF","2.181e-09",29290
"NPY","3.573e-05",26769
"NPY1R","2.323e-09",29276
"NPY2R","1.069e-11",30398
"NPY5R","4.484e-10",29634
"NPY6R","9.576e-03",24667
"NQO1","2.900e-02",24112
"NQO2","6.310e-08",28508
"NR0B1","3.130e-04",26048
"NR0B2","4.736e-02",18434
"NR1D1;THRA","2.128e-02",24275
"NR1D2","1.295e-02",17750
"NR1H2","1.375e-02",24494
"NR1H3;ACP2","2.119e-03",25324
"NR1H4","2.718e-05",26854
"NR1I2","1.068e-03",25595
"NR1I3","3.407e-03",25127
"NR1I3;TOMM40L","2.962e-03",25186
"NR2C1","7.294e-04",25740
"NR2C2","9.105e-08",13855
"NR2C2AP","2.312e-02",24232
"NR2E1","3.995e-02",23936
"NR2F1","3.204e-03",25153
"NR2F2","1.012e-03",25616
"NR3C1","3.462e-07",28081
"NR4A2","2.572e-08",28724
"NR4A3","4.415e-03",17257
"NR5A1","1.001e-02",17627
"NR5A2","6.086e-05",26600
"NR6A1","5.029e-07",27984
"NRAP","1.279e-02",24529
"NRBP1","3.918e-02",23947
"NRCAM","3.556e-02",24001
"NRD1","1.281e-12",30806
"NRF1","5.630e-09",29077
"NRG1","3.077e-06",27494
"NRG2","3.081e-08",13592
"NRG3","1.003e-02",24645
"NRGN","5.422e-03",24926
"NRIP1","8.154e-12",30451
"NRIP3","3.085e-12",11634
"NRK","9.457e-12",30422
"NRN1","1.160e-06",27762
"NRN1L","2.692e-04",16172
"NRP2","8.009e-05",26511
"NRSN1","9.246e-07",27823
"NRSN2","3.118e-02",18200
"NRTN","4.885e-02",18452
"NRXN1","4.025e-14",31438
"NRXN3","1.197e-09",29422
"NSA2","4.840e-07",14279
"NSDHL;CETN2","7.767e-05",15752
"NSF","3.536e-06",27455
"NSFL1C","4.280e-02",18376
"NSL1","4.559e-03",25002
"NSMAF","1.268e-04",26359
"NSMCE2","5.663e-04",16439
"NSUN2;SRD5A1","7.839e-05",26518
"NSUN4","1.792e-04",16031
"NSUN5B","1.845e-03",16893
"NSUN5C","3.359e-03",17140
"NSUN6","2.103e-02",24281
"NT5C1B","2.434e-05",26888
"NT5C2","5.029e-06",14918
"NT5C3L","1.240e-02",24544
"NT5DC2","3.080e-13",11202
"NT5DC2;LOC440957","3.715e-10",12599
"NT5E","4.983e-18",32928
"NTAN1","7.336e-11",30012
"NTF3","3.483e-05",26777
"NTM","2.251e-05",26912
"NTN1","8.139e-07",14416
"NTN5;SEC1","1.666e-03",25421
"NTNG1","5.488e-08",28542
"NTRK1","2.003e-02",17967
"NTRK1;SH2D2A","1.652e-05",15267
"NTRK3","8.449e-06",27205
"NTS","3.367e-11",30170
"NTSR1","1.905e-09",29320
"NTSR2","9.329e-04",25647
"NUAK2","9.851e-05",15830
"NUB1","1.821e-07",28245
"NUBP1","6.556e-05",26576
"NUBP2","1.787e-03",16880
"NUCB2","6.993e-03",24812
"NUDC","5.772e-05",15656
"NUDCD1","1.772e-02",24368
"NUDCD1;ENY2","5.241e-03",24941
"NUDCD3","1.187e-04",26381
"NUDT1","1.296e-03",25520
"NUDT16L1","3.821e-02",18312
"NUDT16P","6.226e-04",16474
"NUDT4","2.776e-03",17060
"NUDT6;SPATA5","2.381e-07",28177
"NUDT9","1.870e-02",24341
"NUDT9P1","3.383e-11",30169
"NUF2","3.796e-05",26750
"NUFIP2","1.454e-03",25475
"NUMA1","4.703e-02",18430
"NUMB","9.111e-04",16617
"NUMBL","2.960e-02",18172
"NUP107","3.640e-02",23988
"NUP133","4.056e-07",28040
"NUP153","1.922e-04",26218
"NUP155","2.928e-05",26831
"NUP160","1.128e-03",25574
"NUP188;DOLK","1.290e-02",17748
"NUP37","3.112e-04",26050
"NUP62;ATF5;IL4I1","2.750e-03",17056
"NUP62;IL4I1","5.431e-06",14940
"NUP62;IL4I1;ATF5","4.770e-08",13697
"NUP62CL","2.413e-03",25271
"NUP62CL;CXorf41","1.074e-02",17660
"NUP88","1.361e-02",24499
"NUP93","8.233e-05",15771
"NUP98","3.208e-09",13069
"NUPL1","3.077e-03",25170
"NUPL2","3.192e-04",26041
"NUPR1","1.489e-04",15968
"NUS1","1.389e-07",28313
"NUSAP1;OIP5","2.572e-02",24176
"NUTF2","4.520e-05",26695
"NUTF2;CENPT","1.584e-04",26284
"NVL","1.424e-03",25483
"NWD1","2.521e-03",17020
"NXF1","4.605e-07",28007
"NXF1;TMEM223","2.002e-04",16069
"NXF5","3.133e-08",28677
"NXPH1","7.071e-09",29025
"NYX","1.152e-06",27764
"OAS3","2.005e-06",27613
"OASL","7.943e-04",16565
"OAZ1","5.123e-03",17322
"OAZ2","5.924e-06",27308
"OAZ3","1.399e-03",25490
"OAZ3;MRPL9","6.962e-03",24814
"OBFC1","3.454e-02",24017
"OBFC2A","3.144e-06",27488
"OBFC2B","1.528e-02",24442
"OBSL1","4.245e-03",17240
"OBSL1;INHA","4.785e-02",23833
"OC90","5.749e-03",24900
"OCA2","7.572e-04",25726
"OCIAD1","1.261e-04",26361
"OCLM;C1orf27;MIR548F1","2.631e-02",24164
"OCLN","7.275e-03",17479
"OCM","1.163e-05",27111
"OCM2","7.294e-04",25740
"ODAM","3.129e-02",24071
"ODC1","5.117e-21",8319
"ODF1","1.231e-06",27746
"ODF2","7.769e-03",17509
"ODF2L","1.156e-02",24578
"ODF3","3.622e-03",17172
"ODF3L2","3.373e-02",18243
"ODF4","4.235e-02",18370
"ODZ1","4.183e-02",23910
"ODZ2","7.243e-03",17477
"ODZ4","2.250e-02",24246
"OGFOD1;NUDT21","9.577e-04",25637
"OGT;BCYRN1","1.575e-02",17846
"OIT3","1.166e-04",26387
"OLA1","5.545e-03",17357
"OLAH","2.875e-04",26078
"OLFM1","1.182e-03",25556
"OLFM3","9.457e-12",30422
"OLFM4","1.884e-12",30733
"OLFML1","4.533e-12",30565
"OLFML2B","1.720e-02",24383
"OLFML3","5.837e-08",28527
"OLIG1","6.676e-03",24833
"OLIG2","3.295e-08",28665
"OLR1","4.109e-08",28612
"OMA1","1.837e-02",24350
"OMG;NF1","1.071e-02",24614
"ONECUT1","5.740e-04",25829
"ONECUT2","2.375e-12",30689
"OOEP","6.677e-04",25773
"OPALIN","1.373e-07",28316
"OPCML","1.323e-13",31225
"OPLAH","1.459e-06",14573
"OPN1LW","1.717e-02",17889
"OPN1MW","2.823e-03",25206
"OPN1MW2;OPN1MW","1.207e-02",24557
"OPN3","2.652e-03",17041
"OPN4","4.927e-04",25885
"OPN5","3.504e-02",24009
"OPRK1","1.273e-05",27084
"OPRL1;C20orf201","3.736e-04",16288
"OPRL1;RGS19","2.490e-02",24193
"OPRM1","4.115e-09",29148
"OPTN","2.321e-03",25287
"OR10A6","9.882e-04",25625
"OR10A7","8.062e-03",24747
"OR10AD1","2.005e-10",29804
"OR10AG1","3.305e-06",27474
"OR10C1","1.940e-07",28229
"OR10G2","7.791e-05",26520
"OR10G3","9.576e-03",24667
"OR10G4","3.704e-04",25988
"OR10G7","2.731e-04",26096
"OR10G9","1.333e-02",24509
"OR10H3","1.665e-06",27664
"OR10H4","1.287e-06",27734
"OR10J5","7.718e-03",24767
"OR10K1","1.675e-07",28266
"OR10K2","3.201e-06",27483
"OR10P1","2.300e-04",26156
"OR10S1","7.971e-11",12278
"OR10T2","7.327e-05",26540
"OR10V1","7.791e-05",15753
"OR10Z1","2.815e-02",24128
"OR11A1","8.201e-09",28991
"OR11G2","3.322e-08",28663
"OR11H4","5.349e-03",24932
"OR11H6","3.456e-03",17152
"OR11L1","8.352e-04",25689
"OR12D2","1.142e-11",30385
"OR12D3","3.761e-03",25085
"OR13A1","6.262e-06",27292
"OR13C3","4.330e-07",28023
"OR13C4","1.429e-07",28306
"OR13C8","2.390e-07",28176
"OR13D1","8.595e-06",27200
"OR13F1","1.330e-05",27071
"OR13H1","1.341e-02",17767
"OR14A16","2.934e-10",29724
"OR14C36","2.541e-09",29256
"OR14I1","4.869e-08",28571
"OR14J1","7.336e-11",30012
"OR1A1","2.073e-04",26192
"OR1B1","8.094e-08",28447
"OR1C1","2.267e-04",26161
"OR1D2","4.967e-05",26665
"OR1D5;OR1D4","4.814e-05",26675
"OR1E2","1.346e-10",29887
"OR1F1","7.117e-03",24804
"OR1F2P","1.570e-04",26287
"OR1J1","2.272e-02",24241
"OR1J2","2.778e-02",24135
"OR1L6","3.424e-03",25125
"OR1M1","2.983e-04",26065
"OR1N1","3.450e-05",26780
"OR1Q1","3.454e-04",26013
"OR1S1","9.374e-03",24677
"OR1S2","8.334e-06",27209
"OR2A12","6.220e-05",26593
"OR2A25","3.773e-02",23968
"OR2AG2","1.316e-06",27728
"OR2AK2;OR2L13","3.522e-03",17160
"OR2AT4","4.160e-08",28609
"OR2B11","2.587e-02",24173
"OR2B2","1.930e-10",29812
"OR2B3","3.417e-02",24023
"OR2B6","1.068e-08",28930
"OR2C1","1.244e-05",27091
"OR2C3;LOC148824","7.314e-04",25739
"OR2D2","5.697e-03",24904
"OR2D3","2.594e-04",26114
"OR2G2","3.292e-07",28094
"OR2G3","4.102e-06",27413
"OR2G6","9.830e-04",25627
"OR2H1","7.509e-05",26532
"OR2H2","6.506e-06",27281
"OR2J2","2.281e-10",29777
"OR2J3","1.008e-06",27800
"OR2K2","9.822e-05",26444
"OR2L13","1.054e-06",27788
"OR2L3;OR2L13","8.411e-05",15778
"OR2L8;OR2L13","8.736e-04",16601
"OR2M1P","1.873e-02",24340
"OR2M4","1.506e-04",26301
"OR2M7","6.921e-07",27900
"OR2T11","2.109e-03",25326
"OR2T12","2.834e-06",27517
"OR2T2","6.695e-04",25772
"OR2T27","1.309e-02",24518
"OR2T29","4.355e-06",27396
"OR2T3","3.034e-05",26820
"OR2T4","3.191e-07",14171
"OR2T5","2.980e-06",27503
"OR2T8","8.584e-03",24718
"OR2W1","6.638e-05",26572
"OR2W5","1.176e-03",25558
"OR2Y1","7.776e-04",25716
"OR2Z1","8.258e-05",26501
"OR3A1","1.076e-02",24612
"OR3A2","3.828e-08",28629
"OR3A3","1.919e-06",27625
"OR3A4","6.886e-03",24819
"OR4A15","1.675e-04",26265
"OR4A16","1.213e-04",26374
"OR4A47","6.507e-09",29044
"OR4B1","4.650e-05",26686
"OR4C12","3.848e-02",23957
"OR4C13","3.114e-03",25165
"OR4C15","1.655e-10",29844
"OR4C45","9.790e-04",25626
"OR4C6","1.343e-03",25506
"OR4D10","1.841e-03",25381
"OR4D1;MSX2P1","1.257e-03",25532
"OR4D2","3.904e-02",23949
"OR4D5","2.344e-09",29274
"OR4D6","1.998e-06",27614
"OR4E2","6.414e-08",28504
"OR4F15","1.190e-02",24564
"OR4K1","6.090e-11",30050
"OR4K13","7.166e-06",27253
"OR4K15","1.357e-05",27065
"OR4K2","5.289e-05",26645
"OR4L1","1.225e-09",29417
"OR4M1","1.286e-05",27081
"OR4N2","8.308e-05",26499
"OR4N3P","8.113e-04",25700
"OR4N4","3.505e-03",25115
"OR4N5","1.823e-04",26236
"OR4P4","1.700e-02",24389
"OR4Q3","3.814e-03",25079
"OR4S2","1.433e-04",26318
"OR51A2","2.598e-05",26868
"OR51B2","2.502e-03",25256
"OR51B4","4.697e-03",17284
"OR51B6","9.177e-07",14448
"OR51G2","1.700e-02",17884
"OR51I1","1.911e-03",25366
"OR51I2","2.539e-05",26875
"OR51Q1","1.624e-05",27011
"OR51T1","5.290e-04",25859
"OR52A1","4.310e-02",23893
"OR52A4","5.558e-03",17358
"OR52A5","1.340e-03",25507
"OR52B4","9.779e-07",27808
"OR52D1","6.259e-03",24862
"OR52E2","4.575e-04",25912
"OR52E4","1.423e-07",28307
"OR52E6","1.227e-05",27095
"OR52E8","4.305e-04",25934
"OR52H1","1.016e-05",27151
"OR52I2","6.828e-06",27267
"OR52K1","2.003e-02",24306
"OR52N1","1.839e-04",26233
"OR52N2","4.324e-05",26709
"OR52N5","1.892e-06",27629
"OR52R1","3.212e-03",25152
"OR56A5","8.805e-04",25669
"OR56B1","1.488e-02",24455
"OR56B4","1.796e-09",12940
"OR5A1","1.354e-03",25503
"OR5A2","1.260e-03",25531
"OR5AC2","2.403e-10",29766
"OR5AK2","2.401e-03",25273
"OR5AN1","1.170e-04",26386
"OR5AR1;OR8U8","7.380e-07",27883
"OR5AS1","2.448e-02",24202
"OR5B12","1.341e-02",24506
"OR5B17","2.083e-03",25331
"OR5B2","7.838e-04",25713
"OR5B3","1.072e-04",26415
"OR5C1","1.511e-04",26300
"OR5D13","8.940e-07",27832
"OR5D18","1.062e-04",26418
"OR5H14","4.875e-05",26671
"OR5H2","1.019e-02",24638
"OR5H6","3.904e-03",25069
"OR5I1","6.500e-04",25783
"OR5K1","5.483e-03",24921
"OR5K2","1.001e-03",25620
"OR5K4","1.933e-04",26216
"OR5L1","2.306e-04",26155
"OR5M10;OR8U8","6.947e-03",24815
"OR5M1;OR8U8","1.077e-06",27782
"OR5M8;OR8U8","1.264e-04",26360
"OR5T2","2.209e-07",28196
"OR5V1","8.365e-10",29500
"OR5W2","1.022e-04",26431
"OR6A2","3.159e-03",25159
"OR6B3","5.979e-04",16459
"OR6C2","2.243e-05",15360
"OR6C6","3.017e-04",26061
"OR6C68","1.101e-05",27127
"OR6C70","1.604e-02",24418
"OR6C76","2.847e-02",18151
"OR6F1","2.974e-04",26066
"OR6K2","1.401e-06",27711
"OR6K6","2.074e-05",26937
"OR6M1","6.676e-03",24833
"OR6N1","4.784e-03",24981
"OR6N2","1.106e-08",28922
"OR6T1","9.329e-04",25647
"OR6V1","1.174e-15",32047
"OR6W1P","4.372e-08",28597
"OR6X1","1.215e-02",24554
"OR7A5","5.288e-03",24937
"OR7C2","1.287e-02",24526
"OR7D2","1.319e-02",24514
"OR7E156P","2.884e-02",24115
"OR7E37P","8.026e-06",27220
"OR7G2","5.694e-04",25832
"OR7G3","7.307e-03",17481
"OR8A1","1.220e-02",24552
"OR8B12","1.110e-07",28369
"OR8B4","2.038e-03",25340
"OR8B8","3.219e-11",30179
"OR8D1","6.368e-07",27922
"OR8G2","1.843e-07",28242
"OR8H1","6.121e-03",17401
"OR8H2","5.578e-05",26628
"OR8H3","1.006e-03",25618
"OR8I2","5.010e-07",27985
"OR8K1","1.139e-02",24585
"OR8K3","2.353e-07",28180
"OR8S1","2.891e-04",26076
"OR8U1;OR8U8","9.902e-12",30413
"OR8U8;OR5AP2","4.614e-02",23854
"OR8U8;OR5M1","6.573e-03",24840
"OR8U8;OR5M11","1.389e-08",28869
"OR8U8;OR5M3","1.924e-07",28231
"OR8U8;OR5M8","7.102e-04",25750
"OR8U8;OR5M9","1.298e-07",28330
"OR8U8;OR5R1","1.264e-04",26360
"OR9A2","2.374e-11",30240
"OR9G4","8.249e-06",27212
"OR9I1;OR9Q1","2.570e-03",25245
"OR9K2","4.906e-03",17303
"OR9Q1;OR9I1","9.097e-03",24691
"OR9Q2","1.261e-04",26361
"ORAI3","1.362e-04",26335
"ORAOV1","1.762e-10",12442
"ORC2L","1.137e-07",28363
"ORC4L","8.109e-06",27217
"ORC6L;VPS35","1.776e-02",24367
"OSBP","1.513e-02",17826
"OSBPL2","9.679e-03",24662
"OSBPL5","8.904e-03",17572
"OSBPL6","3.684e-04",16283
"OSBPL8","2.145e-08",28767
"OSCAR","1.038e-03",25606
"OSCP1","5.261e-04",16412
"OSGEP","4.711e-02",18431
"OSGEPL1","3.063e-05",26817
"OSM","5.914e-04",16455
"OSMR","2.658e-03",17042
"OSR1","9.235e-03",24684
"OSR2","2.696e-06",14742
"OSTM1","8.809e-03",24706
"OSTN","1.347e-03",25505
"OTOA","1.438e-02",24472
"OTOF","5.008e-03",17312
"OTOP1","1.772e-08",28812
"OTOP2","6.416e-05",15690
"OTOP2;USH1G","5.671e-08",13739
"OTOP3","6.970e-04",16516
"OTOR","3.210e-04",26039
"OTP","9.453e-11",29960
"OTUB2","6.278e-05",26590
"OTUD3","4.549e-04",25914
"OTUD4","7.068e-06",15016
"OTUD5","1.560e-03",16826
"OTUD6A","9.403e-04",25644
"OTUD6B","6.516e-05",26578
"OTUD7A","3.822e-06",14840
"OTX2","4.340e-06",27397
"OTX2OS1","2.394e-08",28741
"OVCA2;DPH1","1.099e-02",17671
"OVCH1","4.844e-05",26673
"OVCH2","3.473e-02",18259
"OVOL2","8.969e-04",25662
"OXCT1","5.533e-03",24917
"OXER1","3.833e-05",26747
"OXGR1","1.569e-02",24429
"OXNAD1","5.176e-04",16406
"OXR1","4.379e-05",26705
"OXSM","6.617e-03",24837
"OXSR1","2.451e-12",30683
"OXT","1.005e-05",15119
"P2RX2","2.260e-06",14693
"P2RX4","7.437e-03",24784
"P2RX6;MGC16703","1.016e-07",28391
"P2RX7","6.308e-12",30501
"P2RY1","3.391e-03",17144
"P2RY10","4.767e-04",25897
"P2RY12;MED12L","2.683e-08",28714
"P2RY14;MED12L","9.387e-10",29475
"P2RY4","1.515e-05",27032
"P4HB","2.614e-03",17035
"P4HTM","1.065e-05",15136
"P704P","1.982e-11",30276
"PA2G4;ERBB3","2.919e-05",15441
"PABPC1","2.816e-03",25207
"PABPC1L","1.904e-05",26963
"PABPC1P2","6.394e-09",29048
"PABPC3","1.037e-04",26426
"PABPC4L","2.567e-02",18096
"PABPC5","3.746e-04",25984
"PABPN1","2.543e-02",18091
"PACRG","2.676e-06",27533
"PACRG;LOC285796","3.271e-10",29701
"PACRG;PARK2","3.048e-03",25174
"PACS2","6.259e-03",24862
"PACSIN2","4.600e-04",25910
"PADI3","2.462e-02",24199
"PADI4","4.348e-02",23888
"PAFAH1B2","1.850e-07",28241
"PAFAH1B3;PRR19","2.543e-04",16152
"PAGE1","5.906e-03",24888
"PAGE2","3.081e-07",28111
"PAGE2B","1.492e-06",27694
"PAGE3","3.037e-12",30642
"PAGE5","1.248e-05",27090
"PAH","7.708e-08",28459
"PAICS;PPAT","1.076e-05",27134
"PAIP1","1.205e-02",17715
"PAIP2","1.125e-04",15874
"PAIP2B","9.350e-07",27820
"PAK1","8.828e-04",25668
"PAK2","5.146e-07",27978
"PAK3","2.144e-02",24271
"PAK4","2.810e-04",16187
"PAK6;C15orf56","9.188e-16",10185
"PAK7","7.176e-14",31335
"PALB2;DCTN5","5.076e-03",24955
"PALLD","3.715e-04",25987
"PALM","4.356e-02",18386
"PALM2","1.922e-04",26218
"PALM2;PALM2-AKAP2","3.258e-02",24049
"PAM","3.226e-08",28670
"PANK4","4.033e-05",15542
"PANX1","4.456e-13",31003
"PANX3","2.132e-02",24274
"PAOX","3.809e-06",27434
"PAPD5","1.691e-08",28823
"PAPLN","5.451e-04",25848
"PAPOLB;RADIL","8.873e-07",27834
"PAPPA","4.191e-02",23909
"PAPSS1","2.790e-05",26846
"PAQR4","1.770e-10",12443
"PAQR6","1.175e-08",13365
"PAQR7","1.213e-03",16727
"PAR-SN;SNORD107","2.598e-05",26868
"PAR1","3.464e-08",28653
"PAR5","4.806e-03",24979
"PAR5;SNORD64","2.034e-06",27609
"PARD3B","9.254e-08",28414
"PARD6A;ACD","2.784e-06",14751
"PARD6B","4.794e-02",18441
"PARK2","5.565e-06",27326
"PARK7","1.899e-02",17940
"PARM1","1.268e-04",26359
"PARN","8.533e-08",28434
"PARP1","6.226e-04",16474
"PARP10","3.123e-02",18201
"PARP11","9.046e-06",15088
"PARP12","5.602e-04",25838
"PARP14","1.020e-03",16660
"PARP15","2.438e-10",29763
"PARP16","8.167e-03",17532
"PARP3","1.251e-02",17733
"PARP4","4.257e-04",16335
"PARP6","2.772e-05",15425
"PARP8","4.656e-06",27377
"PARP9;DTX3L","1.896e-03",16904
"PART1","1.016e-11",30408
"PART1;PDE4D","4.552e-07",14263
"PARVA","1.912e-06",27626
"PARVG","4.243e-02",18371
"PASD1","3.141e-02",24069
"PASK","1.826e-02",17920
"PATE1","1.881e-08",28798
"PATE2","4.748e-07",27999
"PATE3","5.863e-05",26612
"PATE4","2.434e-05",26888
"PATZ1","1.346e-15",10249
"PAWR","3.767e-04",25982
"PAX1","9.175e-03",17586
"PAX2","1.993e-03",25349
"PAX3;CCDC140","2.401e-04",26141
"PAX4","2.301e-06",27575
"PAX6","5.533e-03",24917
"PAX8;LOC440839","7.353e-04",25737
"PAX8;LOC440839;LOC654433","3.612e-04",16276
"PAX9","1.308e-10",12380
"PBK","1.306e-03",25517
"PBOV1;KIAA1244","1.566e-08",28841
"PBRM1","1.344e-12",30797
"PBX1","4.510e-12",30566
"PBX2","1.870e-02",17932
"PBX4","8.260e-08",13831
"PBXIP1","8.170e-07",27856
"PC","3.328e-06",14801
"PCBD1","8.167e-03",17532
"PCBD2","6.573e-03",17433
"PCBP1","1.428e-11",11932
"PCBP2;MAP3K12","2.960e-02",18172
"PCCA","1.700e-04",26260
"PCDH1","4.987e-02",23809
"PCDH10","5.691e-10",29583
"PCDH11X","3.359e-14",31470
"PCDH11Y","2.989e-16",32274
"PCDH15","6.943e-15",31745
"PCDH17","1.020e-09",29457
"PCDH18","5.432e-10",29593
"PCDH20","1.329e-07",28324
"PCDH7","1.847e-11",30290
"PCDH9","1.272e-04",26358
"PCDHA1","7.064e-12",30479
"PCDHA12;PCDHA7;PCDHA6;PCDHA10;PCDHA4;PCDHA11;PCDHA8;PCDHA1;PCDHA2;PCDHA9;PCDHA5;PCDHA3","2.438e-12",30684
"PCDHA1;PCDHA2","2.410e-11",30237
"PCDHA2;PCDHA1","1.106e-06",27775
"PCDHA2;PCDHA1;PCDHA3","7.856e-11",29998
"PCDHA2;PCDHA1;PCDHA3;PCDHA4","2.437e-07",28171
"PCDHA2;PCDHA1;PCDHA3;PCDHA4;PCDHA5","9.079e-12",30430
"PCDHA2;PCDHA1;PCDHA4;PCDHA3","2.792e-09",29235
"PCDHA2;PCDHA1;PCDHA6;PCDHA5;PCDHA3;PCDHA4","4.510e-11",30111
"PCDHA6;PCDHA2;PCDHA1;PCDHA10;PCDHA9;PCDHA7;PCDHA5;PCDHA3;PCDHA4;PCDHA8","6.951e-10",29540
"PCDHA6;PCDHA2;PCDHA1;PCDHA5;PCDHA3;PCDHA4","6.885e-12",30484
"PCDHA6;PCDHA2;PCDHA1;PCDHA7;PCDHA5;PCDHA3;PCDHA4","2.838e-10",29731
"PCDHA6;PCDHA2;PCDHA1;PCDHA7;PCDHA5;PCDHA9;PCDHA3;PCDHA4;PCDHA8","1.258e-08",28892
"PCDHA6;PCDHA2;PCDHA1;PCDHA7;PCDHA8;PCDHA5;PCDHA3;PCDHA4","1.969e-15",31960
"PCDHA6;PCDHA2;PCDHA1;PCDHA8;PCDHA7;PCDHA5;PCDHA3;PCDHA4","4.981e-04",25881
"PCDHA6;PCDHA2;PCDHA1;PCDHA9;PCDHA7;PCDHA10;PCDHA5;PCDHA3;PCDHA4;PCDHA8","7.408e-11",30010
"PCDHA6;PCDHA2;PCDHA1;PCDHA9;PCDHA7;PCDHA11;PCDHA5;PCDHA10;PCDHA3;PCDHA4;PCDHA8","8.274e-03",24735
"PCDHA6;PCDHA2;PCDHA1;PCDHA9;PCDHA7;PCDHA12;PCDHA5;PCDHA10;PCDHA3;PCDHA4;PCDHA11;PCDHA8","1.925e-03",25363
"PCDHA6;PCDHA2;PCDHA1;PCDHA9;PCDHA7;PCDHA5;PCDHA10;PCDHA3;PCDHA4;PCDHA8","1.104e-10",29928
"PCDHA6;PCDHA2;PCDHA1;PCDHA9;PCDHA7;PCDHA5;PCDHA11;PCDHA10;PCDHA3;PCDHA4;PCDHA8","1.816e-12",30740
"PCDHA6;PCDHA2;PCDHA1;PCDHA9;PCDHA7;PCDHA5;PCDHA3;PCDHA4;PCDHA10;PCDHA8","5.791e-07",27947
"PCDHA7;PCDHA12;PCDHA6;PCDHA10;PCDHA4;PCDHA11;PCDHA8;PCDHA1;PCDHA2;PCDHA9;PCDHA13;PCDHA5;PCDHAC1;PCDHA3","1.128e-05",15153
"PCDHA7;PCDHA12;PCDHA6;PCDHA10;PCDHA4;PCDHA11;PCDHA8;PCDHA1;PCDHA2;PCDHA9;PCDHA5;PCDHA13;PCDHA3","3.907e-11",30140
"PCDHA7;PCDHA12;PCDHA6;PCDHA10;PCDHA4;PCDHA11;PCDHA8;PCDHA1;PCDHA2;PCDHA9;PCDHAC2;PCDHA13;PCDHA5;PCDHAC1;PCDHA3","3.077e-06",27494
"PCDHA7;PCDHA12;PCDHA6;PCDHA13;PCDHA10;PCDHA4;PCDHA11;PCDHA8;PCDHA1;PCDHA2;PCDHA9;PCDHA5;PCDHA3","6.176e-06",27296
"PCDHA7;PCDHA12;PCDHA6;PCDHAC1;PCDHA10;PCDHA4;PCDHA11;PCDHA8;PCDHA1;PCDHA2;PCDHA9;PCDHA13;PCDHA5;PCDHA3","2.088e-05",26935
"PCDHA7;PCDHA13;PCDHA12;PCDHA6;PCDHA10;PCDHA4;PCDHA11;PCDHA8;PCDHA1;PCDHA2;PCDHA9;PCDHA5;PCDHA3","5.900e-13",30951
"PCDHA7;PCDHA6;PCDHA10;PCDHA4;PCDHA11;PCDHA12;PCDHA8;PCDHA1;PCDHA2;PCDHA9;PCDHA5;PCDHA3","2.473e-06",27555
"PCDHA7;PCDHA6;PCDHA11;PCDHA10;PCDHA4;PCDHA8;PCDHA1;PCDHA2;PCDHA9;PCDHA5;PCDHA3","4.351e-05",26707
"PCDHA7;PCDHAC1;PCDHA12;PCDHA6;PCDHA10;PCDHA4;PCDHA11;PCDHA8;PCDHA1;PCDHA2;PCDHA9;PCDHA13;PCDHA5;PCDHA3","9.177e-07",27825
"PCDHA7;PCDHAC2;PCDHA12;PCDHA6;PCDHA10;PCDHA4;PCDHA11;PCDHA8;PCDHA1;PCDHA2;PCDHA9;PCDHA13;PCDHA5;PCDHAC1;PCDHA3","3.528e-05",26773
"PCDHA9;PCDHA6;PCDHA4;PCDHA13;PCDHAC1;PCDHA10;PCDHA8;PCDHA3;PCDHA1;PCDHA5;PCDHA12;PCDHAC2;PCDHA2;PCDHA7;PCDHA11","1.203e-09",29421
"PCDHAC1;PCDHA7;PCDHA12;PCDHA6;PCDHA10;PCDHA4;PCDHA11;PCDHA8;PCDHA1;PCDHA2;PCDHA9;PCDHA13;PCDHA5;PCDHA3","1.708e-06",27657
"PCDHAC2;PCDHA7;PCDHA12;PCDHA6;PCDHA10;PCDHA4;PCDHA11;PCDHA8;PCDHA1;PCDHA2;PCDHA9;PCDHA13;PCDHA5;PCDHAC1;PCDHA3","2.384e-08",28742
"PCDHB1","1.724e-13",31177
"PCDHB10","7.950e-10",29511
"PCDHB11","6.820e-08",28489
"PCDHB12","3.689e-05",26759
"PCDHB13","6.338e-09",29050
"PCDHB14","2.347e-04",26149
"PCDHB15","4.743e-10",29622
"PCDHB16","6.536e-09",29043
"PCDHB16;PCDHB8","3.683e-07",28065
"PCDHB17","1.197e-09",29422
"PCDHB18","5.040e-10",29609
"PCDHB19P","1.532e-11",30327
"PCDHB2","1.011e-11",30409
"PCDHB3","1.058e-09",29449
"PCDHB4","5.770e-11",30061
"PCDHB5","3.737e-11",30149
"PCDHB6","2.541e-09",29256
"PCDHB7","5.714e-11",30063
"PCDHB8","6.820e-08",28489
"PCDHB9","5.885e-08",28525
"PCDHGA1","1.461e-10",29870
"PCDHGA1;PCDHGA2","7.464e-07",27880
"PCDHGA2;PCDHGA1","3.844e-08",28628
"PCDHGA2;PCDHGA1;PCDHGA3;PCDHGB1","7.227e-09",29020
"PCDHGA2;PCDHGA3;PCDHGA1","8.600e-10",29494
"PCDHGA2;PCDHGA4;PCDHGA1;PCDHGB1;PCDHGA3","1.761e-04",26248
"PCDHGA2;PCDHGB1;PCDHGA1;PCDHGA3","1.624e-10",29848
"PCDHGA4;PCDHGA11;PCDHGA12;PCDHGA9;PCDHGA1;PCDHGB1;PCDHGB6;PCDHGB3;PCDHGB7;PCDHGA6;PCDHGA8;PCDHGA10;PCDHGA5;PCDHGB4;PCDHGA3;PCDHGA2;PCDHGA7;PCDHGB2;PCDHGB5","1.797e-04",26241
"PCDHGA4;PCDHGA11;PCDHGA9;PCDHGA1;PCDHGB1;PCDHGB6;PCDHGA12;PCDHGB3;PCDHGB7;PCDHGA6;PCDHGA8;PCDHGA10;PCDHGA5;PCDHGB4;PCDHGA3;PCDHGA2;PCDHGA7;PCDHGB2;PCDHGB5","2.447e-07",28170
"PCDHGA4;PCDHGA11;PCDHGA9;PCDHGA1;PCDHGB1;PCDHGB6;PCDHGA12;PCDHGB3;PCDHGB7;PCDHGA6;PCDHGA8;PCDHGA10;PCDHGA5;PCDHGB4;PCDHGA3;PCDHGA2;PCDHGB2;PCDHGA7;PCDHGB5","4.426e-04",25924
"PCDHGA4;PCDHGA11;PCDHGA9;PCDHGA1;PCDHGB1;PCDHGB6;PCDHGB3;PCDHGB7;PCDHGA6;PCDHGA8;PCDHGA10;PCDHGB8P;PCDHGA5;PCDHGB4;PCDHGA3;PCDHGA2;PCDHGA7;PCDHGB2;PCDHGB5","2.983e-03",17090
"PCDHGA4;PCDHGA11;PCDHGA9;PCDHGA1;PCDHGB1;PCDHGB8P;PCDHGB6;PCDHGB3;PCDHGB7;PCDHGA6;PCDHGA8;PCDHGA10;PCDHGA5;PCDHGB4;PCDHGA3;PCDHGA2;PCDHGB2;PCDHGA7;PCDHGB5","4.952e-05",26666
"PCDHGA4;PCDHGA12;PCDHGA11;PCDHGA9;PCDHGA1;PCDHGB1;PCDHGB6;PCDHGC3;PCDHGB3;PCDHGB7;PCDHGA6;PCDHGA8;PCDHGA10;PCDHGA5;PCDHGB4;PCDHGA3;PCDHGA2;PCDHGA7;PCDHGB2;PCDHGB5","8.343e-14",31308
"PCDHGA4;PCDHGA12;PCDHGA11;PCDHGA9;PCDHGA1;PCDHGB1;PCDHGC3;PCDHGB6;PCDHGB3;PCDHGB7;PCDHGA6;PCDHGA8;PCDHGA10;PCDHGA5;PCDHGB4;PCDHGA3;PCDHGA2;PCDHGA7;PCDHGB2;PCDHGB5","4.448e-07",28016
"PCDHGA4;PCDHGA1;PCDHGA6;PCDHGA5;PCDHGB1;PCDHGA3;PCDHGA2;PCDHGB2;PCDHGB3","1.633e-09",29354
"PCDHGA4;PCDHGA2;PCDHGA1;PCDHGB1;PCDHGA3","1.073e-09",29446
"PCDHGA4;PCDHGA2;PCDHGA5;PCDHGB2;PCDHGA1;PCDHGB1;PCDHGA3","3.178e-07",28103
"PCDHGA4;PCDHGA2;PCDHGB2;PCDHGA1;PCDHGB1;PCDHGA3","2.348e-05",26899
"PCDHGA4;PCDHGA2;PCDHGB2;PCDHGA1;PCDHGB3;PCDHGA5;PCDHGB1;PCDHGA3","2.977e-02",24098
"PCDHGA4;PCDHGA2;PCDHGB2;PCDHGA5;PCDHGA1;PCDHGB1;PCDHGA3","5.648e-08",28535
"PCDHGA4;PCDHGA6;PCDHGA1;PCDHGA5;PCDHGB1;PCDHGA3;PCDHGA2;PCDHGA7;PCDHGB2;PCDHGB4;PCDHGB3","5.094e-05",26657
"PCDHGA4;PCDHGA6;PCDHGA1;PCDHGA5;PCDHGB1;PCDHGA3;PCDHGA2;PCDHGB2;PCDHGA7;PCDHGB3","1.473e-02",24460
"PCDHGA4;PCDHGA6;PCDHGA1;PCDHGA5;PCDHGB1;PCDHGA3;PCDHGA2;PCDHGB2;PCDHGB3","1.115e-08",28920
"PCDHGA4;PCDHGA6;PCDHGA1;PCDHGA5;PCDHGB1;PCDHGA3;PCDHGA2;PCDHGB4;PCDHGA7;PCDHGB2;PCDHGB3","1.180e-08",28907
"PCDHGA4;PCDHGA6;PCDHGA1;PCDHGA5;PCDHGB1;PCDHGB4;PCDHGA3;PCDHGA2;PCDHGA8;PCDHGA7;PCDHGB2;PCDHGB3","2.409e-07",28174
"PCDHGA4;PCDHGA6;PCDHGA1;PCDHGA5;PCDHGB1;PCDHGB4;PCDHGA3;PCDHGA8;PCDHGA2;PCDHGA7;PCDHGB2;PCDHGB3","3.863e-04",25973
"PCDHGA4;PCDHGA6;PCDHGA1;PCDHGA7;PCDHGA5;PCDHGB1;PCDHGA3;PCDHGA2;PCDHGB2;PCDHGB3","3.256e-04",26034
"PCDHGA4;PCDHGA6;PCDHGA1;PCDHGA8;PCDHGA5;PCDHGB1;PCDHGB4;PCDHGA3;PCDHGA2;PCDHGA7;PCDHGB2;PCDHGA9;PCDHGB5;PCDHGB3","7.471e-04",25731
"PCDHGA4;PCDHGA6;PCDHGA1;PCDHGA8;PCDHGA5;PCDHGB1;PCDHGB4;PCDHGA3;PCDHGA2;PCDHGA9;PCDHGA7;PCDHGB2;PCDHGB5;PCDHGB3","2.276e-06",27578
"PCDHGA4;PCDHGA6;PCDHGA1;PCDHGA8;PCDHGA5;PCDHGB1;PCDHGB4;PCDHGA3;PCDHGB5;PCDHGA2;PCDHGA7;PCDHGB2;PCDHGB3","5.722e-06",27318
"PCDHGA4;PCDHGA6;PCDHGA1;PCDHGA8;PCDHGB5;PCDHGA5;PCDHGB1;PCDHGB4;PCDHGA3;PCDHGA2;PCDHGA7;PCDHGB2;PCDHGB3","4.483e-08",28591
"PCDHGA4;PCDHGA6;PCDHGA9;PCDHGA1;PCDHGA8;PCDHGA10;PCDHGA5;PCDHGB1;PCDHGB4;PCDHGA3;PCDHGA2;PCDHGB6;PCDHGA7;PCDHGB2;PCDHGB5;PCDHGB3","4.303e-02",23894
"PCDHGA4;PCDHGA6;PCDHGA9;PCDHGA1;PCDHGA8;PCDHGA5;PCDHGB1;PCDHGA10;PCDHGB4;PCDHGA3;PCDHGA2;PCDHGB6;PCDHGA7;PCDHGB2;PCDHGB5;PCDHGB3","3.665e-05",26761
"PCDHGA4;PCDHGA6;PCDHGA9;PCDHGA1;PCDHGA8;PCDHGA5;PCDHGB1;PCDHGB4;PCDHGA3;PCDHGA10;PCDHGA2;PCDHGB6;PCDHGA7;PCDHGB2;PCDHGB5;PCDHGB3","2.457e-02",24200
"PCDHGA4;PCDHGA6;PCDHGA9;PCDHGA1;PCDHGA8;PCDHGA5;PCDHGB1;PCDHGB6;PCDHGB4;PCDHGA3;PCDHGA2;PCDHGA7;PCDHGB2;PCDHGB5;PCDHGB3","1.016e-02",24639
"PCDHGA4;PCDHGA6;PCDHGB6;PCDHGA9;PCDHGA1;PCDHGA8;PCDHGA5;PCDHGB1;PCDHGB4;PCDHGA3;PCDHGA2;PCDHGA7;PCDHGB2;PCDHGB5;PCDHGB3","8.044e-03",24748
"PCDHGA4;PCDHGA7;PCDHGA6;PCDHGA1;PCDHGA5;PCDHGB1;PCDHGA3;PCDHGA2;PCDHGB2;PCDHGB3","5.545e-06",27327
"PCDHGA4;PCDHGA9;PCDHGA1;PCDHGA11;PCDHGB1;PCDHGB6;PCDHGB3;PCDHGB7;PCDHGA6;PCDHGA8;PCDHGA10;PCDHGA5;PCDHGB4;PCDHGA3;PCDHGA2;PCDHGA7;PCDHGB2;PCDHGB5","4.672e-06",27376
"PCDHGA4;PCDHGA9;PCDHGA1;PCDHGB1;PCDHGB6;PCDHGA11;PCDHGB3;PCDHGB7;PCDHGA6;PCDHGA8;PCDHGA10;PCDHGA5;PCDHGB4;PCDHGA3;PCDHGA2;PCDHGA7;PCDHGB2;PCDHGB5","1.257e-04",26362
"PCDHGA4;PCDHGA9;PCDHGA1;PCDHGB1;PCDHGB6;PCDHGB3;PCDHGA11;PCDHGB7;PCDHGA6;PCDHGA8;PCDHGA10;PCDHGA5;PCDHGB4;PCDHGA3;PCDHGA2;PCDHGB2;PCDHGA7;PCDHGB5","5.162e-04",25868
"PCDHGA4;PCDHGA9;PCDHGA1;PCDHGB1;PCDHGB6;PCDHGB3;PCDHGA6;PCDHGA8;PCDHGA5;PCDHGB4;PCDHGA3;PCDHGA2;PCDHGB2;PCDHGA7;PCDHGB5","1.771e-04",26246
"PCDHGA4;PCDHGA9;PCDHGA1;PCDHGB1;PCDHGB6;PCDHGB3;PCDHGB7;PCDHGA6;PCDHGA8;PCDHGA10;PCDHGA5;PCDHGB4;PCDHGA3;PCDHGA2;PCDHGB2;PCDHGA7;PCDHGB5","1.247e-03",16738
"PCDHGA4;PCDHGA9;PCDHGA1;PCDHGB1;PCDHGB7;PCDHGB6;PCDHGA11;PCDHGB3;PCDHGA6;PCDHGA8;PCDHGA10;PCDHGA5;PCDHGB4;PCDHGA3;PCDHGA2;PCDHGA7;PCDHGB2;PCDHGB5","2.755e-09",29238
"PCDHGA4;PCDHGA9;PCDHGA1;PCDHGB1;PCDHGB7;PCDHGB6;PCDHGB3;PCDHGA6;PCDHGA8;PCDHGA10;PCDHGA5;PCDHGB4;PCDHGA3;PCDHGA2;PCDHGB2;PCDHGA7;PCDHGB5","9.108e-06",27183
"PCDHGA4;PCDHGB3;PCDHGA1;PCDHGA5;PCDHGB1;PCDHGA3;PCDHGA2;PCDHGB2","2.143e-05",26927
"PCDHGA4;PCDHGB5;PCDHGA6;PCDHGA1;PCDHGA8;PCDHGA5;PCDHGB1;PCDHGB4;PCDHGA3;PCDHGA2;PCDHGA7;PCDHGB2;PCDHGB3","1.005e-05",27154
"PCDHGA4;PCDHGC3;PCDHGA12;PCDHGA11;PCDHGA9;PCDHGA1;PCDHGB1;PCDHGB6;PCDHGB3;PCDHGB7;PCDHGA6;PCDHGA8;PCDHGA10;PCDHGA5;PCDHGB4;PCDHGC4;PCDHGA3;PCDHGA2;PCDHGA7;PCDHGB2;PCDHGC5;PCDHGB5","9.078e-03",24692
"PCDHGA4;PCDHGC3;PCDHGA12;PCDHGA11;PCDHGA9;PCDHGA1;PCDHGB1;PCDHGB6;PCDHGB3;PCDHGB7;PCDHGC5;PCDHGA6;PCDHGA8;PCDHGA10;PCDHGA5;PCDHGB4;PCDHGC4;PCDHGA3;PCDHGA2;PCDHGA7;PCDHGB2;PCDHGB5","1.542e-04",26293
"PCDHGA4;PCDHGC3;PCDHGA12;PCDHGA11;PCDHGA9;PCDHGA1;PCDHGB1;PCDHGB6;PCDHGC4;PCDHGB3;PCDHGB7;PCDHGA6;PCDHGA8;PCDHGA10;PCDHGA5;PCDHGB4;PCDHGA3;PCDHGA2;PCDHGA7;PCDHGB2;PCDHGB5","2.490e-05",26881
"PCDHGA4;PCDHGC3;PCDHGA12;PCDHGA11;PCDHGA9;PCDHGA1;PCDHGB1;PCDHGB6;PCDHGC5;PCDHGB3;PCDHGB7;PCDHGA6;PCDHGA8;PCDHGA10;PCDHGA5;PCDHGB4;PCDHGC4;PCDHGA3;PCDHGA2;PCDHGA7;PCDHGB2;PCDHGB5","2.022e-11",30272
"PCDHGA4;PCDHGC3;PCDHGA12;PCDHGA11;PCDHGA9;PCDHGA1;PCDHGB1;PCDHGC4;PCDHGB6;PCDHGB3;PCDHGB7;PCDHGA6;PCDHGA8;PCDHGA10;PCDHGA5;PCDHGB4;PCDHGA3;PCDHGA2;PCDHGA7;PCDHGB2;PCDHGB5","3.053e-05",26818
"PCDHGA4;PCDHGC3;PCDHGA12;PCDHGC4;PCDHGA11;PCDHGA9;PCDHGA1;PCDHGB1;PCDHGB6;PCDHGB3;PCDHGB7;PCDHGA6;PCDHGA8;PCDHGA10;PCDHGA5;PCDHGB4;PCDHGA3;PCDHGA2;PCDHGA7;PCDHGB2;PCDHGB5","7.453e-03",24783
"PCDHGA5;PCDHGA4;PCDHGA2;PCDHGB2;PCDHGA1;PCDHGB1;PCDHGA3","1.823e-03",25385
"PCDHGB1;PCDHGA2;PCDHGA1;PCDHGA3","2.610e-12",30671
"PCDHGB4;PCDHGA4;PCDHGA6;PCDHGA1;PCDHGA5;PCDHGB1;PCDHGA3;PCDHGA2;PCDHGA7;PCDHGB2;PCDHGB3","6.817e-07",27904
"PCDHGB5;PCDHGC3;PCDHGA6;PCDHGB4;PCDHGA8;PCDHGA12;PCDHGB3;PCDHGA5;PCDHGA1;PCDHGA11;PCDHGA3;PCDHGA2;PCDHGB6;PCDHGC5;PCDHGA4;PCDHGB2;PCDHGA10;PCDHGC4;PCDHGB7;PCDHGA9;PCDHGB1;PCDHGA7","1.219e-03",16729
"PCGF5","1.417e-06",27708
"PCGF6","5.808e-05",26615
"PCID2","4.199e-04",25943
"PCLO","1.411e-06",27709
"PCM1","1.802e-04",26240
"PCNA","7.008e-04",25755
"PCNP","4.189e-05",15554
"PCNT","2.631e-02",18109
"PCNX","4.445e-03",25013
"PCNXL3","7.502e-03",17493
"PCOLCE","5.030e-03",17314
"PCP2","2.394e-06",27564
"PCSK1","1.295e-05",27079
"PCSK1N","2.727e-02",18128
"PCSK2","5.294e-09",29091
"PCSK4","1.991e-02",17964
"PCSK6","3.760e-02",23970
"PCSK7","4.772e-06",27370
"PCTP","9.329e-08",28412
"PCYOX1","2.890e-02",18159
"PCYOX1L","5.019e-03",24960
"PCYT2","3.430e-09",13084
"PCYT2;SIRT7","6.273e-03",24861
"PDAP1","1.420e-02",17795
"PDC;MIR548F1","1.128e-09",29435
"PDCD1","2.543e-04",16152
"PDCD10","2.018e-03",16929
"PDCD10;SERPINI1","6.962e-03",24814
"PDCD11","6.085e-07",27934
"PDCD2","4.752e-02",23837
"PDCD2L","6.429e-03",17423
"PDCD5","8.049e-04",25703
"PDCD6","4.202e-05",26718
"PDCD6IP","1.665e-04",26267
"PDCL","3.386e-02",24028
"PDCL2","6.847e-16",32137
"PDE10A","2.374e-02",24218
"PDE11A","2.183e-03",25312
"PDE1A","3.778e-04",25981
"PDE1B","4.202e-05",26718
"PDE1C","2.248e-10",29780
"PDE3A","1.109e-05",27125
"PDE3B","2.125e-03",25323
"PDE3B;PSMA1","9.597e-03",17607
"PDE4A","1.256e-02",17735
"PDE4B","6.782e-18",32880
"PDE4D","2.281e-10",29777
"PDE5A","7.024e-03",24810
"PDE6C","2.816e-03",25207
"PDE6D","4.235e-02",23903
"PDE6G","3.859e-03",25074
"PDE6H","6.529e-03",24843
"PDE7A","1.776e-04",26245
"PDE7B","1.570e-10",29855
"PDF;COG8","5.363e-04",16419
"PDGFA","1.197e-03",16722
"PDGFB","5.088e-10",12666
"PDGFC","7.682e-09",29006
"PDGFD","4.571e-16",32204
"PDGFD;DDI1","6.855e-10",29543
"PDGFRL","1.556e-04",26290
"PDHA2","8.743e-06",27195
"PDIA2","1.956e-02",17955
"PDIA3;CATSPER2P1","1.607e-02",24417
"PDIA3P","2.053e-03",25337
"PDIA5","4.176e-03",17233
"PDIA6","1.468e-03",25471
"PDILT","2.706e-02",24149
"PDK1","4.829e-05",26674
"PDK4","1.620e-02",24413
"PDLIM1","4.205e-06",27406
"PDLIM2","2.844e-03",17070
"PDLIM3","6.536e-05",26577
"PDLIM4","2.186e-02",24261
"PDP1","2.753e-02",24140
"PDP2","1.110e-02",24597
"PDPK1;LOC652276","8.531e-04",25681
"PDPN","1.787e-08",28810
"PDPR","1.742e-05",26990
"PDS5A","1.710e-02",24386
"PDSS2","3.120e-08",28678
"PDX1","1.451e-09",29380
"PDXDC1","4.045e-02",18344
"PDXK","1.267e-12",11465
"PDZD4","9.374e-03",17596
"PDZD8","1.312e-09",29402
"PDZRN3","1.134e-03",25572
"PDZRN4","5.223e-08",28554
"PEA15","2.478e-03",17013
"PEAR1","1.542e-06",14588
"PEBP1","1.075e-07",28377
"PEBP4","4.517e-03",17267
"PECI;C6orf201","2.334e-02",18046
"PEF1","3.833e-05",15526
"PEG10","5.361e-03",24931
"PEG3;ZIM2","1.504e-14",31611
"PEG3;ZIM2;MIMT1","4.006e-10",29658
"PEG3;ZIM2;PEG3AS","6.272e-07",27926
"PELI2","1.724e-05",26993
"PELP1","2.755e-04",26093
"PEPD","1.483e-03",25467
"PER2","3.522e-04",16267
"PER3","5.147e-22",7994
"PER4","6.368e-07",27922
"PERP","2.756e-03",17057
"PES1","3.361e-02",24032
"PET112L","3.573e-05",26769
"PEX10;RER1","7.867e-12",11815
"PEX12","3.193e-02",24060
"PEX14","3.246e-02",18222
"PEX19","3.511e-02",18265
"PEX26","5.762e-03",17374
"PEX5","2.955e-02",24102
"PEX5L","1.580e-11",30321
"PEX6","1.152e-03",25566
"PF4","7.701e-03",24768
"PF4V1","9.089e-10",29482
"PFDN1","2.525e-19",33383
"PFDN2;NIT1","1.795e-03",16882
"PFDN4","8.308e-05",26499
"PFDN5;C12orf10","1.752e-17",32731
"PFKFB1","1.006e-08",28944
"PFKFB2","5.882e-04",25820
"PFKFB2;YOD1","2.428e-07",28172
"PFKL","6.105e-05",15674
"PFN2","3.235e-06",27480
"PFN3","3.543e-02",18270
"PFN4","2.975e-07",28120
"PGA3","3.349e-02",24034
"PGA5","3.038e-02",24087
"PGAM5","8.714e-03",17562
"PGBD1","2.179e-06",27590
"PGBD4","2.199e-02",18015
"PGBD4;C15orf24","7.901e-04",25710
"PGD","2.464e-04",16141
"PGGT1B","6.181e-15",31765
"PGK1","1.403e-02",17789
"PGK2","2.247e-04",26164
"PGLS","3.423e-02",24022
"PGLYRP3","5.845e-05",26613
"PGLYRP4","3.164e-02",24065
"PGM1","2.485e-04",26129
"PGM2","3.572e-03",17166
"PGM5","3.666e-09",29174
"PGM5P2","1.580e-03",25442
"PGS1","7.307e-03",24792
"PHACTR2","8.419e-04",25686
"PHACTR3","3.099e-06",27492
"PHACTR4","2.636e-02",24163
"PHAX","4.783e-15",31809
"PHB2;EMG1","1.205e-04",26376
"PHB2;SCARNA12","4.425e-03",17258
"PHF1","9.256e-04",16623
"PHF13","4.505e-05",15577
"PHF14","4.128e-03",25045
"PHF15","2.130e-03",16951
"PHF16","4.039e-04",16316
"PHF17","6.472e-03",24847
"PHF19","7.222e-08",13798
"PHF1;KIFC1","2.267e-04",16112
"PHF2","3.407e-03",25127
"PHF20L1","2.097e-04",26188
"PHF23","1.317e-02",24515
"PHF5A","3.330e-05",15482
"PHF6","5.423e-05",15636
"PHF8","7.780e-07",14404
"PHGDH","1.386e-02",24490
"PHIP","6.735e-03",17444
"PHKA2;LOC100132163","6.273e-03",24861
"PHKB;ITFG1","1.050e-04",26422
"PHLDA2","2.592e-02",24172
"PHLDA3","4.633e-03",17278
"PHLDB2","2.929e-07",28124
"PHLDB2;PLCXD2","4.258e-10",29645
"PHOSPHO1","1.764e-03",16875
"PHOSPHO2;KLHL23;C2orf77","1.628e-03",16843
"PHOX2B","1.030e-12",30847
"PHPT1","3.955e-13",11248
"PHRF1","1.330e-05",15202
"PHTF2;TMEM60","7.905e-03",24756
"PHYHIPL","8.442e-10",12775
"PHYHIPL;FAM13C","1.940e-07",28229
"PI15","4.902e-02",18454
"PI4K2A","2.639e-03",25234
"PI4KA","1.426e-02",24476
"PI4KA;SERPIND1","2.295e-05",26906
"PI4KAP1","8.621e-03",17557
"PIAS1","2.109e-06",14674
"PIAS2","3.166e-07",14169
"PIAS3","7.803e-03",24762
"PICALM","6.438e-06",27284
"PID1","9.296e-06",27177
"PIF1","1.668e-05",15270
"PIGA","4.274e-03",17243
"PIGB","2.539e-05",26875
"PIGC;C1orf105","1.734e-03",25405
"PIGF","4.128e-03",17228
"PIGF;CRIPT","4.835e-02",23827
"PIGH","1.197e-02",24561
"PIGK","9.576e-03",24667
"PIGM","2.601e-02",24170
"PIGN","1.578e-02",24426
"PIGO","2.873e-02",24117
"PIGP;TTC3","2.453e-02",24201
"PIGQ;NHLRC4","3.258e-03",25146
"PIGR","1.181e-09",29425
"PIGU","4.480e-02",23871
"PIGV","4.495e-02",23869
"PIGW;MYO19","1.206e-03",16725
"PIGX;C3orf34","2.922e-02",24108
"PIGY","3.618e-09",29177
"PIH1D1","9.552e-04",16635
"PIK3AP1","2.614e-03",25238
"PIK3C2G","3.563e-03",25108
"PIK3C3","2.144e-02",24271
"PIK3CB","3.199e-02",24059
"PIK3CD","2.221e-03",16968
"PIK3CG","2.497e-08",28731
"PIK3R1","3.143e-05",15464
"PIK3R2","1.286e-08",13386
"PIK3R3","2.474e-05",15390
"PIK3R5","7.532e-05",26531
"PIK3R6","2.420e-02",24208
"PIKFYVE","4.644e-03",24994
"PILRA","2.895e-07",28127
"PIM1","1.657e-05",27005
"PIM2","4.160e-06",14864
"PIM3","6.180e-12",11768
"PIN4","2.773e-02",18137
"PION","5.596e-07",14317
"PIP","2.845e-06",27516
"PIP4K2B","8.464e-04",16589
"PIP4K2C","1.545e-03",16822
"PIP5K1B;FAM122A","7.353e-04",25737
"PIP5KL1","3.288e-05",26795
"PIPSL","3.686e-02",23981
"PIR;FIGF","2.784e-07",28137
"PISD","1.653e-02",17870
"PITPNA","7.735e-03",17507
"PITPNA;INPP5K","2.416e-02",24209
"PITPNB","1.095e-04",26408
"PITPNC1","8.741e-07",27838
"PITPNM1","8.866e-03",17570
"PITPNM2","1.562e-02",17842
"PITRM1","3.904e-02",18324
"PITX1","8.975e-17",9803
"PITX2","2.687e-13",31096
"PIWIL3","5.120e-04",25871
"PIWIL4","5.319e-04",25857
"PJA1","1.122e-02",17681
"PKD1;MIR1225","1.665e-17",9534
"PKD1L2","3.726e-02",23975
"PKD2","3.274e-04",26032
"PKD2L1","1.899e-02",24333
"PKD2L2","3.032e-02",24088
"PKDCC","1.634e-08",13442
"PKDREJ","3.201e-04",16233
"PKHD1","6.518e-04",25782
"PKHD1L1","6.112e-06",27299
"PKIB","1.054e-02",24622
"PKMYT1","1.498e-02",17821
"PKMYT1;PAQR4","1.601e-10",12422
"PKN2","2.074e-02",24288
"PKP2","3.699e-02",23979
"PKP3","4.665e-03",17281
"PKP4","4.206e-03",17236
"PLA2G10","1.792e-07",14024
"PLA2G12A","2.048e-03",25338
"PLA2G12B","3.473e-04",26011
"PLA2G16","8.621e-03",24716
"PLA2G2C","2.773e-02",18137
"PLA2G2E","1.003e-02",17628
"PLA2G3","1.471e-04",15964
"PLA2G4C","4.526e-10",29632
"PLA2G4E","3.507e-09",13089
"PLA2G6","2.922e-02",18165
"PLA2R1","1.651e-04",26270
"PLAC8","1.902e-07",14039
"PLAC8L1","6.217e-03",24865
"PLAGL1","6.287e-03",24860
"PLAGL2","1.252e-07",13934
"PLAT","2.125e-03",16950
"PLAU","1.104e-12",30834
"PLB1","2.099e-03",25328
"PLCB1","2.817e-05",26843
"PLCB4","2.661e-02",24158
"PLCD3","1.227e-02",17724
"PLCD3;ACBD4","6.233e-08",28511
"PLCG2","1.251e-03",16739
"PLCH1","4.936e-02",23815
"PLCL1","1.824e-05",26976
"PLCL2","5.701e-05",26621
"PLCXD3","6.862e-14",31343
"PLD3;C19orf47","7.373e-04",16537
"PLD5","5.665e-05",26623
"PLD6","5.526e-04",16430
"PLDN","4.476e-03",17263
"PLEC1","3.460e-02",18257
"PLEC1;MIR661","6.356e-05",26586
"PLEK2","1.575e-02",24427
"PLEKHA1","3.349e-04",26024
"PLEKHA5","7.650e-06",27234
"PLEKHA6","5.556e-04",25841
"PLEKHA8","9.243e-05",26464
"PLEKHA9","2.117e-06",27598
"PLEKHB1","6.239e-05",26592
"PLEKHF2","6.804e-04",16507
"PLEKHG3","7.047e-08",13792
"PLEKHG4","1.143e-05",15157
"PLEKHG4B","6.642e-04",16498
"PLEKHG5","3.392e-08",13615
"PLEKHG6","4.016e-06",14854
"PLEKHH1","9.779e-07",27808
"PLEKHH2","4.202e-05",26718
"PLEKHH3","1.835e-07",14030
"PLEKHJ1;SF3A2","3.770e-03",25084
"PLEKHM3","8.599e-04",16595
"PLEKHN1","6.148e-12",11767
"PLEKHO2","5.517e-12",30527
"PLG","2.683e-05",26858
"PLGLA","1.260e-05",27087
"PLGLB1;PLGLB2","4.189e-05",26719
"PLIN3","2.691e-03",17047
"PLK1S1","1.800e-03",25390
"PLK2","1.011e-06",27799
"PLK3","4.715e-11",30102
"PLLP","5.021e-09",13170
"PLN;C6orf204","3.324e-02",24038
"PLOD2","1.676e-02",17877
"PLOD3","2.371e-07",14095
"PLP1","1.545e-03",25451
"PLP2","1.146e-07",13912
"PLRG1","1.734e-02",17894
"PLS1","2.611e-02",24168
"PLS3","6.515e-03",24844
"PLSCR5","2.587e-04",16158
"PLTP","2.454e-03",25264
"PLUNC","1.848e-02",24347
"PLVAP","2.273e-04",26160
"PLXNA1","6.283e-09",13221
"PLXNA3","1.522e-02",17829
"PLXNA4","9.679e-03",24662
"PLXNB1","1.655e-09",12922
"PLXNB2","6.170e-14",10911
"PLXNB3","4.679e-02",18427
"PM20D1","5.604e-06",27324
"PMCH","1.911e-02",24330
"PMCHL2","1.008e-12",30851
"PMEPA1","3.549e-02",24002
"PML","3.950e-03",17209
"PMM1","5.570e-03",17359
"PMM2","2.002e-07",28221
"PMP2","1.249e-04",26364
"PMPCA","1.320e-03",16760
"PMPCB","4.177e-08",28608
"PMS2","6.786e-14",10928
"PMS2;AIMP2","2.237e-02",24249
"PMS2L11","7.000e-07",14376
"PMS2L3","1.750e-04",26250
"PMVK","6.162e-03",17404
"PNKP","8.590e-13",11392
"PNLIPRP1","3.883e-02",23952
"PNLIPRP2","8.708e-08",28429
"PNMA1;C14orf43","1.949e-02",17953
"PNMAL1","1.771e-05",15288
"PNMAL2","7.024e-03",17463
"PNP","2.081e-05",26936
"PNPLA1","1.283e-03",25524
"PNPLA5","6.396e-05",26584
"PNPLA6;MCOLN1","9.652e-04",25634
"PNPLA8","1.271e-02",24532
"PNRC1","5.127e-11",12188
"PODN","1.666e-02",17874
"PODNL1;DCAF15","2.533e-02",24184
"POFUT2","1.260e-03",16742
"POFUT2;LOC642852","2.619e-06",27539
"POLA1","4.833e-10",12655
"POLA2","2.393e-02",18059
"POLB","2.228e-04",26167
"POLD1","4.537e-04",16358
"POLD1;SPIB","9.087e-04",16616
"POLD2","8.029e-08",28449
"POLD3","4.380e-10",29639
"POLDIP2","4.694e-05",26683
"POLDIP2;TMEM199","8.286e-04",25692
"POLDIP3","5.042e-03",17315
"POLE2","3.554e-09",13092
"POLE3;C9orf43","6.910e-05",15714
"POLE4","1.052e-12",11430
"POLH","8.346e-03",17542
"POLL;RP11-529I10.4","1.205e-02",24558
"POLM","2.828e-07",28133
"POLR1A","4.206e-03",25037
"POLR1C;YIPF3","3.235e-03",25149
"POLR1D","5.050e-04",16397
"POLR1D;LNX2","2.276e-02",24240
"POLR1E","2.867e-04",16194
"POLR2C","3.988e-02",23937
"POLR2F","2.437e-07",14102
"POLR2G","2.626e-02",24165
"POLR2I;TBCB","5.190e-04",16407
"POLR2J","2.472e-03",25261
"POLR2J4","2.018e-03",25344
"POLR2K","7.601e-03",24774
"POLR3A","4.709e-05",26682
"POLR3C;RNF115","8.134e-04",25699
"POLR3D","5.434e-03",17348
"POLR3E","2.878e-03",17075
"POLR3GL","5.321e-12",30534
"POLR3GL;ANKRD34A","3.235e-05",26800
"POLR3H;ACO2","2.441e-09",13008
"POLR3K","1.764e-03",16875
"POLRMT","1.627e-08",13441
"POLS","4.702e-04",16371
"POM121L12","1.764e-07",28253
"POM121L2","4.919e-02",23817
"POMGNT1","1.936e-05",15315
"POMGNT1;C1orf190","5.936e-05",15665
"POMT1","2.657e-06",14738
"POMT2","1.407e-08",28866
"PON1","4.911e-09",29108
"PON3","4.295e-02",18378
"POP1","1.699e-03",25413
"POP1;HRSP12","5.225e-07",27974
"POPDC2","5.993e-07",27938
"POPDC3","1.646e-04",26271
"PORCN","5.558e-03",17358
"POT1","3.070e-03",25171
"POTEA","1.071e-02",24614
"POTED","2.251e-05",26912
"POTEE","7.992e-03",24751
"POTEG","3.483e-05",26777
"POTEH","1.765e-06",27648
"POU1F1","2.107e-02",24280
"POU2F1","3.868e-03",25073
"POU2F2","2.656e-02",18114
"POU3F1","5.510e-08",28541
"POU3F2","2.884e-02",24115
"POU3F3","3.561e-06",27453
"POU3F4","3.493e-08",28651
"POU4F1","3.093e-11",12086
"POU4F2","1.552e-04",26291
"POU4F3","2.496e-09",29260
"POU5F1B","2.818e-04",26085
"POU6F1","6.544e-03",24842
"PP14571;GPC1","9.465e-09",13315
"PPA1","1.197e-02",24561
"PPA2","7.920e-09",28999
"PPAN-P2RY11;P2RY11","1.755e-02",17900
"PPAN-P2RY11;P2RY11;PPAN","4.279e-06",14872
"PPAN;PPAN-P2RY11","4.371e-02",23885
"PPAP2A","4.491e-05",26697
"PPAP2A;SKIV2L2","4.433e-02",23877
"PPAP2C","7.922e-04",16564
"PPAPDC1A","4.695e-02",23844
"PPAPDC1B","3.450e-05",15493
"PPARA","4.839e-06",14907
"PPARGC1A","7.988e-07",27862
"PPARGC1B","3.855e-02",23956
"PPBP","8.346e-03",24731
"PPBPL1","4.107e-04",25951
"PPBPL2","2.732e-02",24144
"PPCDC","1.933e-02",24324
"PPCS;ZMYND12","8.939e-05",26475
"PPDPF","2.606e-02",24169
"PPEF1","6.624e-04",25776
"PPEF2","1.072e-04",26415
"PPFIA2","2.918e-08",28694
"PPFIA3","5.558e-03",17358
"PPFIA3;C19orf73","9.824e-03",17618
"PPFIA3;LIN7B","4.455e-03",17261
"PPFIA4","4.921e-05",26668
"PPFIBP1","1.400e-02",24485
"PPHLN1","6.971e-06",27261
"PPIA","1.040e-02",24628
"PPIAL4A;PPIAL4B","7.401e-08",28469
"PPIAL4G","5.648e-05",26624
"PPIB","1.024e-07",28389
"PPIC","1.670e-02",17875
"PPID","2.008e-03",25346
"PPIE","2.826e-05",26842
"PPIH","3.960e-02",23941
"PPIL1","1.275e-08",28889
"PPIL6;SMPD2","3.530e-02",18268
"PPM1A","3.186e-08",28673
"PPM1D","8.923e-03",24700
"PPM1E","4.917e-03",17304
"PPM1F","3.859e-03",25074
"PPM1H","5.772e-04",25827
"PPM1L","7.380e-07",27883
"PPM1M","3.155e-06",14786
"PPME1;C2CD3","1.482e-02",24457
"PPOX","6.962e-03",24814
"PPOX;USP21","6.233e-08",13762
"PPP1CA;RAD9A","2.781e-05",15426
"PPP1CA;TBC1D10C","3.454e-04",26013
"PPP1CC","2.203e-02",24257
"PPP1R10","3.192e-04",16232
"PPP1R12A","1.636e-04",26273
"PPP1R12C","5.470e-07",27962
"PPP1R16A","5.510e-08",13732
"PPP1R2","1.649e-07",28270
"PPP1R2P1","3.627e-08",28642
"PPP1R2P3","7.247e-10",29531
"PPP1R2P9","3.213e-08",28671
"PPP1R3A","7.327e-05",26540
"PPP1R3B","2.895e-07",14146
"PPP1R3C","1.319e-02",24514
"PPP1R3D;C20orf177","3.788e-20",8609
"PPP1R3E","1.643e-02",17867
"PPP1R3F","3.446e-15",10408
"PPP1R3G","2.171e-09",12982
"PPP1R7","3.895e-04",25970
"PPP1R8;SCARNA1","1.338e-04",26341
"PPP1R9A","5.986e-06",27305
"PPP1R9B","1.094e-03",16687
"PPP2CA","4.981e-04",16392
"PPP2R2A","3.841e-02",23958
"PPP2R2B","3.746e-04",25984
"PPP2R2C","1.883e-04",16048
"PPP2R2D","1.428e-03",25482
"PPP2R3C;KIAA0391","5.749e-03",24900
"PPP2R5B","3.448e-07",28082
"PPP2R5E","2.929e-07",28124
"PPP3CA","7.291e-03",24793
"PPP3CB","1.321e-05",27073
"PPP3R2;GRIN3A","1.729e-03",25406
"PPP6C","1.097e-03",16688
"PPPDE2","3.895e-03",17203
"PPT1","2.276e-03",25295
"PPT2;PRRT1","1.961e-05",26954
"PPTC7","2.710e-03",17050
"PPYR1","5.608e-03",24911
"PQBP1;TIMM17B","4.928e-03",17305
"PRAC;C17orf93","2.871e-03",25199
"PRAF2","1.832e-03",16890
"PRAGMIN","1.657e-03",25423
"PRAM1","1.666e-02",17874
"PRAME","4.045e-02",18344
"PRAMEF1","5.409e-03",24927
"PRAMEF11","2.172e-03",25314
"PRAMEF12","2.831e-02",24125
"PRAMEF18;PRAMEF19","3.760e-05",26753
"PRAMEF2","2.011e-02",24304
"PRAMEF22","9.403e-04",25644
"PRAMEF4","4.020e-05",26732
"PRAP1","1.633e-02",17864
"PRB1","6.209e-04",25800
"PRB2","1.004e-03",25619
"PRB4","4.651e-04",25906
"PRC1","2.229e-02",18022
"PRCD","5.110e-09",29099
"PRDM1","4.987e-02",18464
"PRDM10","1.180e-02",24568
"PRDM13","4.464e-02",23873
"PRDM2","4.067e-02",18347
"PRDM4","2.868e-02",24118
"PRDM5","1.110e-06",27774
"PRDM6","1.144e-09",29432
"PRDM7","1.707e-02",24387
"PRDM8","3.258e-02",18224
"PRDM9","1.759e-06",27649
"PRDX2","6.080e-03",17398
"PRDX5","2.867e-04",16194
"PRELID1;RAB24","2.259e-03",25298
"PREP","3.279e-07",28095
"PREPL","2.892e-03",25196
"PREX2","2.187e-06",27589
"PRG2","2.667e-07",28148
"PRG3","1.282e-02",24528
"PRG4;MIR548F1","1.837e-02",17923
"PRIC285","2.592e-02",18101
"PRICKLE1","4.164e-04",25946
"PRICKLE2","4.384e-03",25019
"PRICKLE3","3.241e-07",14175
"PRIM2","1.927e-04",26217
"PRIMA1","4.861e-03",24974
"PRKAA2","2.143e-05",15346
"PRKAB1","1.325e-02",17761
"PRKAB2","1.632e-10",29847
"PRKACG","1.795e-03",25391
"PRKAG1","2.784e-02",18139
"PRKAG2","3.784e-07",28058
"PRKAG3","2.243e-05",26913
"PRKAR2A","4.379e-02",18389
"PRKCA","4.100e-03",17225
"PRKCB","2.606e-05",26867
"PRKCD","3.680e-02",23982
"PRKCDBP","1.662e-07",28268
"PRKCE","2.980e-06",27503
"PRKCG","1.183e-12",30821
"PRKCH","2.562e-02",24178
"PRKCI","2.955e-02",24102
"PRKCQ","1.230e-02",17725
"PRKCSH","7.353e-04",16536
"PRKD1","9.950e-03",24649
"PRKD3","1.187e-04",26381
"PRKDC","3.318e-02",18234
"PRKG1","1.148e-11",30384
"PRKG1;MIR605","4.940e-03",24967
"PRKG2","1.443e-03",25478
"PRKRA;MIR548N","4.009e-02",23934
"PRKRA;MIR548N;DFNB59","1.510e-02",24448
"PRKX","4.622e-02",18420
"PRL","1.800e-05",26980
"PRLHR","4.789e-08",28575
"PRLR","2.592e-02",24172
"PRM1","5.533e-03",24917
"PRM2","1.222e-07",28345
"PRM3","1.773e-03",25396
"PRMT1","9.296e-06",15096
"PRMT10","1.008e-02",24643
"PRMT1;C19orf76","1.629e-06",14603
"PRMT3","7.905e-03",24756
"PRMT5","5.718e-08",28532
"PRMT7","3.713e-02",18296
"PRMT8","4.826e-09",29112
"PRND","6.225e-07",27928
"PRNP","1.420e-04",26321
"PRNT","1.844e-06",27636
"PRO0611;PUM1","1.409e-02",17791
"PROCA1","2.434e-05",15385
"PROKR1","2.107e-07",28208
"PROKR2","1.752e-06",27650
"PROM2","2.038e-02",17976
"PROP1","1.274e-12",30807
"PROS1","9.474e-10",29473
"PROX1","3.497e-03",25116
"PROX2","5.621e-03",24910
"PRPF3","2.906e-02",24111
"PRPF31","2.686e-02",18120
"PRPF39","9.274e-03",24682
"PRPF40A","9.222e-09",28964
"PRPF4B","3.974e-02",23939
"PRPF8;RILP","1.877e-04",16047
"PRPH","1.053e-04",15852
"PRPH2","2.007e-04",26203
"PRPS1L1","3.493e-08",28651
"PRPS2","3.001e-06",14772
"PRR12","6.126e-04",16468
"PRR15","1.321e-05",27073
"PRR15L","1.818e-04",16036
"PRR16","1.081e-02",24610
"PRR18","2.072e-12",11558
"PRR19","1.987e-02",24310
"PRR20A;PRR20D;PRR20C;PRR20E;PRR20B","1.346e-04",26339
"PRR20E;PRR20D;PRR20C;PRR20B;PRR20A","1.330e-03",25510
"PRR21","3.415e-03",17147
"PRR22","2.966e-04",16206
"PRR22;DUS3L","2.152e-02",18004
"PRR23A","2.429e-06",27560
"PRR23B","7.315e-10",29529
"PRR23C","1.462e-08",28857
"PRR24","5.076e-03",17318
"PRR3;GNL1","1.850e-03",25379
"PRR4","3.217e-02",24056
"PRR4;PRH1;TAS2R50","4.243e-02",23902
"PRR4;TAS2R20;PRH1","2.580e-04",26116
"PRR4;TAS2R30;PRH1","1.695e-04",16012
"PRR4;TAS2R46;PRH1","1.772e-02",24368
"PRR5","3.640e-03",17174
"PRR5-ARHGAP8;ARHGAP8","3.072e-02",18192
"PRR5L","1.818e-05",15296
"PRRC1","9.784e-10",29466
"PRRG1","5.065e-03",24956
"PRRG2;NOSIP","8.677e-03",17560
"PRRG3","2.884e-07",28128
"PRRG4","4.404e-03",17256
"PRRT1","4.835e-02",23827
"PRRT1;PPT2","4.020e-05",26732
"PRRT2","1.212e-02",24555
"PRRT3","2.309e-06",14699
"PRRT4","3.170e-02",18209
"PRSS12","4.754e-04",16375
"PRSS21","6.429e-03",17423
"PRSS23","4.160e-08",28609
"PRSS35","1.818e-08",28806
"PRSS36","4.425e-03",17258
"PRSS37","1.867e-04",26228
"PRSS48","1.454e-06",27701
"PRSS50","9.361e-11",29962
"PRSS8","1.534e-02",17833
"PRTFDC1","4.807e-04",25894
"PRTN3","8.621e-03",17557
"PRUNE","1.340e-03",25507
"PRUNE2","4.389e-04",25927
"PRUNE2;PCA3","4.016e-04",25959
"PSAP","3.270e-02",24047
"PSAT1","1.780e-02",24366
"PSD","5.659e-03",17366
"PSD2","9.552e-04",16635
"PSD;FBXL15","1.787e-03",16880
"PSEN2","1.818e-08",13467
"PSG11","4.962e-02",18461
"PSG6","2.366e-03",16994
"PSG9","5.947e-07",14333
"PSKH2","1.847e-11",30290
"PSMA1","3.448e-03",25122
"PSMA2","8.828e-03",17568
"PSMA3","5.407e-04",25851
"PSMA6","3.959e-03",25063
"PSMA8","1.072e-05",27135
"PSMB10","2.194e-02",24259
"PSMB1;TBP","7.632e-04",25723
"PSMB2","2.478e-03",17013
"PSMB5","5.625e-08",28536
"PSMB6","1.374e-04",26332
"PSMB7","1.683e-02",24394
"PSMB9","8.981e-03",17576
"PSMB9;TAP1","2.587e-02",24173
"PSMC1","1.818e-05",26977
"PSMC6","3.549e-02",24002
"PSMD10","3.330e-02",18236
"PSMD10;ATG4A","4.687e-02",18428
"PSMD11","1.028e-03",16663
"PSMD1;HTR2B","8.858e-05",15795
"PSMD2","1.493e-04",26304
"PSMD3","1.414e-03",25486
"PSMD8","5.646e-03",17365
"PSMD9","4.762e-03",24983
"PSME2","1.983e-03",16922
"PSME3;AOC2","1.742e-03",25403
"PSMG2;CEP76","2.287e-04",26158
"PSMG3","5.474e-05",15639
"PSORS1C1","4.235e-03",17239
"PSORS1C1;C6orf15","2.094e-06",27601
"PSORS1C2","1.462e-02",24464
"PSPC1","2.281e-03",25294
"PSRC1","1.764e-03",25398
"PSTPIP1","2.543e-04",26121
"PSTPIP2","2.891e-05",15438
"PTBP1","4.024e-03",17217
"PTCD1","4.566e-02",18413
"PTCD1;BUD31","7.117e-03",17469
"PTCD2","4.959e-06",27359
"PTCD3","2.524e-02",24186
"PTCHD1","3.505e-03",17158
"PTCHD2","2.013e-03",25345
"PTCRA","2.621e-02",24166
"PTEN;KILLIN","2.211e-06",27586
"PTENP1","9.474e-10",29473
"PTF1A","5.740e-04",25829
"PTGDR","8.906e-07",27833
"PTGDS","4.198e-02",18365
"PTGER1","2.826e-05",15431
"PTGER4","2.794e-04",16185
"PTGES","6.786e-04",16506
"PTGES2","3.478e-08",13621
"PTGES3","3.981e-02",23938
"PTGFR","1.845e-12",30737
"PTGIR","4.413e-04",25925
"PTGR1","6.529e-03",24843
"PTGR2","3.974e-02",23939
"PTGS1","2.372e-03",25278
"PTGS2","7.545e-06",27238
"PTH","3.371e-12",30622
"PTH1R","3.305e-06",14799
"PTHLH","1.041e-12",30845
"PTK6","1.269e-08",13383
"PTK7","7.275e-04",25741
"PTMS","3.760e-02",18303
"PTN","1.064e-08",28931
"PTOV1","1.765e-02",17903
"PTP4A3","6.233e-08",28511
"PTPDC1","1.321e-06",27727
"PTPLAD1","3.784e-07",28058
"PTPLB","2.054e-02",24293
"PTPMT1","7.817e-09",13271
"PTPN12","2.472e-02",24197
"PTPN14","3.016e-02",24091
"PTPN18","9.420e-07",14455
"PTPN2","2.717e-02",24147
"PTPN21","5.241e-03",24941
"PTPN22","6.327e-13",30938
"PTPN3","2.567e-02",18096
"PTPN4","9.603e-12",30419
"PTPN6","2.993e-02",18178
"PTPN6;C12orf57","3.178e-07",14170
"PTPRA","1.429e-02",17798
"PTPRD","5.845e-05",26613
"PTPRF","8.061e-10",12765
"PTPRH","1.929e-05",15314
"PTPRH;SYT5","2.639e-04",26108
"PTPRJ","7.227e-03",24797
"PTPRN","1.456e-05",27044
"PTPRN2","1.765e-05",26986
"PTPRN2;MIR595","3.472e-05",26778
"PTPRO","3.876e-02",23953
"PTPRQ","8.969e-04",25662
"PTPRR","6.000e-14",31367
"PTPRS","1.263e-03",16743
"PTPRV","5.300e-03",17337
"PTPRZ1","7.623e-06",27235
"PTRH1","2.623e-05",26865
"PTRH2","1.930e-02",24325
"PTRH2;TMEM49","1.062e-02",24618
"PTS","3.620e-02",23991
"PTTG1","2.164e-06",14681
"PTTG1IP","3.002e-11",30193
"PTTG2;TBC1D1","1.765e-05",26986
"PUF60","4.669e-11",12169
"PUF60;SCRIB","5.102e-11",12187
"PUM1","5.560e-05",15644
"PUM1;SNORD103A","1.047e-11",30402
"PURA","7.755e-04",25717
"PURB","3.387e-04",26020
"PURG","9.442e-05",15816
"PUS1","1.301e-06",14542
"PUS3;DDX25","5.046e-21",8317
"PUS3;HYLS1","2.048e-03",16935
"PUS7L","4.580e-03",25000
"PUSL1","1.050e-08",13339
"PVRL1","1.105e-03",16691
"PVRL2","2.730e-03",17053
"PVRL3","1.427e-06",27706
"PVRL4","8.828e-03",17568
"PVT1","2.582e-03",25243
"PWP2","2.334e-06",14702
"PWRN1","2.598e-05",26868
"PWWP2B","4.665e-03",17281
"PXDN","5.866e-03",24891
"PXDNL","6.490e-07",27917
"PXK","7.282e-05",26542
"PXMP3","1.738e-03",16869
"PXN","3.364e-06",27469
"PXT1;KCTD20","1.631e-04",26274
"PYCR2","2.616e-02",18106
"PYCRL","5.672e-03",17367
"PYDC2","5.029e-06",27355
"PYGB","4.951e-03",24966
"PYGL","3.406e-12",30620
"PYGM","3.392e-02",24027
"PYGO1","2.122e-05",15343
"PYGO2","1.996e-04",16068
"PYHIN1","1.545e-03",25451
"PYROXD1","8.621e-04",25677
"PYY","3.713e-02",18296
"PYY2","4.884e-03",17301
"PYY;NAGS","6.720e-03",17443
"ProSAPiP1","3.717e-03",17183
"QARS","1.019e-02",17635
"QDPR","2.411e-02",24210
"QKI","7.436e-12",30469
"QPCT","4.031e-02",18342
"QPCTL","1.370e-04",15940
"QPRT","7.259e-05",15730
"QRFPR","5.955e-05",26607
"QRICH1;IMPDH2","2.667e-07",14125
"QSER1","4.128e-03",17228
"QSOX1","1.248e-02",24541
"QSOX2","6.190e-03",17406
"QTRT1","2.774e-06",14750
"QTRTD1","8.070e-04",25702
"R3HDM1","1.023e-02",17637
"R3HDML","3.498e-02",24010
"RAB11A","2.307e-02",24233
"RAB11B","4.835e-02",18446
"RAB12","8.203e-03",24739
"RAB1A","2.449e-13",31113
"RAB1B","2.606e-02",24169
"RAB21","6.044e-04",25810
"RAB22A","3.093e-07",28110
"RAB22A;PPP4R1L","5.801e-03",24896
"RAB23","3.665e-03",25096
"RAB24","4.587e-07",14265
"RAB25","3.061e-02",18190
"RAB26","3.264e-02",18225
"RAB27A","9.527e-04",25639
"RAB27B","8.576e-04",25679
"RAB28","9.170e-06",27181
"RAB30","9.378e-04",25645
"RAB33B","1.987e-02",24310
"RAB35","4.073e-04",16319
"RAB37","2.582e-03",25243
"RAB37;CD300LF","3.648e-03",25098
"RAB38","2.395e-03",25274
"RAB39","7.134e-07",14381
"RAB39B","3.118e-02",24073
"RAB3C","2.298e-07",28186
"RAB3GAP2","1.659e-06",14608
"RAB3IP","9.783e-06",27162
"RAB40A","9.159e-04",25654
"RAB40AL","2.727e-02",24145
"RAB40B","2.281e-02",24239
"RAB40C","5.558e-03",17358
"RAB41;ARR3","1.094e-03",25586
"RAB4A","1.857e-10",12453
"RAB5A","4.081e-02",23924
"RAB5A;C3orf48","1.293e-02",24524
"RAB5C","1.963e-07",28226
"RAB6A","6.500e-03",17428
"RAB6B","1.350e-02",17770
"RAB6C","1.274e-02",24531
"RAB8B","4.364e-02",18387
"RAB9P1","1.565e-04",26288
"RABEP2","3.146e-08",13597
"RABGAP1L","5.893e-03",17384
"RABGGTA","7.039e-05",15720
"RABL2A","1.473e-02",24460
"RABL2A;RPL23AP7","1.105e-04",15868
"RABL4","1.283e-03",16749
"RABL5","6.228e-09",29054
"RAC1","2.164e-05",15349
"RAC3;LRRC45","2.799e-02",18142
"RACGAP1P","7.509e-05",26532
"RAD1","1.998e-03",25348
"RAD17","5.962e-04",25815
"RAD17;MARVELD2","2.982e-02",18176
"RAD17;TAF9","9.645e-05",26450
"RAD21L1","3.538e-09",29182
"RAD23A","7.809e-06",15045
"RAD23B","7.076e-08",28480
"RAD50","9.040e-04",25659
"RAD51","1.117e-02",24594
"RAD51AP2","1.303e-02",24520
"RAD51L3","3.113e-05",26812
"RAD52","6.105e-05",26599
"RAD54L2","4.109e-03",25047
"RAD9A","1.896e-02",17939
"RAD9B;VPS29","2.795e-26",6685
"RADIL;PAPOLB","6.441e-08",28503
"RAET1E","1.915e-03",25365
"RAET1G","2.886e-06",27512
"RAET1K","2.140e-04",26181
"RAF1","5.100e-03",17320
"RAG1","1.529e-07",13984
"RAG1AP1","2.115e-02",17995
"RAG2;C11orf74","1.236e-06",27745
"RAI1","1.019e-08",13332
"RALB","1.468e-10",29869
"RALBP1","4.910e-08",28569
"RALGAPA1","4.216e-05",26717
"RALGAPA2","1.195e-02",17711
"RALGAPB","1.857e-07",28240
"RALGDS","5.201e-09",13178
"RALGPS1;ANGPTL2","1.090e-05",27130
"RALGPS2;ANGPTL1","3.321e-04",26027
"RALY","2.429e-06",14713
"RALYL","8.013e-13",30894
"RAMP1","4.962e-02",18461
"RAN","7.236e-04",25743
"RANBP1","1.235e-05",15180
"RANBP10","4.131e-06",27411
"RANBP17","2.610e-12",11602
"RANBP1;TRMT2A","1.925e-03",25363
"RANBP3","7.783e-09",13270
"RANBP3L","6.112e-06",27299
"RANBP9","2.543e-04",26121
"RANGAP1","1.839e-04",16040
"RANGRF;SLC25A35","8.961e-03",17575
"RAP1B","1.343e-03",25506
"RAP1GAP2","3.686e-02",18292
"RAP1GDS1","2.490e-05",26881
"RAP2A","8.132e-03",24743
"RAP2B","1.798e-06",27643
"RAP2C","9.427e-04",16630
"RAPGEF1","2.374e-04",26145
"RAPGEF2","2.269e-11",30249
"RAPGEF4;LOC91149","1.741e-02",24377
"RAPGEF5","1.435e-02",24473
"RAPGEF6","2.268e-02",24242
"RAPGEFL1","2.867e-04",16194
"RAPH1","2.030e-02",24299
"RAPSN","1.584e-04",15989
"RARA","5.193e-03",17328
"RARB","4.095e-02",23922
"RARG","2.633e-03",17038
"RARRES1","1.129e-02",17684
"RARRES2","2.343e-03",25283
"RARS","1.699e-03",25413
"RASA1","2.355e-03",25281
"RASA4P","2.871e-03",25199
"RASAL1","4.575e-06",27382
"RASAL2","2.402e-02",24212
"RASAL3","1.556e-03",16825
"RASD1","2.524e-02",18087
"RASEF","5.067e-07",14291
"RASGEF1A","1.940e-07",28229
"RASGEF1B","3.129e-02",18202
"RASGRF1","1.333e-02",24509
"RASGRF2","7.684e-03",24769
"RASGRP2","7.148e-03",17471
"RASGRP4","1.792e-07",14024
"RASL10A","4.538e-03",17269
"RASL10B","3.412e-06",14808
"RASL11B","7.852e-09",13272
"RASSF1","3.702e-12",11669
"RASSF10","8.904e-03",24701
"RASSF1;ZMYND10","4.348e-02",23888
"RASSF5","1.963e-03",16918
"RASSF7","4.543e-06",14889
"RASSF7;C11orf35","4.117e-02",23919
"RASSF8","6.198e-06",27295
"RAVER1","4.877e-07",14281
"RAVER1;ICAM3","2.233e-02",18023
"RAX","6.664e-07",27910
"RB1CC1","6.868e-05",26561
"RBAK","8.273e-09",28989
"RBBP4","5.630e-11",12207
"RBBP7","4.669e-11",12169
"RBBP9","3.694e-04",25989
"RBCK1","1.704e-11",11967
"RBKS","5.264e-03",24939
"RBL1","3.407e-08",13616
"RBM10;NDUFB11","1.901e-03",16905
"RBM14","1.657e-03",16850
"RBM15","1.797e-02",17912
"RBM15B","1.392e-11",11927
"RBM16","5.545e-03",24916
"RBM17","4.598e-02",18417
"RBM18;MRRF","1.191e-03",25553
"RBM24","2.514e-04",26125
"RBM27","8.759e-04",16602
"RBM28","3.187e-02",24061
"RBM33","1.932e-07",28230
"RBM38","5.602e-04",16435
"RBM4","1.872e-07",14035
"RBM41","1.808e-02",17915
"RBM43","6.093e-04",25807
"RBM46","2.280e-05",26908
"RBM47","5.608e-03",17362
"RBM4B","2.704e-11",12059
"RBM5","8.203e-03",24739
"RBM9","6.443e-03",24849
"RBMS1","1.026e-06",27795
"RBMX","3.820e-04",16296
"RBMXL1;CCBL2","4.426e-04",16349
"RBMXL2","1.389e-02",24489
"RBMY1D;RBMY1E;RBMY1B","2.669e-03",25199
"RBMY1F;RBMY2FP","3.185e-02",24055
"RBMY1J;RBMY1F","8.198e-04",25685
"RBMY3AP","8.502e-05",26429
"RBP1","1.054e-05",27140
"RBP3","6.947e-03",24815
"RBPJL","2.325e-10",29773
"RBPMS","4.606e-02",23855
"RC3H1","4.222e-04",25941
"RC3H2","3.219e-03",25151
"RCAN1","2.593e-10",29750
"RCAN2","2.034e-10",29801
"RCAN3","1.163e-04",15885
"RCCD1","6.859e-04",16510
"RCHY1;THAP6","3.100e-02",24076
"RCL1","4.040e-07",28041
"RCN3","4.996e-02",18465
"RCN3;FCGRT","2.895e-02",24113
"RCOR1","1.254e-06",27741
"RCVRN","1.261e-02",24536
"RD3","2.758e-02",24139
"RDBP;SKIV2L","2.481e-02",24195
"RDBP;SKIV2L;MIR1236","8.658e-03",17559
"RDH10","2.128e-02",17998
"RDH11","3.361e-02",24032
"RDH12","1.892e-02",24335
"RDH13","2.430e-02",24206
"RDH14","3.704e-04",25988
"RDH5","1.053e-04",15852
"REC8","3.078e-02",18193
"RECK","2.657e-06",27535
"RECQL4","1.879e-07",14036
"RECQL5;LOC100130933","1.444e-08",28860
"RECQL5;LOC643008","8.310e-03",17540
"RECQL5;SAP30BP","2.286e-08",28752
"RECQL;GOLT1B","2.224e-02",24252
"REEP4","4.002e-02",18338
"REEP5","5.827e-05",26614
"REEP6","3.093e-05",15459
"REG1A","6.961e-08",28484
"REG1B","1.446e-05",27046
"REG1P","5.205e-03",24944
"REG3G","1.842e-05",26973
"REL","2.841e-02",24123
"RELA","7.632e-04",16550
"RELB","1.641e-05",15265
"RELB;SFRS16","2.594e-04",16159
"RELL1","1.791e-03",25392
"RELL1;C4orf19","1.643e-02",24406
"REM2","1.106e-02",17674
"REN","4.702e-04",25902
"REP15","5.918e-05",15664
"REPIN1","2.129e-05",15344
"REPS1","2.381e-04",26144
"REPS2","1.591e-02",17851
"RER1","3.567e-08",13627
"RER1;MORN1","2.103e-02",17992
"RERGL","7.817e-11",29999
"RESP18","1.671e-06",27663
"RETN","1.944e-04",26214
"REV1","3.919e-05",15533
"REXO1","6.617e-05",15700
"REXO1;MIR1909","5.048e-07",14290
"REXO1L1","2.333e-04",26151
"REXO1L2P","2.701e-02",24150
"REXO1L2P;REXO1L1","4.552e-07",28010
"REXO2","5.882e-04",25820
"RFC1","9.851e-05",15830
"RFC2","3.081e-09",13060
"RFC3","5.022e-04",25878
"RFESD","3.032e-02",18185
"RFK","1.009e-03",25617
"RFPL1S","1.105e-03",25582
"RFPL2","2.704e-03",25224
"RFPL3;RFPL3S","2.428e-03",25267
"RFPL3S","3.304e-07",28093
"RFPL4A","2.348e-05",26899
"RFPL4B","1.115e-10",29926
"RFTN1","1.194e-03",25552
"RFTN2","1.216e-03",25545
"RFX1","1.105e-03",16691
"RFX2","1.902e-07",14039
"RFX6","6.690e-07",27909
"RFXANK","5.747e-07",14324
"RGL1","2.705e-06",27530
"RGL3","1.987e-02",24310
"RGMA","6.780e-03",17447
"RGMB","5.556e-08",13734
"RGN","2.639e-03",25234
"RGNEF","2.273e-05",15364
"RGPD8;RGPD5","7.349e-05",26539
"RGS1","7.837e-03",17513
"RGS11","2.340e-04",16123
"RGS14","1.052e-10",12335
"RGS16","4.499e-04",25918
"RGS2","2.875e-04",26078
"RGS20","3.660e-02",18288
"RGS21","5.256e-05",26647
"RGS22","7.999e-06",27221
"RGS3","5.867e-14",31371
"RGS4","4.295e-06",27400
"RGS5","5.190e-06",27346
"RGS6","1.741e-02",24377
"RGS7","3.106e-02",24075
"RGS7BP","3.270e-06",27477
"RGS8","2.682e-09",29244
"RGS9BP","9.142e-08",13856
"RGSL1","7.509e-05",26532
"RHBDD1","1.584e-14",10671
"RHBDD2","9.135e-04",16618
"RHBDD3","1.840e-02",17924
"RHBDL1","6.962e-03",17459
"RHBDL3","1.786e-04",26243
"RHCE","7.676e-06",27233
"RHD","1.125e-04",26399
"RHEBL1","4.676e-04",25904
"RHOB","2.900e-02",24112
"RHOBTB1","1.394e-05",27057
"RHOBTB2","3.048e-03",17099
"RHOBTB3","4.059e-02",23927
"RHOF","2.868e-02",24118
"RHOH","7.024e-03",24810
"RHOJ","2.108e-19",33410
"RHOQ","1.205e-04",15897
"RHOT1;ARGFXP2","1.251e-03",25534
"RHOT2","3.107e-03",17107
"RHOT2;WDR90","6.855e-03",17452
"RHOU","8.875e-04",25666
"RHOV","7.780e-07",14404
"RHOXF1","3.591e-11",30157
"RHOXF2;RHOXF2B","2.492e-04",26128
"RHOXF2B;RHOXF2","2.572e-02",24176
"RHPN1","2.085e-04",26190
"RHPN1;C8orf51","2.394e-08",13532
"RHPN2","1.006e-03",16655
"RIBC2","1.006e-04",26436
"RIBC2;SMC1B","1.300e-03",16754
"RIC3","2.661e-02",18115
"RICH2","4.953e-02",23813
"RIF1","1.952e-02",24319
"RILPL2","3.903e-07",28050
"RIMBP2","3.568e-02",18274
"RIMBP3","3.536e-06",14818
"RIMBP3C;RIMBP3B","5.118e-06",14923
"RIMKLA","9.741e-03",17614
"RIMKLB","1.063e-03",16676
"RIMS1","2.927e-02",24107
"RIMS3","1.212e-07",28347
"RIN2","8.644e-04",16597
"RING1;MIR219-1","1.808e-02",17915
"RINL","4.347e-07",14251
"RIOK1","1.352e-02",24502
"RIPK2","3.552e-08",28647
"RIPK4","4.314e-07",14249
"RIPPLY2","1.042e-06",14482
"RIT2","1.492e-06",27694
"RLF","2.254e-03",25299
"RLN1","2.371e-07",28178
"RLN2","1.015e-09",29458
"RLN3","1.588e-02",24423
"RMND5B","6.228e-09",13219
"RMST","8.391e-06",27207
"RNASE1","1.163e-04",26388
"RNASE10","6.159e-04",16470
"RNASE12;RNASE11","1.420e-04",26321
"RNASE13","1.336e-02",24508
"RNASE2","7.315e-10",29529
"RNASE3","3.017e-04",26061
"RNASE4","4.855e-10",29617
"RNASE6","1.429e-07",28306
"RNASEH1","9.699e-03",17612
"RNASEH2A","4.738e-06",14901
"RNASEH2B","1.596e-03",25438
"RNASEK;C17orf49","1.702e-06",14615
"RNASEL","7.734e-04",25718
"RNASET2","1.330e-03",16763
"RND1","2.224e-02",24252
"RND2","2.627e-03",17037
"RNF10","3.166e-03",17115
"RNF103","1.069e-04",26416
"RNF11","3.450e-08",28654
"RNF111","3.158e-02",18207
"RNF112","1.740e-04",26252
"RNF113A;NDUFA1","1.790e-02",17910
"RNF113B;FARP1","4.570e-03",25001
"RNF114","1.999e-02",17966
"RNF115","3.255e-10",29702
"RNF121","4.379e-05",26705
"RNF121;IL18BP","3.304e-03",17133
"RNF121;LOC100133315","7.255e-04",25742
"RNF122","7.304e-05",26541
"RNF126","1.559e-02",17841
"RNF126P1","7.008e-04",25755
"RNF128","3.719e-02",23976
"RNF13","1.185e-03",16718
"RNF133;CADPS2","7.273e-15",31737
"RNF135;DPRXP4","6.343e-03",24856
"RNF138","4.480e-02",18402
"RNF139","4.356e-02",23887
"RNF14","1.446e-03",25477
"RNF141","9.235e-03",17589
"RNF144A","1.915e-03",25365
"RNF145","1.946e-08",13483
"RNF146","1.306e-03",25517
"RNF149","5.822e-06",27313
"RNF150","1.588e-02",24423
"RNF152","2.079e-04",26191
"RNF157","4.587e-04",16362
"RNF157;FOXJ1","4.341e-02",23889
"RNF160","9.378e-14",31287
"RNF165","8.212e-10",12769
"RNF17","4.281e-04",25936
"RNF180","8.514e-05",26491
"RNF181","2.030e-02",24299
"RNF183","4.199e-04",25943
"RNF185","1.258e-02",24537
"RNF186","2.993e-02",18178
"RNF19A","1.396e-06",14561
"RNF20","3.121e-04",26049
"RNF213","3.277e-05",15477
"RNF213;LOC100294362","2.419e-03",17003
"RNF214","1.887e-07",28236
"RNF216","2.922e-02",24108
"RNF217","3.911e-02",23948
"RNF219","4.597e-09",29123
"RNF220","2.684e-03",17046
"RNF222","1.765e-05",15287
"RNF26","3.918e-07",28049
"RNF31;PSME2","1.134e-02",24587
"RNF32","1.420e-02",24478
"RNF34","1.676e-02",24396
"RNF39","1.006e-04",26436
"RNF44","6.174e-09",13217
"RNF5P1;RNF5","4.246e-04",16334
"RNF6","3.121e-04",26049
"RNF8","1.155e-08",28912
"RNFT2","5.534e-10",29589
"RNGTT","8.132e-03",24743
"RNMTL1","7.626e-05",15746
"RNMTL1;GLOD4","1.079e-04",15860
"RNPC3","6.515e-03",24844
"RNPC3;AMY2B","4.304e-03",25027
"RNU5E;RASGRF2;RNU5D","4.161e-02",23913
"RNU5E;RNU5D","4.970e-02",23811
"RNU5E;RNU5D;ACOT12","9.354e-03",24678
"RNU5E;RNU5D;RASGRF2","2.439e-02",24204
"ROBO1","1.116e-17",32802
"ROBO2","4.999e-05",26663
"ROBO4","2.173e-02",24264
"ROCK2","2.776e-03",25213
"ROMO1;NFS1","2.203e-02",24257
"ROPN1B","1.114e-06",27773
"ROPN1L","2.026e-07",28218
"ROR2","1.447e-02",24469
"RORC","4.655e-02",23849
"RP1-177G6.2","3.863e-06",27430
"RP2","2.326e-05",15371
"RP5-1022P6.2","1.867e-04",16045
"RP9","6.553e-04",25780
"RP9P","7.352e-07",27884
"RPA1","1.724e-05",15280
"RPA2","6.718e-11",12243
"RPA3","1.972e-02",24314
"RPAIN;NUP88","1.361e-02",24499
"RPAP3","9.933e-04",16650
"RPE","2.701e-02",24150
"RPE65","1.617e-06",14601
"RPF2","9.528e-05",26454
"RPGRIP1L","4.038e-02",23930
"RPH3A","8.167e-15",31717
"RPH3AL","1.556e-03",25448
"RPL10","1.296e-03",16753
"RPL10;SNORA70","6.026e-03",17394
"RPL10L","2.878e-03",25198
"RPL12;SNORA65","4.365e-05",15567
"RPL13;SNORD68","6.328e-04",25793
"RPL13AP17;MAGI2","2.088e-03",25330
"RPL13AP3","1.465e-05",27042
"RPL13AP5;RPL13A","1.923e-05",26960
"RPL18","9.926e-07",14469
"RPL18A","4.476e-09",13144
"RPL18AP3;SNORA68;RPL18A","1.769e-03",16876
"RPL21;RPL21P28","3.344e-03",25135
"RPL21P44","8.294e-08",28441
"RPL22","4.435e-03",25014
"RPL22L1","1.481e-06",27696
"RPL23","2.190e-04",26173
"RPL23;SNORA21","1.533e-03",25454
"RPL23A;SNORD42A;SNORD4B;SNORD4A","9.972e-11",12324
"RPL23A;SNORD4A","1.515e-04",15974
"RPL23A;SNORD4A;SNORD42A","1.378e-07",13958
"RPL23AP64;CCDC84","2.783e-03",17061
"RPL23AP82","4.600e-04",25910
"RPL23P8","4.524e-04",16357
"RPL26","2.166e-07",28201
"RPL27A","1.021e-02",17636
"RPL29P2;DNAH2","1.617e-02",17859
"RPL30","3.437e-06",27463
"RPL31","1.082e-08",13346
"RPL32","1.271e-02",17741
"RPL32P3;SNORA7B","3.612e-04",16276
"RPL35","6.780e-03",17447
"RPL36","4.228e-02",23904
"RPL36AL","1.918e-02",24328
"RPL36AL;MGAT2","2.374e-02",18055
"RPL37","1.361e-05",27064
"RPL37A","2.745e-06",27526
"RPL38","3.237e-04",26036
"RPL39","3.440e-03",17150
"RPL3;SNORD83B","6.931e-05",15715
"RPL5;SNORD21","2.462e-02",24199
"RPL7","8.027e-03",24749
"RPL7L1","5.397e-03",24928
"RPL8","4.354e-03",17251
"RPLP0","7.579e-05",26529
"RPLP1","6.086e-05",26600
"RPLP2","1.538e-04",26294
"RPLP2;SNORA52","2.495e-02",18081
"RPP14","4.402e-02",18392
"RPP25","2.663e-11",12056
"RPP30","2.976e-03",25184
"RPP38;C10orf111","2.844e-03",25203
"RPP40","8.238e-03",24737
"RPRD1B","7.854e-03",24759
"RPRD1B;KIAA0406","3.497e-03",17157
"RPRD2","8.658e-03",24714
"RPRM","1.368e-03",25499
"RPS10","8.027e-03",17524
"RPS10P7","7.055e-03",17465
"RPS11;SNORD35B","9.679e-03",17611
"RPS12;SNORA33","9.420e-07",14455
"RPS12;SNORD100;SNORA33","6.931e-03",17457
"RPS12;SNORD101","3.648e-03",25098
"RPS15AP10;GPBP1L1","9.183e-04",16620
"RPS19BP1","8.274e-03",24735
"RPS23","3.543e-02",24003
"RPS26","5.053e-03",24957
"RPS27","6.287e-03",24860
"RPS27A;C2orf63","6.840e-03",24822
"RPS27L","3.464e-04",26012
"RPS29","4.365e-05",26706
"RPS2;RNF151","5.621e-03",17363
"RPS3","1.696e-05",26998
"RPS3A","3.147e-04",26046
"RPS4Y1","5.850e-04",25822
"RPS4Y2","1.940e-07",28229
"RPS5","2.058e-02",17981
"RPS6","2.753e-02",18133
"RPS6KA3","1.135e-06",14505
"RPS6KA6","4.438e-04",25923
"RPS6KB2","1.128e-04",15875
"RPS8","4.928e-02",18457
"RPS8;SNORD38A","3.701e-05",15515
"RPSA","7.838e-04",16560
"RPSA;SNORA62","6.287e-03",17413
"RPSAP52","3.384e-05",15487
"RPSAP52;HMGA2","3.308e-08",28664
"RPSAP58","8.885e-05",26477
"RPTN","2.109e-03",25326
"RPTOR","4.305e-04",25934
"RPUSD1","3.505e-03",17158
"RQCD1","2.251e-05",15361
"RRAGA","1.214e-11",30373
"RRAGC","1.057e-03",25599
"RRAS","3.987e-10",12614
"RRAS2","1.417e-07",28308
"RRBP1","7.854e-03",17514
"RREB1","7.584e-03",17498
"RRH","1.192e-02",24563
"RRM1","2.810e-02",24129
"RRM2","8.790e-03",17566
"RRN3","1.383e-02",24491
"RRN3P1","3.594e-02",18278
"RRP1","1.704e-10",12435
"RRP12","8.759e-04",25671
"RRP15","1.182e-06",27757
"RRP1B","2.298e-03",16982
"RRP1B;HSF2BP","7.887e-05",15757
"RRS1","7.236e-04",25743
"RS1;CDKL5","2.265e-03",25297
"RSAD1","1.330e-03",25510
"RSAD2","2.254e-19",33400
"RSBN1","3.498e-02",24010
"RSBN1L","1.617e-02",24414
"RSC1A1;DDI2","1.462e-02",17809
"RSL1D1","1.456e-02",24466
"RSL24D1","1.243e-02",24543
"RSPH1","5.355e-06",27337
"RSPH3","2.872e-07",28129
"RSPH4A","4.890e-05",26670
"RSPH6A;SYMPK","1.158e-02",24577
"RSPH9","1.722e-07",28259
"RSPO2","8.328e-08",28440
"RSPO3","1.047e-04",15850
"RSPO4","5.827e-05",26614
"RSPRY1;FAM192A","1.428e-04",26319
"RSRC2;KNTC1","6.094e-03",24874
"RTDR1","1.047e-02",17648
"RTF1","2.183e-03",25312
"RTKN","3.800e-02",23964
"RTKN2","2.419e-03",17003
"RTL1","1.205e-02",24558
"RTN2","2.062e-02",24291
"RTN2;FLJ40125","1.012e-05",15121
"RTN4IP1","4.110e-05",26725
"RTN4IP1;QRSL1","6.518e-04",25782
"RTN4R;MIR1286","4.805e-06",27368
"RTP1","3.995e-02",23936
"RTP3","2.863e-05",26838
"RTTN","2.913e-03",25193
"RUFY2","8.308e-04",25691
"RUFY3","8.375e-04",25688
"RUFY4","2.885e-03",25197
"RUNDC1","2.292e-03",25292
"RUNDC2A","3.146e-02",24068
"RUNX1","2.990e-10",29720
"RUNX1T1","1.253e-08",28893
"RUNX2","4.687e-03",24990
"RUSC2","3.021e-02",24090
"RUVBL1","2.728e-08",28710
"RUVBL2","3.726e-02",23975
"RWDD1","1.149e-04",26392
"RWDD2A","2.316e-02",24231
"RWDD4A","5.276e-04",25860
"RXFP1","2.614e-03",17035
"RXFP2","9.182e-09",28965
"RXFP3","3.330e-07",28091
"RXFP4","4.820e-04",25893
"RXRG","8.724e-14",31300
"RYR2","6.483e-10",29555
"S100A11","4.441e-02",18397
"S100A13","3.946e-02",18330
"S100A14","1.088e-03",16685
"S100A3","6.067e-03",17397
"S100A5","1.755e-02",24373
"S100A5;S100A6","9.078e-03",17581
"S100A7A","2.704e-03",25224
"S100A7L2","6.889e-05",15713
"S100A8","1.125e-03",16698
"S100B","1.418e-02",24479
"S100Z","2.661e-02",18115
"S1PR5","2.462e-02",24199
"SAA4","1.542e-04",26293
"SAAL1","2.374e-02",18055
"SACM1L","6.632e-03",24836
"SACS","4.294e-03",25028
"SAFB2","1.119e-11",11884
"SAGE1","2.891e-04",26076
"SALL3","1.949e-02",17953
"SALL4","5.587e-04",16434
"SAMD10","1.397e-02",24486
"SAMD10;PRPF6","3.877e-06",14844
"SAMD11","1.145e-04",15880
"SAMD12","5.857e-09",29068
"SAMD13","1.156e-04",26390
"SAMD14","1.765e-02",17903
"SAMD3","5.930e-04",25817
"SAMD7","3.917e-04",25968
"SAMM50","1.021e-02",24637
"SAMSN1","4.839e-06",27366
"SAP18","7.366e-06",27245
"SAP30","1.134e-02",24587
"SAP30L","5.762e-03",24899
"SAPS2","8.114e-03",17529
"SAR1A","2.466e-05",26884
"SARM1","1.259e-06",14533
"SARS","3.112e-02",24074
"SART3","1.578e-10",12419
"SASH1","4.785e-07",27997
"SASH3","4.981e-04",25881
"SAT1","2.236e-05",15359
"SATB1","2.540e-08",28727
"SATB2","1.745e-04",26251
"SATL1","2.164e-05",26924
"SBDSP;TYW1B","6.765e-03",24827
"SBF1","1.339e-05",15204
"SBF1P1;XKR4","9.969e-09",28946
"SBK1","1.200e-06",27753
"SBNO2","9.068e-08",13854
"SBSN","2.589e-05",15404
"SC4MOL","2.834e-06",14756
"SC5DL","1.210e-03",25547
"SC65","1.551e-05",15248
"SCAF1","5.866e-03",17382
"SCAI","4.952e-05",26666
"SCAMP1","2.500e-06",27552
"SCAMP2","1.570e-04",15986
"SCAMP3","3.588e-02",23996
"SCAMP3;CLK2","1.403e-04",15948
"SCAMP3;FAM189B","8.097e-03",17528
"SCAMP4","2.132e-07",14068
"SCAMP4;ADAT3","1.450e-02",17805
"SCAMP5","5.526e-04",25843
"SCAND3","2.527e-17",32673
"SCARA5","4.535e-02",23864
"SCARB1","1.504e-02",17823
"SCARF1","4.088e-02",23923
"SCARF2","8.917e-16",10180
"SCARNA12;PHB2","4.397e-07",14254
"SCARNA20;USP32","4.073e-06",27415
"SCARNA23;POLA1","1.730e-05",26992
"SCARNA27;EEF1E1","4.235e-03",25034
"SCCPDH","3.055e-02",18189
"SCD5","4.789e-06",14904
"SCEL","7.388e-03",24787
"SCFD2","5.263e-06",27342
"SCG3","2.074e-08",28775
"SCG5","3.219e-04",26038
"SCGB1C1;LOC653486","8.713e-04",16600
"SCGB1D1","8.308e-04",25691
"SCGB1D2","1.710e-04",26258
"SCGB1D4","4.614e-02",23854
"SCGB2A2","2.686e-02",18120
"SCGB3A2","4.962e-03",24965
"SCGBL","3.708e-03",25091
"SCGN","1.617e-06",27672
"SCHIP1","1.031e-13",31270
"SCLT1","7.803e-03",24762
"SCLY","2.140e-03",16953
"SCMH1","2.407e-03",25272
"SCML2","7.198e-04",16528
"SCML4","8.375e-04",25688
"SCN11A","2.374e-02",24218
"SCN1A","4.606e-02",23855
"SCN2B","4.856e-06",27365
"SCN3B","1.685e-09",29347
"SCN4A","1.580e-03",16831
"SCN7A","1.355e-06",27720
"SCN8A","7.019e-06",27259
"SCN9A","1.556e-02",24433
"SCNN1D","3.077e-04",16219
"SCNN1G","1.248e-05",27090
"SCO2","1.945e-12",11546
"SCOC","3.237e-04",26036
"SCP2","1.216e-03",25545
"SCPEP1","2.762e-13",31091
"SCRG1","1.357e-11",30351
"SCRIB","1.114e-06",14500
"SCRIB;MIR937","1.844e-02",17925
"SCTR","2.209e-04",26170
"SCUBE3","3.530e-02",18268
"SCYL2;DEPDC4","9.556e-03",24668
"SCYL3","2.369e-10",12504
"SDC1","1.457e-09",12894
"SDC2","3.760e-02",23970
"SDC4","1.135e-06",14505
"SDC4P","1.167e-03",25561
"SDCBP","2.947e-09",29223
"SDCCAG1","4.575e-06",27382
"SDCCAG3","4.979e-02",18463
"SDCCAG8","3.462e-07",28081
"SDCCAG8;AKT3","2.064e-06",27605
"SDF2","4.663e-02",23848
"SDF4","9.307e-13",11407
"SDF4;B3GALT6","3.033e-29",5840
"SDHAF1","4.325e-06",27398
"SDHAF2","6.311e-04",25794
"SDHAP1","1.995e-02",24308
"SDK1","1.071e-02",24614
"SDPR","1.401e-08",28867
"SDR16C5","5.378e-04",16420
"SDR16C6","3.360e-13",31055
"SDR39U1","1.640e-02",24407
"SDR39U1;KHNYN","5.769e-07",14325
"SEBOX","1.187e-02",17708
"SEC1","3.917e-04",25968
"SEC11A","1.395e-04",26327
"SEC14L2","5.866e-03",24891
"SEC14L5","3.547e-03",17163
"SEC1;CA11","2.913e-03",25193
"SEC1;DBP","1.406e-03",16785
"SEC22A","1.076e-02",24612
"SEC23A","1.630e-02",24410
"SEC23IP","2.242e-02",24248
"SEC24A","2.637e-11",30219
"SEC24C","2.150e-05",15347
"SEC31B","3.538e-11",30160
"SEC61A1","2.028e-03",16931
"SEC61G","1.105e-03",25582
"SEC62","2.810e-02",18144
"SECISBP2L","1.476e-03",25469
"SEH1L","2.830e-16",9990
"SEL1L","1.167e-03",25561
"SEL1L2","8.009e-05",26511
"SELE","9.039e-03",24694
"SELENBP1","1.833e-02",17922
"SELI;GPR113","1.773e-03",25396
"SELL","3.920e-12",30593
"SELM","3.686e-02",23981
"SELO;TRABD","2.505e-02",18083
"SELP","5.964e-13",30949
"SELPLG","7.217e-04",25744
"SEMA3A","5.742e-06",27317
"SEMA3B","2.152e-04",16094
"SEMA3C","7.783e-09",29003
"SEMA3D","6.933e-04",25759
"SEMA3E","7.674e-14",31323
"SEMA3F","4.878e-10",12657
"SEMA4A","4.229e-05",15557
"SEMA4B","3.928e-04",16306
"SEMA4C","1.094e-06",14495
"SEMA4D","4.753e-05",26679
"SEMA4F","2.611e-02",24168
"SEMA4G","3.377e-04",26021
"SEMA4G;MRPL43","1.253e-02",17734
"SEMA5A","3.960e-06",27423
"SEMA6A","3.389e-12",30621
"SEMA6B","2.007e-05",15326
"SEMA6C","1.450e-02",17805
"SEMA6D","2.567e-02",24177
"SEMG1","4.477e-05",26698
"SEMG2","1.539e-09",29367
"SENP2","4.499e-04",25918
"SENP8;MYO9A","3.614e-02",23992
"SEPSECS","2.763e-02",24138
"SEPT10","3.464e-08",28653
"SEPT12;LOC440335","2.023e-03",16930
"SEPT14","5.986e-03",24882
"SEPT2;HDLBP","4.117e-02",23919
"SEPT3;WBP2NL","5.808e-05",26615
"SEPT5","2.381e-04",16129
"SEPT6;MIR766","3.112e-04",26050
"SEPT9","1.333e-02",17764
"SEPX1","1.036e-05",27145
"SERAC1;GTF2H5","4.486e-03",25009
"SERF2;MIR1282","2.890e-02",24114
"SERGEF","2.784e-06",27522
"SERHL","5.156e-09",13176
"SERHL2","2.617e-04",16162
"SERINC2","3.653e-02",23986
"SERINC3","4.125e-02",23918
"SERINC4","1.749e-02",24374.5
"SERINC4;C15orf63","4.149e-17",9679
"SERPINA1","5.621e-03",24910
"SERPINA10","1.325e-05",27072
"SERPINA11","1.003e-04",26437
"SERPINA3","1.873e-03",16899
"SERPINA4","3.176e-02",18210
"SERPINA5","4.794e-02",23832
"SERPINA6","1.633e-02",24409
"SERPINA7","2.944e-02",24104
"SERPINB10","3.288e-15",31873
"SERPINB11","3.674e-03",25095
"SERPINB12","1.135e-05",27118
"SERPINB5","2.228e-08",13515
"SERPINB7","4.005e-03",25058
"SERPINC1","3.234e-02",24053
"SERPINE1","2.294e-02",24236
"SERPING1","9.908e-03",24651
"SERPINH1","2.268e-06",27579
"SERPINI2","1.727e-08",28818
"SERTAD1","2.366e-03",16994
"SERTAD2","8.967e-05",15799
"SESN1;C6orf182","2.246e-02",24247
"SESN2","3.223e-02",24055
"SESN3","6.131e-07",27932
"SESTD1","3.840e-10",29667
"SETD1B","6.520e-08",13773
"SETD2","1.016e-02",24639
"SETD3;CCNK","2.841e-02",24123
"SETD4","1.108e-02",17675
"SETD5","4.074e-02",23925
"SETD6","6.358e-03",17418
"SETD7","5.154e-06",27348
"SEZ6L","1.836e-03",25382
"SEZ6L2","3.210e-10",29705
"SF3A1","1.210e-03",16726
"SF3A1;CCDC157","1.867e-04",26228
"SF3A2","5.423e-05",15636
"SF3B1","1.012e-05",27152
"SF3B14","7.786e-03",17510
"SF3B3;SNORD111B","8.660e-11",12295
"SF3B4","6.750e-03",17445
"SFMBT1","3.472e-05",26778
"SFMBT2","9.387e-10",29475
"SFN","3.627e-08",13631
"SFRP1","4.314e-03",25026
"SFRP4","6.060e-11",30051
"SFRS1","1.427e-06",14567
"SFRS11","8.220e-03",24738
"SFRS12","1.146e-03",16705
"SFRS13B","2.686e-02",24153
"SFRS16","3.149e-10",12564
"SFRS2B","5.881e-05",26611
"SFRS2IP","3.461e-05",26779
"SFRS3","4.895e-03",17302
"SFRS4","7.859e-04",16561
"SFRS5;LOC100289511","2.601e-06",14732
"SFRS7","3.631e-05",15509
"SFT2D1","7.373e-04",25736
"SFT2D3","4.273e-02",18375
"SFTPB","3.665e-03",25096
"SFTPD","3.666e-02",18289
"SFXN1","2.900e-02",24112
"SFXN3","8.627e-14",31302
"SGCA","4.817e-03",17295
"SGCB","5.756e-04",25828
"SGCD","1.663e-05",27004
"SGCG","6.676e-03",24833
"SGCZ","6.814e-12",30486
"SGEF","3.118e-02",18200
"SGIP1","2.907e-09",29226
"SGK1","1.454e-04",15960
"SGK269","3.113e-05",26812
"SGMS2","1.944e-04",26214
"SGOL2","7.408e-11",30010
"SGPL1","7.877e-10",29513
"SGPP1","6.489e-14",31353
"SGPP2","1.875e-10",12455
"SGSM2","6.515e-03",17429
"SGTB","4.762e-03",24983
"SGTB;NLN","3.204e-03",25153
"SH2B1","1.103e-02",17673
"SH2B2","1.432e-06",27705
"SH2D1A","1.075e-04",26414
"SH2D1B","9.971e-05",26439
"SH2D3C","1.476e-03",25469
"SH2D4A","4.795e-03",17293
"SH2D5","8.452e-12",11829
"SH2D6","4.687e-02",23845
"SH2D7","2.119e-03",25324
"SH3BP1","4.495e-06",14886
"SH3BP2","3.855e-02",18317
"SH3BP4","8.733e-03",17563
"SH3BP5","1.306e-03",16756
"SH3D19","2.940e-07",28123
"SH3D20","2.927e-02",18166
"SH3GL3","2.018e-03",25344
"SH3GLB1","1.892e-02",24335
"SH3GLB2","8.436e-05",15779
"SH3PXD2A","1.799e-07",14025
"SH3PXD2B","4.689e-04",25903
"SH3TC1","2.980e-08",13584
"SHANK1","1.161e-03",25563
"SHANK3","9.699e-03",17612
"SHBG;FXR2","2.868e-02",18155
"SHBG;SAT2","1.504e-10",29864
"SHC1","7.988e-07",27862
"SHC1;PYGO2","7.987e-10",12763
"SHC2","2.737e-02",24143
"SHC3","8.851e-04",25667
"SHC4","3.428e-05",26782
"SHC4;EID1","1.795e-03",25391
"SHE","1.137e-07",28363
"SHF","3.699e-02",23979
"SHH","4.951e-03",17307
"SHISA6","2.293e-13",31125
"SHISA9","1.340e-03",25507
"SHKBP1;SPTBN4","4.590e-10",12644
"SHOC2","8.058e-05",15764
"SHOX2","1.022e-05",27149
"SHPRH","1.845e-04",26232
"SIAE;SPA17","1.227e-05",27095
"SIAH1","4.119e-07",28036
"SIAH2","4.574e-02",18414
"SIAH3","7.512e-12",30467
"SIDT1","1.759e-05",26987
"SIGIRR;ANO9","5.050e-04",25876
"SIGLEC10","2.691e-03",25226
"SIGLEC10;LOC100129083","3.821e-02",23961
"SIGLEC12","7.880e-04",25711
"SIGLEC14","8.334e-05",26498
"SIGLEC15","1.829e-04",16038
"SIGLEC16","2.276e-03",25295
"SIGLEC6","1.454e-06",27701
"SIK1","5.130e-17",9713
"SIK3","1.271e-09",29409
"SIKE1","1.571e-05",27021
"SIL1","1.097e-02",24603
"SILV","1.223e-05",27096
"SIM1","6.711e-06",27272
"SIM2","3.642e-08",13632
"SIN3B","1.506e-03",16812
"SIPA1","5.769e-07",14325
"SIPA1L3","2.491e-06",14720
"SIRPA","4.348e-02",23888
"SIRPB1","1.355e-02",17772
"SIRPD","2.988e-02",18177
"SIRPG","1.656e-02",17871
"SIRT1","1.227e-02",24549
"SIRT2;NFKBIB","7.215e-05",26545
"SIRT2;RINL","2.151e-03",25318
"SIRT3","2.850e-03",25202
"SIRT4","1.092e-02",24605
"SIRT5","7.887e-05",26516
"SIRT6","3.174e-04",16230
"SIRT7;PCYT2","7.431e-08",13805
"SIX1","2.298e-03",16982
"SIX6","2.143e-05",26927
"SKAP2","1.036e-02",24630
"SKIV2L2","1.904e-05",26963
"SKIV2L;RDBP","1.110e-02",24597
"SKP1","3.189e-06",14789
"SLA2","1.175e-02",24570
"SLA;TG","7.936e-05",26514
"SLAIN1","4.394e-02",23882
"SLAMF1","2.594e-04",26114
"SLAMF9","3.090e-10",29713
"SLC10A2","5.092e-04",25873
"SLC10A3","4.377e-04",16345
"SLC10A4","2.356e-05",15375
"SLC10A7","3.543e-02",24003
"SLC11A1","1.979e-02",24312
"SLC11A2","2.783e-03",25212
"SLC12A1","1.666e-02",24399
"SLC12A3","1.937e-02",24323
"SLC12A4","4.464e-02",23873
"SLC12A5","2.626e-02",24165
"SLC12A7","3.524e-02",18267
"SLC12A9","4.016e-02",23933
"SLC13A1","1.697e-14",31590
"SLC13A3","4.043e-03",25054
"SLC13A4","7.463e-05",26534
"SLC14A1","1.006e-04",15837
"SLC15A3","2.617e-04",16162
"SLC15A4;MGC16384","3.415e-03",25126
"SLC15A5","1.401e-08",28867
"SLC16A10","1.135e-04",26396
"SLC16A11","3.816e-09",13108
"SLC16A13","4.752e-02",23837
"SLC16A14","2.529e-02",24185
"SLC16A3","3.781e-08",13641
"SLC16A4","6.148e-03",24870
"SLC16A5","3.181e-02",18211
"SLC16A7","3.868e-03",25073
"SLC16A8","1.645e-03",16847
"SLC17A2","2.924e-04",26072
"SLC17A3","1.333e-02",24509
"SLC17A6","1.308e-10",29893
"SLC17A7","1.961e-04",16062
"SLC17A8","1.347e-03",25505
"SLC17A9","3.025e-04",16213
"SLC18A2","8.592e-05",26488
"SLC18A3;CHAT","1.850e-03",25379
"SLC19A1","1.859e-03",16896
"SLC19A2","1.498e-04",26303
"SLC19A3","2.431e-03",25268
"SLC1A1","1.559e-02",17841
"SLC1A2","2.572e-11",12049
"SLC1A3","3.141e-02",18204
"SLC1A5","1.273e-06",14536
"SLC1A6","4.872e-03",24973
"SLC22A10","8.233e-05",26502
"SLC22A14","3.773e-02",23968
"SLC22A15","1.792e-04",26242
"SLC22A16","5.048e-07",14290
"SLC22A18","1.436e-05",27048
"SLC22A18AS;SLC22A18","8.437e-03",24726
"SLC22A25","9.061e-13",30871
"SLC22A4","9.006e-10",29484
"SLC22A5","4.741e-04",25899
"SLC22A9","4.095e-04",25952
"SLC23A2","3.485e-02",24012
"SLC24A1","1.524e-04",26297
"SLC24A3;LOC100130264","6.852e-06",15007
"SLC25A1","6.916e-03",17456
"SLC25A10","8.973e-07",14442
"SLC25A16","2.913e-03",25193
"SLC25A18","1.055e-03",16673
"SLC25A19","4.917e-03",24969
"SLC25A2","5.705e-09",29074
"SLC25A20","3.787e-02",23966
"SLC25A21;LOC100129794","1.930e-03",25362
"SLC25A22","5.041e-14",10875
"SLC25A23","3.265e-04",16240
"SLC25A26","1.236e-09",29415
"SLC25A28","8.221e-06",27213
"SLC25A29;MIR345","5.193e-03",17328
"SLC25A30","3.258e-03",25146
"SLC25A31","1.368e-03",25499
"SLC25A32","8.078e-07",27859
"SLC25A33","1.564e-03",16827
"SLC25A38","1.041e-03",16668
"SLC25A39","4.153e-04",16326
"SLC25A40","3.568e-13",11229
"SLC25A43","7.684e-03",17504
"SLC25A5;LOC100303728","9.908e-03",17622
"SLC26A10","1.308e-08",13390
"SLC26A11","2.815e-02",24128
"SLC26A1;IDUA","4.768e-05",26678
"SLC26A3","9.500e-05",26455
"SLC26A4","1.260e-03",25531
"SLC26A7","3.252e-02",24050
"SLC26A8","4.558e-02",23861
"SLC26A9","7.809e-06",27228
"SLC27A1","1.787e-03",25393
"SLC27A3","4.905e-05",15604
"SLC27A5;ZBTB45","1.489e-10",12407
"SLC27A6","9.699e-03",24661
"SLC28A1","1.949e-02",17953
"SLC28A2","4.056e-07",28040
"SLC28A3","5.232e-10",29601
"SLC29A1","8.992e-04",16612
"SLC29A2","4.839e-03",24976
"SLC29A3","1.507e-02",24449
"SLC2A10","6.735e-03",17444
"SLC2A11","1.790e-02",24363
"SLC2A12","4.580e-12",30563
"SLC2A14","7.551e-03",24777
"SLC2A2","8.027e-03",24749
"SLC2A4RG","1.129e-02",17684
"SLC2A7","3.631e-03",25100
"SLC30A1","2.182e-02",24262
"SLC30A10","8.243e-04",25694
"SLC30A2","3.581e-02",18276
"SLC30A3","3.858e-07",14220
"SLC30A4","7.672e-05",26525
"SLC30A7","7.817e-09",29002
"SLC30A9","1.783e-02",24365
"SLC32A1","8.203e-03",24739
"SLC34A3","2.495e-07",14108
"SLC35A2","2.891e-04",16197
"SLC35A3","1.091e-03",25587
"SLC35A5","1.125e-08",28918
"SLC35B2;NFKBIE","7.121e-04",16524
"SLC35B3","1.888e-02",17937
"SLC35B4","3.676e-06",27444
"SLC35D1","1.798e-06",27643
"SLC35D3","6.436e-05",15691
"SLC35E3","4.074e-02",18348
"SLC35E4","9.684e-06",27165
"SLC35F2","3.072e-02",24081
"SLC35F3","3.665e-05",26761
"SLC35F4","1.019e-02",24638
"SLC36A1","2.466e-05",26884
"SLC36A3","4.410e-02",23880
"SLC37A1","2.666e-02",24157
"SLC37A2","4.141e-04",25948
"SLC37A3","3.538e-03",25111
"SLC37A4","4.191e-02",23909
"SLC38A1","1.939e-04",26215
"SLC38A11","6.491e-11",30037
"SLC38A2","4.202e-05",26718
"SLC38A3","8.514e-05",15782
"SLC38A4","3.017e-11",30192
"SLC38A9","2.254e-04",26163
"SLC39A1","4.071e-03",25051
"SLC39A11","1.159e-05",27112
"SLC39A1;CRTC2","4.570e-03",17272
"SLC39A4","1.505e-05",15239
"SLC39A6","4.906e-03",24970
"SLC39A6;ELP2","2.207e-05",26918
"SLC39A8","2.743e-03",25218
"SLC39A9","2.062e-02",24291
"SLC39A9;ERH","4.606e-02",23855
"SLC3A1","1.742e-03",25403
"SLC41A2","2.419e-03",17003
"SLC43A1","3.633e-02",18284
"SLC44A1","4.081e-18",32959
"SLC44A3","2.379e-02",18056
"SLC44A4","4.511e-02",23867
"SLC44A5","1.991e-02",24309
"SLC45A2","4.551e-02",23862
"SLC46A2","2.626e-07",14121
"SLC46A3","1.012e-04",26434
"SLC47A1","3.196e-03",25154
"SLC48A1","2.058e-02",24292
"SLC4A1","1.303e-05",15196
"SLC4A10","1.577e-05",27020
"SLC4A1AP;SUPT7L","1.454e-03",25475
"SLC4A4","2.418e-05",26890
"SLC4A7","2.533e-03",17022
"SLC5A1","7.940e-03",17519
"SLC5A10;FAM83G","2.416e-02",18064
"SLC5A11","4.817e-03",24978
"SLC5A12","6.685e-11",30031
"SLC5A2","2.201e-09",12985
"SLC5A4","5.219e-04",25864
"SLC5A6","9.552e-04",16635
"SLC5A7","4.890e-06",27363
"SLC5A8","9.302e-09",28962
"SLC5A9","1.973e-03",25353
"SLC6A15","2.536e-04",26122
"SLC6A16","2.448e-02",24202
"SLC6A18","1.915e-03",25365
"SLC6A3","5.190e-06",27346
"SLC6A4","1.109e-10",12346
"SLC6A5","7.521e-07",27878
"SLC7A1","8.364e-03",24730
"SLC7A10;LRP3","5.471e-03",24922
"SLC7A11","3.539e-05",15501
"SLC7A13","5.300e-03",24936
"SLC7A14","3.281e-06",27476
"SLC7A4","2.167e-03",16958
"SLC7A6;SLC7A6OS","1.350e-03",25504
"SLC7A6OS","1.003e-04",15836
"SLC7A7","3.407e-03",25127
"SLC8A1","4.483e-07",28014
"SLC9A10","1.528e-02",24442
"SLC9A11","7.971e-06",27222
"SLC9A3R1","4.672e-06",14897
"SLC9A3R2","1.764e-03",25398
"SLC9A4","8.533e-08",28434
"SLC9A5","1.579e-04",15988
"SLC9A6","1.243e-02",17730
"SLC9A7","2.553e-09",13018
"SLC9A9","3.740e-07",28061
"SLCO1A2;IAPP","3.787e-02",23966
"SLCO1B1","3.740e-02",18300
"SLCO1B3","4.097e-05",15547
"SLCO1C1","8.621e-03",24716
"SLCO2B1","4.330e-07",28023
"SLCO4A1","3.219e-04",16235
"SLCO4A1;LOC100127888","1.999e-02",17966
"SLCO4C1","8.026e-06",27220
"SLCO5A1","1.199e-10",29911
"SLCO6A1","1.132e-07",28364
"SLFN11","1.125e-02",24591
"SLFN12","7.595e-13",30904
"SLFN12L","2.519e-09",29258
"SLFN13","3.219e-03",25151
"SLFN14","1.051e-02",24623
"SLFN5","9.414e-03",24675
"SLITRK1","1.270e-10",29899
"SLITRK2","6.920e-12",30483
"SLITRK3","1.887e-09",29322
"SLITRK4","5.730e-09",29073
"SLITRK6","2.281e-03",25294
"SLK","1.038e-06",27792
"SLMAP","3.883e-02",18321
"SLMO1","2.960e-02",18172
"SLMO2","3.948e-07",14226
"SLN","4.341e-04",25931
"SLU7","1.006e-03",25618
"SMAD2","2.296e-14",10736
"SMAD3","1.097e-03",16688
"SMAD5","1.432e-02",17799
"SMAD9","3.078e-02",24080
"SMAGP","5.659e-03",17366
"SMAGP;DAZAP2","1.333e-03",25509
"SMAP1;B3GAT2","1.561e-05",27023
"SMARCA1","2.255e-02",18028
"SMARCA4","1.371e-05",15211
"SMARCA5","1.878e-03",25373
"SMARCAD1","1.802e-04",26240
"SMARCAL1","6.154e-07",27931
"SMARCC1","3.158e-02",18207
"SMARCC2","4.301e-09",13135
"SMARCD2","1.382e-04",26330
"SMC1A","5.252e-03",17333
"SMC1B","5.790e-05",26616
"SMC1B;RIBC2","9.238e-23",7756
"SMC4;MIR15B;MIR16-2","6.792e-07",14368
"SMC4;MIR16-2","2.054e-05",15333
"SMC5","7.514e-18",9409
"SMCP","7.061e-05",26552
"SMEK3P","2.292e-06",27576
"SMG5","3.844e-08",28628
"SMG7","4.528e-03",17268
"SMNDC1","2.717e-03",25222
"SMO","4.795e-03",24980
"SMOX","1.211e-05",15174
"SMPD3","3.205e-02",24058
"SMPD4","8.885e-03",17571
"SMPDL3A","2.229e-02",24251
"SMPX","3.005e-05",26823
"SMR3A","1.419e-08",28864
"SMR3B","9.588e-09",28955
"SMS","1.566e-02",24430
"SMTN","1.433e-04",15955
"SMUG1","1.429e-02",17798
"SMURF1","5.373e-03",24930
"SMURF2","3.782e-06",27436
"SMYD2","1.459e-06",27700
"SMYD3","4.875e-05",26671
"SMYD4","3.086e-04",16220
"SMYD5","4.061e-04",25955
"SNAI1","8.419e-04",16587
"SNAI2","8.752e-03",24709
"SNAP23","2.007e-02",17968
"SNAP29","3.062e-03",25172
"SNAP47","6.933e-04",25759
"SNAP47;LOC100130093;JMJD4","2.018e-12",11553
"SNAR-B1;SNAR-B2","1.343e-03",25506
"SNAR-C1;SNAR-C2;SNAR-C5","8.945e-04",25663
"SNAR-E","1.177e-02",24569
"SNAR-F","1.903e-02",24332
"SNAR-G1;CGB1","2.891e-05",15438
"SNAR-H","1.317e-02",24515
"SNAR-I","1.488e-08",28853
"SNCA","4.246e-04",25939
"SNCAIP","2.810e-03",25208
"SNCB","3.640e-03",17174
"SND1;LRRC4","1.146e-02",17691
"SNHG12;SNORD99","4.868e-09",13163
"SNHG12;SNORD99;SNORA61","1.133e-09",12839
"SNHG3-RCC1;RCC1","1.038e-06",14481
"SNHG4;MATR3","6.555e-11",12238
"SNHG4;SNORA74A;MATR3","2.836e-02",18149
"SNIP1","1.303e-07",13944
"SNN","8.576e-11",12293
"SNORA10;SNORA64;RPS2","4.245e-03",17240
"SNORA11;MAGED2","6.040e-03",24878
"SNORA13;NCRNA00219","1.291e-04",26353
"SNORA1;SNORA8;SNORD5;SNORA18","2.224e-02",24252
"SNORA20;TCP1","9.442e-05",15816
"SNORA35;HTR2C","3.147e-04",26046
"SNORA38;BAT2","1.570e-04",15986
"SNORA39;SNHG11","1.797e-02",24361
"SNORA47;ZBED3","1.750e-04",26250
"SNORA4;EIF4A2","2.828e-11",12068
"SNORA55;PABPC4","4.273e-02",18375
"SNORA60;SNHG11","4.860e-04",16383
"SNORA62;RPSA","6.379e-04",16483
"SNORA63;MIR1248;EIF4A2;SNORA81","1.027e-10",12330
"SNORA63;MIR1248;EIF4A2;SNORA81;SNORA4","2.060e-16",9938
"SNORA6;RPSA","2.495e-02",18081
"SNORA70B;USP34","2.050e-02",24294
"SNORA72;RPL30","3.435e-02",18253
"SNORA74B;ATP6V0E1","2.068e-03",16939
"SNORA80;URB1","1.301e-06",14542
"SNORA80B;ODC1","6.148e-03",17403
"SNORD103A;PUM1","7.290e-06",15025
"SNORD109B;SNORD109A","6.431e-04",25787
"SNORD113-1","5.062e-05",26659
"SNORD113-5","3.961e-04",25964
"SNORD113-7","4.356e-02",23887
"SNORD113-9","1.545e-05",27026
"SNORD114-10;SNORD114-9","4.885e-02",23821
"SNORD114-11","2.439e-02",24204
"SNORD114-12","1.686e-06",14612.5
"SNORD114-12;SNORD114-13","2.784e-02",24134
"SNORD114-14","1.194e-03",25552
"SNORD114-14;SNORD114-15;SNORD114-16","1.382e-03",25495
"SNORD114-15;SNORD114-14","1.747e-03",25402
"SNORD114-15;SNORD114-16","1.765e-06",27648
"SNORD114-17","1.287e-04",15919
"SNORD114-18;SNORD114-19","1.520e-04",26298
"SNORD114-20","4.664e-04",25905
"SNORD114-20;SNORD114-21","1.933e-02",24324
"SNORD114-21;SNORD114-20","1.293e-03",16752
"SNORD114-22","4.210e-03",25036.5
"SNORD114-23;SNORD114-22","4.689e-06",27375
"SNORD114-25","3.223e-02",24055
"SNORD114-25;SNORD114-24","3.891e-06",27428
"SNORD114-25;SNORD114-26","2.103e-02",17992
"SNORD114-26;SNORD114-27","1.316e-03",25514
"SNORD114-29","4.299e-03",25027.5
"SNORD114-29;SNORD114-28","5.979e-04",25814
"SNORD114-4;SNORD114-3","7.064e-04",25752
"SNORD114-4;SNORD114-5","2.136e-02",24273
"SNORD114-5","4.264e-03",25031
"SNORD114-7","8.330e-04",25690
"SNORD114-8","8.328e-03",24732
"SNORD114-9;SNORD114-10","1.435e-04",26317
"SNORD115-1","4.959e-06",27359
"SNORD115-10","6.190e-03",24867
"SNORD115-10;SNORD115-12;SNORD115-9;SNORD115-5","8.248e-11",29988
"SNORD115-10;SNORD115-42","5.680e-09",29075
"SNORD115-11;SNORD115-15;SNORD115-21;SNORD115-43;SNORD115-36;SNORD115-29","4.890e-09",29109
"SNORD115-11;SNORD115-29;SNORD115-36;SNORD115-43","1.778e-03",25395
"SNORD115-11;SNORD115-36;SNORD115-43;SNORD115-29","2.276e-06",27578
"SNORD115-13","2.660e-08",28716
"SNORD115-14","1.397e-02",24486
"SNORD115-15;SNORD115-20;SNORD115-21","5.959e-03",17389
"SNORD115-15;SNORD115-21","4.559e-03",25002
"SNORD115-15;SNORD115-21;HBII-52-24","1.346e-04",26339
"SNORD115-15;SNORD115-21;HBII-52-27","3.304e-07",28093
"SNORD115-15;SNORD115-21;HBII-52-28","2.013e-05",26946
"SNORD115-15;SNORD115-21;PAR4;SNORD115-23","7.304e-05",26541
"SNORD115-15;SNORD115-21;SNORD115-22","5.704e-07",27951
"SNORD115-15;SNORD115-21;SNORD115-25","8.306e-06",27210
"SNORD115-15;SNORD115-21;SNORD115-26","1.974e-05",26952
"SNORD115-15;SNORD115-21;SNORD115-31","6.201e-09",29055
"SNORD115-15;SNORD115-21;SNORD115-32","1.219e-09",29418
"SNORD115-15;SNORD115-21;SNORD115-33","6.414e-08",28504
"SNORD115-15;SNORD115-21;SNORD115-33;SNORD115-34","2.835e-05",26841
"SNORD115-15;SNORD115-21;SNORD115-43;SNORD115-11;SNORD115-29;SNORD115-36","1.280e-08",28888
"SNORD115-16","1.817e-06",27640
"SNORD115-17;SNORD115-18;SNORD115-19","7.297e-07",27886
"SNORD115-19;SNORD115-17;SNORD115-18","1.627e-08",28832
"SNORD115-2","1.164e-10",29917
"SNORD115-21;SNORD115-20;SNORD115-15","7.584e-08",28463
"SNORD115-29;SNORD115-11;SNORD115-43;SNORD115-36","9.805e-04",25628
"SNORD115-29;SNORD115-36;SNORD115-43;SNORD115-11","5.904e-06",27309
"SNORD115-29;SNORD115-43;SNORD115-11;SNORD115-36","1.447e-10",29872
"SNORD115-3","1.335e-07",28323
"SNORD115-35","1.669e-08",28826
"SNORD115-37","6.786e-04",25767
"SNORD115-38","1.273e-05",27084
"SNORD115-39","2.657e-07",28149
"SNORD115-4","1.467e-04",26310
"SNORD115-40","4.324e-03",25025
"SNORD115-41","2.487e-08",28732
"SNORD115-42;SNORD115-10","9.032e-08",28420
"SNORD115-44","1.397e-02",24486
"SNORD115-48","7.336e-11",30012
"SNORD115-48;HBII-52-46","9.142e-08",28417
"SNORD115-5;SNORD115-10;SNORD115-12;SNORD115-9","9.262e-09",28963
"SNORD115-5;SNORD115-12;SNORD115-10;SNORD115-8;SNORD115-9","3.194e-05",26804
"SNORD115-6","9.552e-04",25638
"SNORD115-7","1.053e-04",26421
"SNORD115-8","2.572e-05",26871
"SNORD115-9;SNORD115-10;SNORD115-12;SNORD115-5","1.702e-05",26997
"SNORD115-9;SNORD115-10;SNORD115-5;SNORD115-12","1.318e-09",29401
"SNORD115-9;SNORD115-12;SNORD115-10;SNORD115-5","1.273e-06",27737
"SNORD115-9;SNORD115-5;SNORD115-12;SNORD115-10","1.722e-07",28259
"SNORD116-1","4.910e-08",28569
"SNORD116-10","1.994e-05",26949
"SNORD116-10;SNORD116-9;SNORD116-3","3.989e-09",29155
"SNORD116-11","1.139e-05",27117
"SNORD116-11;SNORD116-12","2.068e-03",25334
"SNORD116-12","5.042e-03",24958
"SNORD116-12;SNORD116-11","1.115e-04",26402
"SNORD116-13","1.361e-03",25501
"SNORD116-13;SNORD116-14","6.589e-07",27913
"SNORD116-14;SNORD116-13","4.869e-08",28571
"SNORD116-14;SNORD116-15","1.234e-04",26368
"SNORD116-15","4.147e-03",25043
"SNORD116-15;SNORD116-16","1.469e-08",28856
"SNORD116-16;SNORD116-17;SNORD116-19","8.778e-05",26481
"SNORD116-17;SNORD116-19","5.014e-05",26662
"SNORD116-17;SNORD116-19;SNORD116-16","1.364e-03",25500
"SNORD116-18","3.339e-04",26025
"SNORD116-2","3.491e-09",29185
"SNORD116-20;SNORD116-17;SNORD116-19","2.615e-07",28153
"SNORD116-20;SNORD116-19;SNORD116-17","1.283e-10",29897
"SNORD116-20;SNORD116-21","1.385e-03",25494
"SNORD116-21","5.156e-13",30976
"SNORD116-21;SNORD116-22","7.229e-11",30015
"SNORD116-22","1.502e-12",30776
"SNORD116-23","7.835e-08",28455
"SNORD116-24","7.521e-07",27878
"SNORD116-26","7.809e-06",27228
"SNORD116-28","4.687e-03",24990
"SNORD116-29","1.290e-03",25522
"SNORD116-2;SNORD116-6","2.132e-07",28205
"SNORD116-3;SNORD116-9","8.482e-10",29497
"SNORD116-4","4.809e-08",28574
"SNORD116-5;SNORD116-7","2.990e-10",29720
"SNORD116-7;SNORD116-5","2.326e-06",27572
"SNORD116-8","9.465e-09",28958
"SNORD116-9;SNORD116-3","4.950e-08",28567
"SNORD123;SEMA5A","8.310e-03",24733
"SNORD126;MIR1201;CCNB1IP1","4.970e-02",23811
"SNORD12;C20orf199","1.200e-08",28903
"SNORD12B;C20orf199;MIR1259;SNORD12","5.290e-04",25859
"SNORD15B;RPS3","1.485e-02",17817
"SNORD1A","1.317e-05",15199
"SNORD1A;SNORD1B","5.226e-06",14929
"SNORD22;SNORD31;SNHG1","2.462e-02",18074
"SNORD22;SNORD31;SNORD30;SNHG1","2.390e-07",14097
"SNORD30;SNORD22;SNORD29;SNORD31;SNHG1","1.865e-08",13473
"SNORD30;SNORD22;SNORD31;SNHG1","4.755e-06",14902
"SNORD32B","1.574e-09",29362
"SNORD37;EEF2","8.400e-03",17545
"SNORD41;TNPO2","1.069e-02",17658
"SNORD42A;RPL23A;SNORD4B","5.285e-07",14302
"SNORD43;RPL3","4.341e-02",23889
"SNORD54;RPS20","9.500e-05",26455
"SNORD56B","4.324e-03",25025
"SNORD57;NOP56;SNORD56","2.784e-06",14751
"SNORD63;HSPA9","2.177e-04",16098
"SNORD7","4.543e-06",14889
"SNORD72;RPL37","1.993e-03",16924
"SNORD83B;RPL3;SNORD83A","1.317e-02",17758
"SNORD87;SNHG6","8.638e-08",13842
"SNORD88A;C19orf48","1.407e-04",15949
"SNORD88A;C19orf48;SNORD88B","1.006e-02",17629
"SNORD93","2.102e-06",27600
"SNRK","2.519e-08",28729
"SNRNP25","5.496e-04",16428
"SNRNP27","4.543e-02",18410
"SNRNP70","2.786e-04",16184
"SNRPA1","7.974e-03",24752
"SNRPB2","6.825e-05",26563
"SNRPD2","1.755e-02",17900
"SNRPF","1.163e-05",27111
"SNRPN","5.801e-14",31373
"SNRPN;SNURF","1.219e-03",25544
"SNTA1","3.995e-02",23936
"SNTG1","8.590e-13",30881
"SNTG2","3.625e-06",27448
"SNTN","1.510e-03",16813
"SNW1;C14orf178","1.409e-02",24482
"SNX1","1.176e-03",25558
"SNX10","3.599e-06",14823
"SNX11","4.402e-02",18392
"SNX13","4.389e-04",25927
"SNX14","1.845e-04",26232
"SNX15;SAC3D1","3.435e-02",24020
"SNX16","2.215e-03",25306
"SNX18","4.355e-06",27396
"SNX19","7.163e-08",28477
"SNX1;FAM96A","2.442e-03",25266
"SNX2","4.336e-08",28599
"SNX20","6.112e-06",27299
"SNX22;PPIB","1.988e-03",16923
"SNX27","2.295e-08",28751
"SNX29","9.502e-04",16633
"SNX3","2.334e-08",13526
"SNX32","3.164e-10",12565
"SNX5;SNORD17","1.511e-10",29863
"SNX7","1.370e-04",26333
"SOAT1","1.899e-06",27628
"SOAT2;IGFBP6","4.044e-10",12617
"SOBP","5.617e-04",25837
"SOCS1","1.808e-04",16034
"SOCS2","9.720e-03",17613
"SOCS3","6.886e-03",24819
"SOCS5","6.765e-03",24827
"SOCS6","9.929e-03",24650
"SOCS7","1.111e-03",25580
"SOD1","3.147e-04",16227
"SOD3","8.771e-03",24708
"SOHLH1","5.710e-03",17370
"SOHLH2","6.007e-06",27304
"SOLH","1.198e-07",13923
"SON","5.190e-05",26651
"SORBS1","5.046e-05",26660
"SORBS2","1.899e-04",26222
"SORCS1","1.956e-13",31154
"SORCS2;PSAPL1","1.274e-02",17742
"SORCS3","9.756e-09",28951
"SORL1","2.195e-06",27588
"SORT1","2.924e-04",16201
"SOST","4.721e-10",12650
"SOX1","1.340e-07",28322
"SOX10","3.729e-06",27440
"SOX11","1.181e-09",29425
"SOX15;FXR2","1.178e-05",15166
"SOX17","1.414e-03",25486
"SOX18","5.012e-08",13709
"SOX2OT","2.288e-05",15366
"SOX3","1.929e-05",26959
"SOX30","6.574e-10",12721
"SOX5","2.980e-06",27503
"SOX5;MIR920","4.497e-03",25008
"SOX6","4.511e-02",23867
"SOX8","5.659e-03",17366
"SP100","2.037e-14",31558
"SP110","3.240e-02",24052
"SP140L","2.049e-06",27607
"SP2","6.721e-05",26568
"SP3","1.917e-05",15312
"SP5","4.433e-06",14882
"SP6","8.514e-05",26491
"SP8","1.330e-05",27071
"SP9","2.536e-16",9972
"SPA17","1.137e-03",25571
"SPACA1","2.214e-05",26917
"SPACA3","2.361e-02",18052
"SPACA4;FAM83E","1.355e-06",27720
"SPAG1","4.081e-03",25050
"SPAG11A","3.355e-02",24033
"SPAG11A;SPAG11B","6.804e-04",25766
"SPAG17","1.642e-07",28271
"SPAG4","4.205e-02",23907
"SPAG4L","3.367e-02",24031
"SPAG5","2.538e-02",24183
"SPAG5;ALDOC","4.333e-02",18383
"SPAG6","7.940e-03",24754
"SPAG9","4.107e-04",25951
"SPAM1","6.619e-06",27276
"SPANXA2;SPANXA1","1.420e-02",24478
"SPANXC","7.769e-03",24764
"SPANXD;SPANXE","4.622e-02",23853
"SPANXN2","1.600e-03",25437
"SPANXN4","2.535e-07",28161
"SPARC","6.414e-08",28504
"SPATA13","8.482e-10",29497
"SPATA13;MIR2276","1.330e-04",15930
"SPATA16","7.178e-04",25746
"SPATA18","3.056e-06",27496
"SPATA19","5.356e-10",29596
"SPATA2","3.204e-05",15470
"SPATA20","1.200e-03",25550
"SPATA21","7.372e-03",24788
"SPATA2L","8.809e-03",17567
"SPATA3","1.839e-04",26233
"SPATA5","7.634e-03",24772
"SPATA6","1.228e-03",25541
"SPATA7","1.488e-08",28853
"SPATA8","3.607e-05",26766
"SPATA9","1.406e-02",24483
"SPATS2","1.133e-09",29434
"SPATS2L","1.127e-02",17683
"SPC25","4.119e-03",25046
"SPCS2","3.995e-02",18337
"SPDEF","1.027e-02",17639
"SPDYA","1.624e-10",12425
"SPDYC","8.945e-04",25663
"SPDYE3","4.835e-02",23827
"SPDYE6","1.085e-03",25589
"SPDYE8P","1.041e-03",16668
"SPEF2","2.107e-07",28208
"SPEG","6.551e-06",14994
"SPEN","4.644e-03",17279
"SPERT","5.223e-05",26649
"SPG11","3.631e-05",15509
"SPG21","3.328e-03",25137
"SPHAR;RAB4A","2.587e-02",24173
"SPHK1","1.239e-05",15181
"SPHK2","1.118e-04",15872
"SPHKAP","1.148e-11",30384
"SPIC","1.317e-02",17758
"SPIN2A","4.954e-15",31803
"SPIN3","1.251e-03",16739
"SPIN4","3.367e-02",18242
"SPINK1","2.018e-07",28219
"SPINK5L3","1.764e-03",25398
"SPINK6","3.722e-12",30603
"SPINK8","3.903e-07",28050
"SPINLW1","1.006e-03",25618
"SPINT1","1.041e-08",13337
"SPINT2","4.372e-12",11701
"SPINT3","3.289e-03",25142
"SPINT4","6.577e-05",26575
"SPIRE2","2.273e-05",26909
"SPNS1","1.164e-03",25562
"SPNS2","2.676e-02",18118
"SPNS3","9.315e-07",27821
"SPOCK1","6.328e-04",25793
"SPOCK2","7.502e-03",17493
"SPOCK3","1.160e-08",28911
"SPON1","1.676e-02",24396
"SPON2","1.159e-05",15161
"SPOP","4.084e-04",25953
"SPP1","3.674e-04",25991
"SPPL2B","1.429e-02",17798
"SPPL2B;LSM7","1.808e-02",24358
"SPPL3","1.060e-02",24619
"SPR","1.338e-04",26341
"SPRED1","6.506e-12",30495
"SPRED2","2.161e-02",24267
"SPRED3","1.116e-17",9471
"SPRR1A","8.308e-04",16582
"SPRR2G","5.289e-05",26645
"SPRY1","5.064e-10",29608
"SPRYD3","5.078e-05",26658
"SPRYD5","3.382e-07",28087
"SPSB1","4.486e-03",17264
"SPTA1","1.832e-03",25383
"SPTAN1","1.355e-06",27720
"SPTB","5.772e-05",26617
"SPTBN2","1.323e-03",16761
"SPTBN4;BLVRB","3.056e-06",14777
"SPTBN5","2.306e-04",16118
"SPTY2D1","3.485e-02",24012
"SPZ1","7.086e-03",24806
"SQSTM1","1.058e-05",15134
"SR140","5.458e-03",24923
"SRA1","8.602e-03",17556
"SRBD1","1.298e-02",24522
"SRCAP","7.471e-04",16542
"SRD5A1","9.597e-08",13868
"SRD5A2","6.142e-04",25804
"SREBF1","4.783e-05",15596
"SREBF2","1.330e-05",15202
"SRGAP1","1.016e-05",15122
"SRGAP2","3.733e-02",23974
"SRGAP3","3.886e-03",25071
"SRGN","3.107e-03",25166
"SRI","5.159e-08",28557
"SRM","4.655e-02",18424
"SRP19","2.166e-07",14072
"SRP54","2.259e-03",25298
"SRP72","5.422e-03",24926
"SRP9","6.106e-08",28516
"SRPK3","2.066e-09",12971
"SRPR","6.588e-03",17434
"SRRM2","5.632e-04",16437
"SRRM4","2.906e-08",28695
"SRRT","7.783e-09",13270
"SRY","1.134e-06",27746
"SSBP2","1.675e-07",28266
"SSBP3","2.103e-02",17992
"SSBP4","2.126e-11",12011
"SSC5D","3.424e-03",17148
"SSFA2","1.545e-05",27026
"SSH1","7.045e-04",25753
"SSR1","1.787e-02",17909
"SSR3","1.891e-05",26965
"SSR4","1.972e-02",24314
"SSRP1;TNKS1BP1","1.829e-09",12944
"SST","7.231e-15",31738
"SSTR1","1.497e-09",29373
"SSTR2","3.448e-02",18255
"SSTR3","2.144e-02",18002
"SSU72","1.740e-06",14621
"SSU72;C1orf70","5.481e-04",16427
"SSX1","1.185e-02",24566
"SSX5","1.192e-02",17710
"ST18","2.056e-08",28777
"ST20;C15orf37","1.637e-03",25428
"ST3GAL1","3.068e-04",26055
"ST3GAL4","3.907e-05",26741
"ST3GAL5","4.708e-03",24988
"ST3GAL6","2.589e-03",25242
"ST5;C11orf17","4.448e-06",27390
"ST6GAL2","3.570e-09",29180
"ST6GALNAC2","4.417e-02",23879
"ST6GALNAC3","3.607e-05",26766
"ST6GALNAC5","3.485e-02",24012
"ST6GALNAC6","1.420e-02",24478
"ST7","5.608e-03",24911
"ST7;ST7OT4","4.045e-02",23929
"ST7;ST7OT4;ST7OT1","1.572e-02",24428
"ST7L;CAPZA1","2.723e-03",25221
"ST7OT2;ST7","4.822e-06",14906
"ST7OT3;ST7","5.288e-03",24937
"ST8SIA1","9.456e-06",27172
"ST8SIA3","8.870e-13",30875
"ST8SIA4","1.234e-18",33143
"ST8SIA5","1.273e-06",27737
"ST8SIA6","1.125e-03",25575
"STAB2","2.347e-02",18049
"STAC","6.181e-15",31765
"STAC2","2.928e-05",15442
"STAG2","8.759e-04",16602
"STAG3","1.074e-03",25593
"STAG3;GPC2","1.382e-19",8800
"STAG3L2","3.146e-02",24068
"STAM","2.636e-07",28151
"STAM2","2.347e-04",26149
"STAMBP","9.881e-05",26442
"STAMBPL1","5.526e-06",27328
"STAP2","1.604e-02",24418
"STAR","3.586e-09",29179
"STARD10","7.121e-04",25749
"STARD3;PPP1R1B","1.358e-02",24500
"STARD3NL","1.171e-13",31247
"STARD4","1.450e-08",28859
"STARD5","5.755e-09",29072
"STARD6","4.741e-09",29116
"STARD9","8.006e-04",25705
"STAT1","5.769e-07",14325
"STAT2","8.696e-03",24712
"STAT3","4.664e-05",15588
"STAT4","2.955e-03",25187
"STAT5A","4.968e-04",16391
"STAT5B","3.684e-04",25990
"STAT6","5.208e-06",14928
"STC1","6.784e-11",30028
"STEAP1","1.769e-02",17904
"STEAP3","2.906e-02",18162
"STEAP4","6.007e-08",28520
"STH;MAPT","1.636e-02",17865
"STIL","4.005e-03",25058
"STIM1","1.029e-02",24633
"STIM2","1.607e-02",17856
"STK11","3.836e-06",14841
"STK11IP","2.186e-02",24261
"STK16;GLB1L","1.837e-06",27637
"STK19","1.407e-04",26324
"STK19;DOM3Z","2.871e-03",17074
"STK25","4.245e-03",17240
"STK3","2.627e-03",17037
"STK31","4.415e-03",25016
"STK32A","8.507e-06",27203
"STK32B","7.522e-08",28465
"STK33","3.841e-04",16298
"STK36;RNF25","5.180e-08",28556
"STK39","1.092e-02",17668
"STK4","2.033e-03",16932
"STK40","1.311e-06",27729
"STMN1","1.725e-04",16018
"STMN3","1.903e-02",17941
"STMN4","1.085e-03",25589
"STOML1","2.805e-02",24130
"STOML1;PML","3.258e-02",24049
"STON1-GTF2A1L","1.730e-05",26992
"STON2","4.826e-09",13161
"STRA13","8.671e-05",15788
"STRA13;LRRC45","1.962e-06",14654
"STRA8","6.617e-03",24837
"STRADB","2.116e-07",14066
"STRADB;TRAK2","8.959e-08",28422
"STRAP","1.025e-02",17638
"STRN","3.158e-02",24066
"STRN3","1.896e-02",24334
"STRN3;AP4S1","3.888e-07",28051
"STS","1.978e-04",26208
"STUB1","5.704e-07",14322
"STUB1;JMJD8","4.462e-04",16352
"STX11","1.280e-03",25525
"STX12","2.879e-02",24116
"STX16","1.502e-12",11497
"STX17","1.813e-04",16035
"STX18","1.051e-05",27141
"STX19;ARL13B","1.646e-05",15266
"STX1A","3.033e-03",17097
"STX2","2.814e-06",14754
"STX3","1.326e-03",25511
"STX6","3.250e-03",25147
"STXBP1","1.049e-03",16671
"STXBP2","4.885e-13",11287
"STXBP3","4.128e-03",17228
"STXBP4","1.601e-02",17854
"STXBP5","1.751e-03",25401
"STXBP5L","5.578e-05",26628
"STXBP6","3.324e-13",31057
"SUB1","4.720e-09",29117
"SUCLG1","4.885e-02",23821
"SUCLG2","1.422e-05",27051
"SUDS3","4.110e-02",23920
"SUFU","3.439e-05",26781
"SUGT1L1;SLC25A15","4.009e-02",23934
"SUGT1L1;SLC25A15;MIR621","5.339e-05",15631
"SUGT1P1","9.232e-04",16622
"SUGT1P1;AQP7","2.671e-08",28715
"SUGT1P1;CHMP5","4.543e-02",23863
"SUGT1P1;SPINK4","1.077e-06",14491
"SULF1","9.969e-09",28946
"SULF2","1.614e-05",27013
"SULT1A3;SULT1A4","1.958e-10",12464
"SULT1B1","1.756e-03",25400
"SULT1C2","7.432e-04",25733
"SULT1C3","1.700e-04",26260
"SULT1E1","2.794e-04",26088
"SULT2B1","1.956e-02",17955
"SULT6B1","1.641e-05",27008
"SUMF2","9.117e-03",17583
"SUMO1","3.489e-03",25117
"SUMO1P1","1.026e-05",27148
"SUMO4;MAP3K7IP2","2.316e-02",24231
"SUPT16H","1.238e-03",16735
"SUPT3H;RUNX2","1.547e-07",28286
"SUPT4H1","3.460e-02",24016
"SUPT6H","1.796e-10",12446
"SUPT6H;SDF2","1.200e-03",16723
"SUPT7L;SLC4A1AP","6.190e-03",24867
"SUPV3L1","3.456e-03",25121
"SURF1;SURF2","1.993e-03",16924
"SURF6","7.484e-09",13261
"SUSD1","2.498e-05",15393
"SUSD5","3.736e-04",25985
"SUV39H2","7.752e-03",24765
"SUZ12","1.804e-03",25389
"SV2B","1.598e-05",27016
"SV2C","6.225e-07",27928
"SVEP1","1.166e-04",26387
"SVIL","9.314e-03",24680
"SVIP","7.551e-12",11807
"SYCE1","4.190e-06",27407
"SYCE2","2.920e-03",17081
"SYCN","1.501e-02",24451
"SYCP1","4.872e-03",24973
"SYCP2","1.540e-25",6904
"SYDE2","2.050e-02",17979
"SYF2","1.395e-02",24487
"SYMPK","5.924e-06",14965
"SYMPK;RSPH6A","2.148e-06",27594
"SYN1","3.862e-02",18318
"SYN1;TIMP1","7.486e-05",15740
"SYN2","5.490e-07",27961
"SYN3","7.734e-04",25718
"SYNC","9.032e-08",28420
"SYNE1","8.294e-07",27852
"SYNE2","4.294e-03",25028
"SYNGR1","1.131e-03",25573
"SYNGR2","2.394e-04",16131
"SYNJ1","7.105e-08",28479
"SYNJ2","1.384e-05",27059
"SYNJ2BP","7.854e-03",24759
"SYNPO","9.329e-04",16626
"SYNPR","1.193e-16",32424
"SYP","4.088e-02",18350
"SYPL2","3.627e-02",18283
"SYS1;SYS1-DBNDD2","3.100e-02",24076
"SYT1","1.685e-05",27000
"SYT11;GON4L","7.922e-04",16564
"SYT12","2.088e-03",16943
"SYT13","1.090e-02",24606
"SYT14","5.012e-06",27356
"SYT14L;TMPRSS11F","5.148e-04",25869
"SYT15","3.918e-06",27426
"SYT16","1.949e-02",24320
"SYT17","5.533e-08",28540
"SYT3","1.785e-06",27645
"SYT4","1.006e-04",26436
"SYT5","2.053e-10",29799
"SYT5;PTPRH","4.215e-07",28030
"SYT6","1.308e-05",27076
"SYTL1","9.548e-17",9813
"SYTL2","4.310e-02",23893
"SYTL3","2.115e-02",17995
"T","1.253e-08",28893
"T-SP1","1.533e-03",25454
"TAAR2","6.494e-08",28501
"TAAR3","9.137e-11",29967
"TAAR5","3.855e-02",23956
"TAAR6","1.163e-05",27111
"TAAR8","1.751e-03",25401
"TAAR9","2.325e-02",24229
"TAC1","8.174e-10",29505
"TAC3","7.859e-04",25712
"TACC1","2.907e-04",26074
"TACO1","7.752e-03",24765
"TACR1","3.674e-04",25991
"TACR2","4.606e-02",18418
"TACR3","4.394e-12",30571
"TADA1","1.066e-04",26417
"TADA2A","1.484e-04",26306
"TADA3","1.352e-02",24502
"TAF10;ILK","4.456e-02",18399
"TAF12","6.916e-03",24817
"TAF13","2.000e-05",26948
"TAF1A","7.649e-05",26526
"TAF1B","2.927e-03",17082
"TAF1C","3.480e-03",25118
"TAF1D","4.689e-04",25903
"TAF1L","2.651e-02",24160
"TAF2","3.352e-03",25134
"TAF4B","2.576e-03",25244
"TAF5","1.027e-02",24634
"TAF6","1.683e-02",24394
"TAF6;CNPY4","3.099e-03",25167
"TAF7L","2.302e-09",12995
"TAF8","7.820e-03",17512
"TAF9","3.034e-04",26059
"TAGLN","9.557e-05",26453
"TAGLN2","1.282e-07",13940
"TAGLN3","2.496e-03",25257
"TALDO1","9.078e-03",17581
"TANC1","1.257e-03",16741
"TANK","1.266e-02",17739
"TAOK1","7.189e-15",31739
"TAOK2","4.597e-09",13150
"TAP1","9.557e-05",15820
"TAP2","3.925e-02",18327
"TAPBP","7.486e-05",15740
"TAPBP;RGL2","2.781e-05",26847
"TAPT1","8.773e-06",27194
"TAPT1;FLJ39653","4.103e-02",23921
"TARM1","1.740e-09",29340
"TARP","2.969e-06",27504
"TARS","7.634e-03",24772
"TARS2","3.143e-05",26809
"TARSL2","7.083e-05",26551
"TAS1R1","1.755e-02",24373
"TAS1R1;NOL9","4.348e-02",23888
"TAS1R3","5.565e-06",14947
"TAS2R10","6.176e-04",25802
"TAS2R13;PRR4;PRH1","1.055e-03",25600
"TAS2R14;PRR4;PRH1","2.596e-12",30672
"TAS2R16","2.195e-12",30704
"TAS2R20;PRR4;PRH1","1.125e-03",25575
"TAS2R30;PRR4;PRH1","2.662e-04",26105
"TAS2R39","1.487e-07",28296
"TAS2R40","4.357e-11",30118
"TAS2R42","8.049e-04",16570
"TAS2R46;PRR4;PRH1","4.622e-03",24996
"TAS2R7","2.421e-15",31925
"TAS2R8","1.252e-10",29902
"TAS2R9","6.820e-08",28489
"TAT","2.592e-02",24172
"TATDN1","5.245e-07",14300
"TATDN1;NDUFB9","2.696e-02",24151
"TATDN2","1.256e-05",15185
"TATDN3","2.519e-09",29258
"TAX1BP1","1.200e-06",27753
"TAX1BP3","3.823e-03",17195
"TBC1D1","1.930e-03",25362
"TBC1D10A","3.582e-04",16273
"TBC1D10B","2.399e-07",14098
"TBC1D13","2.426e-05",15384
"TBC1D15","1.778e-06",14627
"TBC1D16","2.354e-08",13528
"TBC1D17","1.819e-19",8841
"TBC1D2","5.772e-05",26617
"TBC1D20","4.167e-03",25041
"TBC1D21","2.107e-07",28208
"TBC1D24","6.529e-03",17430
"TBC1D25","2.810e-03",17065
"TBC1D26","1.686e-02",24393
"TBC1D4","1.903e-02",24332
"TBC1D5","6.443e-03",24849
"TBC1D7","6.159e-04",16470
"TBC1D8B","1.418e-02",17794
"TBC1D9","3.568e-02",18274
"TBCA","4.621e-05",26688
"TBCB","5.432e-12",11743
"TBCB;POLR2I","4.464e-02",18400
"TBCC","2.094e-05",26934
"TBCD","2.624e-11",12053
"TBCD;ZNF750","9.923e-11",12323
"TBCE;B3GALNT2","1.695e-04",26261
"TBCEL","9.215e-05",26465
"TBK1","3.699e-02",23979
"TBKBP1","2.210e-03",16966
"TBL1XR1","1.076e-05",15139
"TBL1Y","3.270e-06",27477
"TBL3","3.663e-06",14828
"TBPL1","1.016e-05",27151
"TBPL2","1.561e-05",27023
"TBR1","1.146e-02",24582
"TBRG1","3.584e-05",26768
"TBRG4;SNORA5A","2.374e-02",18055
"TBRG4;SNORA5B","6.810e-03",17449
"TBX15","1.094e-06",27778
"TBX18","7.797e-15",31725
"TBX2","3.884e-04",16302
"TBX20","1.857e-08",28801
"TBX21","2.933e-02",18167
"TBX22","2.408e-09",29268
"TBX3","1.049e-02",24624
"TBX5","5.285e-07",27971
"TBX6","3.884e-04",16302
"TC2N","7.940e-03",24754
"TCAM1","2.328e-23",34705
"TCAP","2.152e-04",26179
"TCEA1","5.788e-03",24897
"TCEAL1","3.850e-03",17198
"TCEAL5","4.071e-03",25051
"TCEAL7","5.375e-15",31789
"TCEB1","8.308e-05",26499
"TCEB3","4.005e-03",25058
"TCEB3B;KATNAL2","1.108e-09",29439
"TCEB3CL;KATNAL2","7.294e-04",25740
"TCERG1","7.102e-04",25750
"TCERG1L","5.987e-09",29063
"TCF12","1.344e-02",24505
"TCF12;LOC145783","1.184e-04",26382
"TCF19","5.120e-04",16402
"TCF19;CCHCR1","1.147e-05",15158
"TCF21","3.574e-06",27452
"TCF25","1.594e-02",17852
"TCF3","2.731e-04",16177
"TCF7L2","8.061e-08",28448
"TCFL5","5.092e-04",25873
"TCHP","8.382e-03",17544
"TCL1A","3.561e-06",27453
"TCL1B","4.968e-04",25882
"TCL6","2.857e-03",25201
"TCOF1","4.265e-02",18374
"TCP1","1.467e-02",24462
"TCP10","1.429e-02",24475
"TCP10L","3.522e-03",25113
"TCP10L2","1.529e-03",25455
"TCP11","3.565e-16",10028
"TCP11L1","1.978e-03",25352
"TCP11L2","2.073e-04",26192
"TCTEX1D1","9.021e-05",26472
"TCTEX1D4","1.897e-08",28796
"TCTEX1D4;BTBD19","4.031e-02",23931
"TCTN2","4.039e-04",25957
"TCTN3","9.703e-05",15825
"TDG","1.879e-05",26967
"TDGF1;LRRC2","4.163e-05",26721
"TDGF3","1.515e-04",26299
"TDP1","8.618e-11",29979
"TDP1;C14orf143","1.926e-02",24326
"TDRD1","1.720e-02",24383
"TDRD10;SHE","6.201e-09",13218
"TDRD6","1.146e-02",24582
"TEAD2","3.371e-22",7935
"TEAD3","4.850e-03",17298
"TECR","9.627e-04",16638
"TECRL","1.297e-11",30360
"TECTA","2.491e-06",27553
"TEDDM1","7.391e-06",27244
"TEK","4.221e-13",31013
"TEKT1","1.861e-05",26970
"TEKT2;ADPRHL2","1.475e-07",28298
"TEKT4","1.966e-09",29313
"TEKT5","4.002e-06",27420
"TELO2","6.124e-05",15675
"TERC","5.946e-03",24885
"TERT","1.956e-02",24318
"TET1","7.048e-10",29537
"TEX10","4.638e-04",25907
"TEX11","7.729e-06",27231
"TEX13A;IL1RAPL2","3.778e-04",25981
"TEX14;RAD51C","6.226e-04",16474
"TEX2","1.844e-06",27636
"TEX28;TKTL1","4.039e-04",25957
"TEX9","4.100e-03",25048
"TF","8.805e-12",30436
"TFAP2A","4.131e-06",27411
"TFAP2B","1.913e-09",29319
"TFAP2D","2.694e-10",29742
"TFAP4","1.057e-07",28381
"TFCP2L1","2.457e-02",18073
"TFDP2","3.192e-14",31479
"TFE3","7.388e-03",17486
"TFEB;PGC","1.176e-03",25558
"TFEC","1.917e-07",28232
"TFF1","1.444e-02",17803
"TFIP11","1.541e-02",24438
"TFPI","2.790e-05",26846
"TFPI2","4.900e-04",25887
"TFR2","2.731e-04",26096
"TFRC","1.190e-02",17709
"TG","1.806e-05",26979
"TG;SLA","2.081e-05",26936
"TGDS","1.260e-03",25531
"TGFA","6.877e-04",25762
"TGFB1I1","2.694e-08",13560
"TGFBI","2.720e-07",28143
"TGFBR1","1.507e-08",28850
"TGFBR2","5.959e-03",24884
"TGFBRAP1","2.906e-02",24111
"TGIF1","1.955e-05",26955
"TGIF2LX","5.490e-07",27961
"TGIF2LY","5.087e-07",27981
"TGM2","1.553e-07",28285
"TGM3","5.853e-03",17381
"TGM6","5.172e-06",14926
"TGOLN2","1.750e-08",13458
"TH","1.556e-05",15249
"THAP10;LRRC49","4.611e-10",12645
"THAP11;CENPT","4.873e-04",16384
"THAP3;DNAJC11","3.005e-08",13586
"THAP4","3.562e-02",18273
"THAP7","1.451e-05",15228
"THAP9","3.542e-04",26004
"THBD","2.292e-03",16981
"THBS2","7.101e-03",24805
"THBS3","3.100e-02",24076
"THBS3;MTX1","1.036e-03",25607
"THEM4","1.766e-04",26247
"THEMIS","2.209e-04",26170
"THNSL1","3.674e-04",25991
"THOC2","2.857e-02",18153
"THOC4","3.129e-02",18202
"THOC5","4.326e-02",18382
"THOC7","1.873e-02",17933
"THOP1","1.461e-10",12403
"THRA","7.159e-04",25747
"THRA;NR1D1","1.765e-06",27648
"THRAP3","2.003e-02",24306
"THRB","2.457e-02",18073
"THRSP","9.908e-03",24651
"THSD1","3.618e-09",29177
"THSD1P","8.097e-03",17528
"THSD7A","1.181e-09",29425
"THUMPD3","1.042e-02",17646
"TIA1","1.453e-02",24467
"TIAM1","1.340e-03",16766
"TIAM2","8.134e-04",25699
"TICAM1","6.441e-07",14354
"TIFA","3.181e-02",18211
"TIGD2","1.447e-10",29872
"TIGD3","2.165e-04",26177
"TIGD4","1.220e-04",26372
"TIGD5","9.274e-03",17591
"TIMD4","1.473e-02",24460
"TIMD4;LOC100286948","3.215e-05",26802
"TIMM17B;PQBP1","7.486e-10",12749
"TIMM22","3.196e-03",25154
"TIMM44","2.960e-02",18172
"TIMM50","5.123e-03",17322
"TIMM8A","2.614e-03",17035
"TIMM8B;C11orf57","1.113e-02",17677
"TIMM8B;SDHD","9.750e-06",27163
"TINAGL1","7.392e-04",16538
"TIPARP","2.865e-10",29729
"TIPARP;LOC100287227","5.489e-12",30528
"TIPIN","2.786e-04",26089
"TIPRL","1.787e-02",24364
"TJAP1","8.199e-04",25696
"TJP3","1.050e-04",26422
"TK1","5.136e-10",12668
"TK1;AFMID","1.319e-02",17759
"TK2","2.136e-05",26928
"TKT","2.539e-05",26875
"TKTL1;TEX28","2.378e-03",25277
"TKTL2","2.472e-02",24197
"TLCD1","1.282e-09",12866
"TLE1","1.480e-04",26307
"TLE2","1.368e-03",25499
"TLE3","2.113e-10",12480
"TLE4","1.480e-05",27039
"TLK1","1.622e-04",26276
"TLK2","3.256e-04",26034
"TLL1","3.367e-11",30170
"TLN1","1.063e-09",29448
"TLN2;MIR190","1.308e-05",15197
"TLR10","4.364e-07",28021
"TLR3","3.187e-02",24061
"TLR4","3.615e-17",32616
"TLR5","2.505e-07",14109
"TLR6","1.034e-02",24631
"TLR7","1.178e-05",27107
"TLR8;LOC349408","1.384e-07",28314
"TLX1;TLX1NB","1.670e-02",24398
"TLX2","5.926e-16",10112
"TLX3","1.455e-12",11491
"TM2D3","1.329e-07",13949
"TM4SF1","3.895e-03",17203
"TM4SF18","1.799e-07",28248
"TM4SF4","1.251e-02",24540
"TM4SF5","8.132e-03",17530
"TM6SF1","6.691e-03",17441
"TM6SF2","3.151e-03",17113
"TM7SF3","4.578e-13",11275
"TM7SF4","2.798e-08",28704
"TM9SF1","2.786e-14",10770
"TM9SF2","1.529e-03",25455
"TM9SF4","1.663e-05",27004
"TMBIM6","2.203e-06",27587
"TMC1","2.343e-02",18048
"TMC3","6.822e-04",25765
"TMC4","1.960e-02",17956
"TMC5","6.260e-04",25797
"TMC7","1.403e-05",15218
"TMC8","4.520e-05",26695
"TMC8;TMC6","6.713e-04",16502
"TMCC3","3.293e-04",26030
"TMCO1","1.480e-03",25468
"TMCO3","4.654e-03",24993
"TMCO3;DCUN1D2","3.674e-04",25991
"TMCO4","7.740e-08",28458
"TMCO5A","6.820e-08",28489
"TMED4","3.602e-04",16275
"TMED5","5.092e-04",25873
"TMED6","4.095e-02",23922
"TMED7-TICAM2;TMED7","5.185e-07",27976
"TMED8;C14orf174","5.556e-04",25841
"TMED9","1.185e-02",17707
"TMEFF2","1.014e-08",28942
"TMEM100","7.668e-03",24770
"TMEM101","2.236e-05",26914
"TMEM104;NAT9","4.486e-03",25009
"TMEM106A","1.040e-04",15848
"TMEM106C","7.839e-05",26518
"TMEM11","4.138e-03",17229
"TMEM111","3.237e-04",26036
"TMEM116","1.617e-02",24414
"TMEM116;ERP29","5.012e-08",13709
"TMEM120A","2.003e-02",17967
"TMEM121","4.829e-08",13700
"TMEM125","7.339e-03",24790
"TMEM126A","4.905e-05",26669
"TMEM128","1.088e-07",28374
"TMEM129","1.341e-14",10642
"TMEM129;TACC3","3.831e-04",16297
"TMEM131","1.570e-04",26287
"TMEM132A","2.810e-04",16187
"TMEM132A;SLC15A3","2.875e-06",14760
"TMEM132B","4.483e-08",28591
"TMEM132C","6.565e-16",32144
"TMEM132D","2.520e-10",29756
"TMEM132E","1.050e-04",26422
"TMEM133","2.067e-04",26193
"TMEM134","6.943e-15",10528
"TMEM135","9.652e-04",25634
"TMEM138","8.062e-03",24747
"TMEM139","1.187e-10",29913
"TMEM139;CASP2","1.684e-08",13449
"TMEM140","1.046e-08",28935
"TMEM143","1.068e-03",16678
"TMEM150A","5.772e-04",25827
"TMEM154","1.205e-02",24558
"TMEM155;LOC100192379","2.285e-02",24238
"TMEM158","2.033e-03",25341
"TMEM159","2.815e-02",24128
"TMEM161A","4.507e-03",25007
"TMEM161B","1.643e-02",24406
"TMEM167A","8.805e-04",25669
"TMEM167A;SCARNA18","1.670e-02",17875
"TMEM167A;XRCC4","8.671e-12",30439
"TMEM169","6.606e-04",25777
"TMEM17","4.720e-02",23841
"TMEM171","9.500e-05",15818
"TMEM174","2.893e-08",28696
"TMEM175","3.770e-03",25084
"TMEM176A","7.971e-06",27222
"TMEM176B","3.743e-03",25087
"TMEM179","1.334e-04",26342
"TMEM179B;TAF6L","9.039e-03",17579
"TMEM180","9.039e-03",17579
"TMEM182","1.533e-03",25454
"TMEM183B;TMEM183A","7.214e-10",29532
"TMEM184A","5.146e-03",17324
"TMEM184B","2.263e-02",24243
"TMEM184C","5.702e-06",27319
"TMEM185A","2.982e-02",18176
"TMEM185B","1.791e-15",10297
"TMEM188","3.204e-05",15470
"TMEM19","5.134e-04",16403
"TMEM194B","5.545e-06",14946
"TMEM2","4.957e-14",31401
"TMEM20","1.312e-05",27075
"TMEM200A","4.981e-04",25881
"TMEM200B","4.455e-03",17261
"TMEM200C","2.621e-02",24166
"TMEM201","6.768e-04",16505
"TMEM202","1.673e-02",24397
"TMEM206","5.507e-06",27329
"TMEM207","4.591e-05",26690
"TMEM211","1.007e-10",29947
"TMEM212","4.028e-04",25958
"TMEM213","4.005e-03",25058
"TMEM213;ATP6V0A4","1.169e-07",28356
"TMEM215","1.400e-07",28311
"TMEM216","1.933e-06",14650
"TMEM217","9.328e-06",27176
"TMEM217;TBC1D22B","1.544e-02",24437
"TMEM222","2.235e-06",14690
"TMEM229A","7.838e-04",25713
"TMEM232","3.095e-02",24077
"TMEM25","4.005e-04",16313
"TMEM26","6.157e-08",28514
"TMEM27","3.246e-02",18222
"TMEM30A","4.117e-06",14861
"TMEM30B","2.135e-03",16952
"TMEM30C","4.582e-02",23858
"TMEM33","1.372e-02",24495
"TMEM35","5.305e-04",25858
"TMEM38A;C19orf42","2.784e-02",18139
"TMEM40","5.053e-08",13711
"TMEM41B","8.262e-07",27853
"TMEM44","3.070e-03",25171
"TMEM48","1.774e-11",30298
"TMEM51","1.012e-03",16657
"TMEM52","1.896e-03",16904
"TMEM53","1.006e-03",25618
"TMEM55A","7.535e-03",24778
"TMEM55B","2.458e-05",26885
"TMEM56","2.544e-10",29754
"TMEM57","8.362e-08",13834
"TMEM62","4.067e-02",18347
"TMEM63B;MRPL14","3.536e-02",18269
"TMEM65","2.476e-02",24196
"TMEM66","1.948e-06",27621
"TMEM67","8.149e-03",24742
"TMEM68","1.473e-02",17813
"TMEM70","8.044e-03",24748
"TMEM71","3.529e-13",31046
"TMEM72","4.417e-02",23879
"TMEM74","8.831e-11",29974
"TMEM80","5.158e-03",24948
"TMEM85","2.151e-03",25318
"TMEM86B;SAPS1","3.038e-02",18186
"TMEM87B","1.306e-02",24519
"TMEM8A;LOC100134368","3.060e-04",16217
"TMEM8B;C9orf128","3.743e-03",25087
"TMEM90A","8.220e-03",24738
"TMEM90B","3.005e-02",24093
"TMEM91","5.632e-04",25836
"TMEM97","2.977e-02",18175
"TMEM99","1.871e-06",14641
"TMEM99;KRT10","2.610e-12",11602
"TMF1","6.632e-03",24836
"TMIE","7.217e-04",16529
"TMIGD2","1.873e-02",24340
"TMOD1","1.215e-02",24554
"TMOD2","1.176e-09",29426
"TMOD3","4.440e-12",30569
"TMPO","4.995e-04",16393
"TMPRSS11B","3.309e-09",29197
"TMPRSS11D","2.763e-02",24138
"TMPRSS11E","7.854e-03",17514
"TMPRSS11F;SYT14L","3.242e-03",25148
"TMPRSS2","1.915e-03",25365
"TMPRSS4","4.341e-04",16342
"TMPRSS5","4.488e-11",30112
"TMPRSS6","1.868e-03",16898
"TMPRSS7","4.016e-04",16314
"TMPRSS8","1.996e-04",26205
"TMSB10","1.115e-02",24595
"TMSB15A","1.798e-06",14630
"TMSB4X;TMSL3","2.486e-07",14107
"TMSL3;FAM190A","1.115e-02",17678
"TMSL3;TMSB4X","1.285e-02",17746
"TMTC2","4.408e-13",31005
"TMTC3;CEP290","2.237e-03",25302
"TMUB2;C17orf65","3.597e-03",25104
"TMX1","6.011e-05",26604
"TMX2;C11orf31","2.341e-05",15373
"TMX4","1.450e-08",28859
"TNC","1.081e-02",17663
"TNF","6.067e-03",17397
"TNFAIP1","4.736e-02",23839
"TNFAIP2","7.360e-17",9771
"TNFAIP3","1.873e-05",15305
"TNFAIP6","3.392e-08",28658
"TNFAIP8L1","2.157e-02",18005
"TNFAIP8L3","3.454e-02",18256
"TNFRSF10A","4.952e-07",14285
"TNFRSF11A","2.307e-07",28185
"TNFRSF18","4.802e-02",18442
"TNFRSF19","3.726e-02",23975
"TNFRSF1A","1.802e-08",28808
"TNFRSF1B","5.272e-05",26646
"TNFRSF6B","1.054e-02",17651
"TNFRSF6B;RTEL1","4.664e-04",16368
"TNFRSF9","1.686e-02",17880
"TNFSF10","1.883e-04",16048
"TNFSF13;TNFSF12-TNFSF13;SENP3","1.336e-06",27724
"TNFSF13;TNFSF12;TNFSF12-TNFSF13","2.460e-03",25263
"TNFSF15","1.544e-02",24437
"TNIK","1.016e-07",28391
"TNIK;MIR569","2.938e-02",24105
"TNIP2","7.901e-04",16563
"TNK1","2.365e-02",24220
"TNKS","8.062e-03",24747
"TNKS2","1.125e-02",17682
"TNMD","2.906e-08",28695
"TNNC1","2.731e-04",26096
"TNNI2","4.176e-05",15553
"TNNI2;SYT8","1.881e-02",24338
"TNNI3K","7.236e-04",25743
"TNP1","1.026e-06",27795
"TNP2","3.143e-05",26809
"TNPO1","5.319e-04",25857
"TNPO2","4.225e-03",17238
"TNPO3","6.423e-10",12716
"TNR","3.480e-03",25118
"TNRC6A","2.754e-05",26850
"TNS1","7.086e-03",24806
"TNS4","1.584e-03",16832
"TNXB;STK19;TNXA","1.139e-02",24585
"TNXB;TNXA","4.433e-02",23877
"TNXB;TNXA;STK19","2.237e-02",18024
"TOB1","2.260e-04",16111
"TOLLIP","2.265e-03",16976
"TOM1","1.054e-02",24622
"TOM1L1","5.082e-06",14921
"TOM1L2","1.012e-03",16657
"TOM1L2;LRRC48","9.471e-05",26456
"TOMM22","3.352e-06",27470
"TOMM34","6.804e-05",26564
"TOMM40","7.282e-05",26542
"TOMM40L","2.564e-05",26872
"TOMM40L;APOA2","5.170e-03",24947
"TOMM7","6.190e-03",24867
"TOMM70A","7.010e-09",13246
"TOP1P2;PIWIL3","7.212e-03",24798
"TOP2A","8.375e-04",16585
"TOP3A","4.676e-03",17282
"TOP3A;SMCR8","1.069e-02",24615
"TOPBP1","1.060e-03",25598
"TOPORS","2.316e-07",14089
"TOR1AIP1","3.547e-03",25110
"TOX","4.658e-07",28004
"TOX2","7.964e-04",25707
"TP53","3.562e-02",18273
"TP53;WRAP53","6.735e-03",24829
"TP53BP2","1.766e-04",16026
"TP53INP1","1.016e-02",17634
"TP53INP2","1.547e-02",24436
"TP53RK","1.727e-02",24381
"TP53TG1","4.817e-03",17295
"TP53TG3B","2.066e-02",24290
"TP63","2.692e-04",16172
"TP73","2.847e-02",18151
"TP73;WDR8","2.932e-04",16202
"TPBG","1.219e-05",27097
"TPCN1","6.953e-05",15716
"TPCN1;IQCD","8.779e-08",28427
"TPD52","7.522e-08",13808
"TPD52L1","4.341e-02",18384
"TPD52L2","5.787e-04",25826
"TPD52L3","3.250e-03",17126
"TPH2","1.983e-06",27616
"TPK1","4.402e-02",23881
"TPM3","1.879e-07",28237
"TPM3;NUP210L","8.602e-03",24717
"TPM4","6.841e-04",16509
"TPO","8.108e-05",26507
"TPP1","2.018e-03",25344
"TPP2","3.562e-05",15503
"TPPP","9.465e-09",13315
"TPPP3","1.495e-03",25464
"TPR;MIR548F1","3.472e-03",25119
"TPRG1L","2.619e-06",27539
"TPRKB","6.328e-06",27289
"TPSAB1","1.760e-03",16874
"TPSD1","2.562e-02",18095
"TPT1;SNORA31","8.923e-03",17573
"TPTE","3.453e-13",31050
"TPTE2","2.617e-04",26111
"TRA2A","9.520e-06",27170
"TRA2B","1.176e-09",12847
"TRADD","4.499e-04",25918
"TRADD;FBXL8","1.906e-03",25367
"TRAF1","3.063e-05",15456
"TRAF2","3.780e-12",11673
"TRAF3","1.330e-03",16763
"TRAF3IP1","2.616e-02",24167
"TRAF3IP3","2.027e-05",26944
"TRAF4","1.427e-05",15223
"TRAF6","5.659e-03",24907
"TRAF7","1.194e-04",15894
"TRAK1","4.374e-03",17253
"TRAK2;STRADB","9.256e-04",25650
"TRAM1L1","6.666e-15",31752
"TRAM2","3.513e-04",26007
"TRAPPC1;KCNAB3","1.010e-02",17631
"TRAPPC2L;GALNS","5.319e-04",25857
"TRAPPC3","3.680e-10",29676
"TRAPPC5","2.060e-05",26939
"TRAPPC6A","6.931e-03",24816
"TRAPPC6B","1.081e-02",24610
"TRAPPC9","2.034e-10",29801
"TRDMT1","8.565e-09",28981
"TRDN","4.398e-09",29133
"TREM1","2.334e-08",28747
"TREM2","4.269e-04",25937
"TREML2P","2.450e-04",26134
"TREML3","3.368e-04",26022
"TREML4","9.177e-07",27825
"TRERF1","8.992e-04",25661
"TREX1","4.640e-06",14895
"TRH","3.716e-06",27441
"TRHDE","6.602e-03",24838
"TRHR","1.617e-04",26277
"TRIAP1","1.822e-02",17919
"TRIAP1;GATC","1.959e-03",25356
"TRIB1","9.215e-03",17588
"TRIB2","1.787e-02",24364
"TRIB3","6.795e-03",24825
"TRIM14","4.207e-21",8291
"TRIM17;TRIM11","8.375e-04",25688
"TRIM21","3.105e-10",29712
"TRIM24","3.729e-06",27440
"TRIM26","5.094e-05",15616
"TRIM27","3.701e-05",26758
"TRIM28","1.848e-02",24347
"TRIM29","1.699e-03",16860
"TRIM3","6.677e-04",25773
"TRIM31","6.040e-03",24878
"TRIM32;ASTN2","7.572e-04",25726
"TRIM37","8.178e-04",16576
"TRIM38","4.614e-08",28584
"TRIM4","3.492e-02",18262
"TRIM43","7.940e-03",24754
"TRIM43B","3.556e-11",30159
"TRIM44","1.883e-04",16048
"TRIM45","6.343e-03",17417
"TRIM48","2.164e-10",29788
"TRIM50;FKBP6","1.125e-02",17682
"TRIM55","1.182e-05",27106
"TRIM56","9.488e-06",15102
"TRIM58","2.952e-07",28122
"TRIM6-TRIM34;TRIM34","1.019e-06",27797
"TRIM6-TRIM34;TRIM6","5.663e-04",25834
"TRIM60","1.678e-03",25418
"TRIM61","4.101e-10",29653
"TRIM61;C4orf39","8.024e-10",29509
"TRIM64B","2.481e-02",24195
"TRIM65","1.857e-08",13472
"TRIM66","3.513e-03",25114
"TRIM68","3.612e-10",29680
"TRIM69","1.564e-03",25446
"TRIM7","3.304e-03",25140
"TRIM71","1.994e-05",15324
"TRIM72","2.395e-03",25274
"TRIM72;PYDC1","2.284e-06",14696
"TRIM74;TRIM73","1.406e-02",24483
"TRIM75","1.322e-04",26345
"TRIM77","8.097e-03",24745
"TRIM78P;TRIM5","2.173e-02",18009
"TRIM8","1.406e-03",16785
"TRIO","1.919e-06",27625
"TRIP10","1.899e-06",14645
"TRIP11","1.755e-02",17900
"TRIP13","2.387e-05",15379
"TRMT11","4.235e-02",23903
"TRMT12","1.360e-06",27719
"TRMT2A","4.225e-03",17238
"TRMT2A;RANBP1","5.440e-05",15637
"TRMT2B","3.174e-03",17116
"TRMT61B","3.572e-04",26001
"TRNP1","1.949e-03",25358
"TRNT1","1.102e-06",14497
"TROVE2","3.682e-03",25094
"TROVE2;UCHL5","1.926e-02",24326
"TRPC1","7.276e-13",30912
"TRPC2","3.562e-04",26002
"TRPC3","2.074e-08",28775
"TRPC4","1.010e-09",29459
"TRPC5","6.178e-07",27930
"TRPC5;ZCCHC16","1.989e-13",31151
"TRPC6","1.459e-06",27700
"TRPC7","5.924e-06",27308
"TRPM1","1.894e-12",30732
"TRPM3","2.649e-08",28717
"TRPM3;MIR204","3.201e-04",26040
"TRPM5","4.507e-03",17266
"TRPM6","2.558e-03",25247
"TRPM8","6.176e-06",27296
"TRPS1","3.596e-05",26767
"TRPT1","9.634e-07",27812
"TRPV2","1.391e-04",26328
"TRPV3","6.256e-09",13220
"TRPV4","3.556e-02",24001
"TRPV5","2.632e-14",31513
"TRPV6","6.804e-05",26564
"TRRAP","1.330e-02",17763
"TRUB1","3.840e-10",29667
"TRYX3","1.285e-02",24527
"TSC2","1.024e-07",13884
"TSC22D1","3.352e-03",17139
"TSEN15","3.522e-04",26006
"TSEN54","1.217e-02",17720
"TSGA10","4.463e-05",26699
"TSGA10;C2orf15","1.314e-08",28882
"TSGA13","2.333e-05",26901
"TSGA13;COPG2","3.406e-05",26784
"TSGA14","6.843e-07",27903
"TSHR","2.232e-03",25303
"TSHZ1","2.997e-03",17092
"TSHZ3","1.719e-05",26994
"TSKS","1.858e-06",27634
"TSLP","3.574e-06",27452
"TSN","4.495e-02",23869
"TSNARE1","4.722e-06",27373
"TSNAX-DISC1","2.927e-02",24107
"TSNAX-DISC1;DISC1","2.043e-04",26197
"TSNAX-DISC1;DISC1;DISC2","1.463e-04",26311
"TSPAN1","2.883e-04",16196
"TSPAN10","3.350e-11",30171
"TSPAN12","1.050e-04",26422
"TSPAN14","1.924e-07",14042
"TSPAN17;EIF4E1B","1.097e-02",24603
"TSPAN18","4.676e-04",16369
"TSPAN19;LRRIQ1","2.962e-03",17087
"TSPAN31","8.510e-03",17551
"TSPAN32;C11orf21","1.194e-04",15894
"TSPAN4","1.212e-07",13926
"TSPAN5","6.013e-03",24880
"TSPAN6","1.187e-02",17708
"TSPAN9","7.453e-03",17490
"TSPO","2.207e-13",11141
"TSPO2","4.338e-05",26708
"TSPY1;TSPY4","8.479e-03",24723.5
"TSPY2","7.455e-03",24781
"TSPY3;TSPY4","5.554e-03",24895
"TSPY4","6.450e-03",24848.5
"TSPY4;FAM197Y2","2.638e-02",24162.5
"TSPY4;TSPY3","6.729e-03",24812.5
"TSPYL2","1.417e-07",13965
"TSPYL3","6.143e-05",15676
"TSPYL5","1.607e-02",24417
"TSPYL6;ACYP2","3.489e-07",28079
"TSR2","9.132e-05",15805
"TSSK3;LOC100128071","4.622e-03",17277
"TSSK4","6.916e-03",17456
"TSSK6","3.562e-02",18273
"TSTA3","1.257e-04",15911
"TSTD1","1.252e-17",9489
"TSTD1;USF1","1.578e-02",17847
"TTBK2","8.708e-07",27839
"TTC14","2.389e-03",25275
"TTC15;TSSC1","1.371e-03",25498
"TTC17","1.773e-03",25396
"TTC18","9.334e-03",24679
"TTC19","3.804e-10",29669
"TTC21A","2.727e-02",24145
"TTC23L","1.257e-04",26362
"TTC25;CNP","1.663e-02",17873
"TTC26","1.237e-14",31645
"TTC27","5.012e-08",28564
"TTC28","1.170e-03",25560
"TTC3","6.039e-07",27936
"TTC30A","5.048e-07",27983
"TTC30B","1.906e-03",25367
"TTC31;CCDC142","3.556e-02",24001
"TTC32","4.095e-02",23922
"TTC33","4.859e-05",15601
"TTC35","3.787e-02",23966
"TTC39A","3.223e-02",18218
"TTC39B","3.766e-02",23969
"TTC39C","1.179e-03",16716
"TTC3L","3.055e-02",24084
"TTC5","2.094e-05",26934
"TTC7A","7.988e-07",27862
"TTC8","4.246e-04",25939
"TTC9","8.149e-03",17531
"TTF1","2.611e-02",24168
"TTF2","3.129e-03",25163
"TTLL1","1.575e-02",24427
"TTLL10","3.141e-02",24069
"TTLL12","3.676e-06",14829
"TTLL2","2.431e-03",17005
"TTLL5","4.310e-05",26710
"TTLL6","1.840e-02",24349
"TTLL7","1.254e-03",25533
"TTLL8","2.128e-02",17998
"TTLL9;DUSP15","1.500e-05",15238
"TTN","4.500e-07",28013
"TTN;MIR548N","4.088e-02",23923
"TTPAL","4.534e-05",15579
"TTR","1.009e-03",25617
"TTRAP","2.055e-04",16078
"TTTY10","1.502e-09",29348
"TTTY11","1.567e-04",26255.5
"TTTY13","1.356e-06",27698.5
"TTTY15","2.078e-02",24287
"TTTY16","2.148e-03",25300
"TTTY18","7.419e-04",25728
"TTTY19","2.434e-03",25251
"TTTY20","1.584e-03",25441
"TTTY22","1.432e-03",25481
"TTTY5","2.587e-09",29200
"TTYH1","1.759e-05",26987
"TTYH2","1.391e-06",14560
"TTYH2;MGC16275","2.199e-03",25309
"TTYH3","5.110e-05",15617
"TUBA1A","2.508e-03",25255
"TUBA1B","2.472e-02",18076
"TUBA1C","4.833e-04",25892
"TUBA3D","1.864e-03",16897
"TUBB","3.983e-04",16311
"TUBB3","4.005e-11",12138
"TUBB4","4.835e-02",23827
"TUBB4Q","2.805e-02",24130
"TUBD1;RPS6KB1","2.272e-02",24241
"TUBE1;C6orf225","2.587e-04",26115
"TUBG2","4.052e-02",23928
"TUBGCP2","3.336e-03",25136
"TUBGCP3","1.914e-02",17944
"TUBGCP6","2.273e-04",16113
"TUFM","1.403e-03",16784
"TULP1","2.906e-02",24111
"TULP1;TEAD3","9.262e-09",13310
"TULP2","7.008e-04",25755
"TUSC4;CYB561D2","1.614e-05",15260
"TUSC5","1.129e-02",17684
"TUT1","2.991e-06",14771
"TWISTNB","4.402e-02",23881
"TXK","1.428e-04",26319
"TXLNA","1.976e-10",12466
"TXLNB","2.319e-13",31123
"TXN","9.305e-04",25648
"TXN2","9.392e-06",27174
"TXNDC11","2.188e-03",25311
"TXNDC12;KTI12","9.884e-09",28948
"TXNDC17;KIAA0753","1.765e-02",24370
"TXNDC17;MED31","1.400e-02",24485
"TXNDC2","1.717e-02",24384
"TXNDC3","2.281e-10",29777
"TXNDC6;ARMC8","2.298e-02",18038
"TXNDC9","5.319e-04",16416
"TXNL4A","2.646e-07",14123
"TXNL4B;DHX38","5.663e-04",25834
"TXNRD1","7.418e-05",26536
"TXNRD1;EID3","7.373e-04",16537
"TXNRD3IT1","8.922e-04",16609
"TYMP","2.260e-06",14693
"TYMP;SCO2","2.222e-05",15357
"TYMS;C18orf56","2.933e-09",13049
"TYMS;ENOSF1","1.922e-04",16055
"TYR","4.176e-03",25040
"TYRO3","2.333e-04",16122
"TYRP1","1.364e-02",24498
"TYW1B","1.182e-05",27106
"U2AF1","5.789e-08",13744
"U2AF2","6.396e-05",15689
"U58;SNORD58C;RPL17","1.551e-05",15248
"UACA","3.998e-13",31023
"UAP1","7.353e-04",25737
"UBA1","1.447e-02",17804
"UBA2","3.078e-02",18193
"UBA3","5.814e-03",17378
"UBA52","2.750e-03",25217
"UBA6","2.234e-04",26166
"UBAC2","1.178e-05",27107
"UBAC2;MIR623","3.205e-02",18215
"UBAP2","2.808e-05",26844
"UBAP2L;C1orf43","1.513e-02",17826
"UBASH3A","4.499e-04",25918
"UBASH3B","7.601e-03",24774
"UBC","3.432e-03",17149
"UBE2B","2.783e-03",17061
"UBE2C","5.843e-06",14961
"UBE2CBP","5.725e-04",25830
"UBE2D1","9.627e-04",25635
"UBE2D2","4.426e-04",25924
"UBE2D3","1.389e-02",24489
"UBE2D4","1.085e-03",16684
"UBE2D4;POLR2J4","3.498e-06",27458
"UBE2DNL","9.672e-09",28953
"UBE2E3","1.340e-03",25507
"UBE2F","2.280e-04",26159
"UBE2G2","3.497e-03",25116
"UBE2I","8.203e-03",17534
"UBE2J2","1.467e-02",17811
"UBE2K","1.085e-02",17665
"UBE2L3","6.786e-04",16506
"UBE2MP1","1.868e-03",25375
"UBE2Q1","1.146e-02",17691
"UBE2QL1","2.083e-02",24286
"UBE2QP1","8.870e-13",30875
"UBE2S","6.877e-04",16511
"UBE2U","3.103e-04",26051
"UBE2W","2.270e-03",25296
"UBE2Z","9.367e-08",13862
"UBE3A","3.522e-03",17160
"UBE3B","4.852e-02",18448
"UBE3B;KCTD10","9.634e-07",27812
"UBE3C","5.918e-05",15664
"UBFD1;EARS2","2.891e-05",15438
"UBL3","1.009e-04",26435
"UBL4A","1.116e-14",10610
"UBL5","4.996e-03",24962
"UBL7","4.562e-04",25913
"UBN2","2.747e-04",26094
"UBOX5;FASTKD5","1.930e-03",16911
"UBP1","1.432e-03",25481
"UBQLN1","4.033e-03",17218
"UBQLN2","7.304e-05",15732
"UBQLNL","1.892e-02",24335
"UBR2","8.752e-03",24709
"UBR4","5.312e-03",17338
"UBR7","3.435e-02",24020
"UBTD1;MMS19","8.455e-03",24725
"UBTF","3.191e-07",14171
"UBXN11;CD52","2.803e-03",25209
"UBXN4","3.595e-10",29681
"UBXN6","1.319e-07",13947
"UBXN8","3.201e-04",26040
"UCA1","2.393e-02",24214
"UCHL1","2.505e-07",14109
"UCHL3","7.196e-09",29021
"UCK1","3.406e-04",16255
"UCK2","1.194e-04",26379
"UCKL1","1.204e-06",14521
"UCKL1;MIR1914","4.860e-04",25890
"UCN","3.456e-03",17152
"UCN3","6.396e-05",26584
"UCP2","4.799e-12",11719
"UCP3","4.708e-03",24988
"UCRC;ZMAT5","2.114e-03",25325
"UEVLD","3.522e-04",26006
"UFC1","4.549e-03",25003
"UFM1","3.228e-04",26037
"UFSP2","1.155e-03",25565
"UFSP2;ANKRD37","9.087e-04",16616
"UGDH","1.456e-02",24466
"UGGT1","1.561e-05",27023
"UGGT2","2.993e-02",24095
"UGP2","9.378e-14",31287
"UGT1A10;UGT1A1;UGT1A6;UGT1A8;UGT1A4;UGT1A3;UGT1A9;UGT1A7;UGT1A5","7.193e-05",26546
"UGT1A10;UGT1A6;UGT1A8;UGT1A4;UGT1A3;UGT1A1;UGT1A9;UGT1A7;UGT1A5","4.402e-06",27393
"UGT1A10;UGT1A6;UGT1A8;UGT1A4;UGT1A3;UGT1A9;UGT1A7;UGT1A1;UGT1A5","2.215e-03",25306
"UGT1A10;UGT1A6;UGT1A8;UGT1A4;UGT1A3;UGT1A9;UGT1A7;UGT1A5","1.291e-04",26353
"UGT1A10;UGT1A6;UGT1A8;UGT1A4;UGT1A9;UGT1A7;UGT1A5;UGT1A3","2.442e-03",25266
"UGT1A10;UGT1A6;UGT1A8;UGT1A9;UGT1A4;UGT1A7;UGT1A5","3.212e-03",25152
"UGT1A10;UGT1A6;UGT1A9;UGT1A7;UGT1A8","2.292e-03",16981
"UGT1A10;UGT1A7;UGT1A9;UGT1A8","5.159e-08",28557
"UGT1A10;UGT1A8","1.017e-10",29945
"UGT1A10;UGT1A9;UGT1A6;UGT1A7;UGT1A8","1.283e-03",16749
"UGT1A10;UGT1A9;UGT1A8","1.206e-03",25548
"UGT1A5;UGT1A6;UGT1A10;UGT1A9;UGT1A7;UGT1A8","9.040e-04",25659
"UGT1A6;UGT1A10;UGT1A9;UGT1A7;UGT1A5;UGT1A8","2.053e-03",25337
"UGT1A6;UGT1A3;UGT1A5;UGT1A4;UGT1A9;UGT1A10;UGT1A7;UGT1A1;UGT1A8","1.432e-03",25481
"UGT1A8","9.222e-09",28964
"UGT1A9;UGT1A10;UGT1A8","6.587e-11",30034
"UGT2A1","8.778e-05",26481
"UGT2A2;UGT2A1","5.725e-04",25830
"UGT2B10","8.871e-14",31297
"UGT2B11","5.047e-06",27354
"UGT2B28","1.019e-09",29457
"UGT2B4","1.811e-13",31168
"UGT2B7","2.273e-04",26160
"UGT3A1","3.359e-03",25133
"UGT3A2","1.902e-10",29815
"UHMK1","5.863e-05",26612
"UHRF1","2.355e-03",16992
"UHRF1BP1L","5.146e-03",24949
"UIMC1","1.719e-05",26994
"ULBP1","1.818e-03",16887
"ULK2","1.354e-08",28875
"ULK4","4.777e-02",23834
"UMOD","1.637e-03",25428
"UMPS","1.019e-02",24638
"UNC13A","1.930e-03",25362
"UNC13B","2.454e-03",25264
"UNC13D","1.486e-06",14578
"UNC45A","3.193e-02",18213
"UNC5D","5.288e-03",24937
"UNC80","7.809e-06",27228
"UNC84B","1.864e-03",16897
"UNC93A","1.445e-04",15958
"UNK","6.859e-04",16510
"UNKL","1.520e-04",15975
"UOX","2.971e-02",24099
"UOX;DNASE2B","2.085e-04",26190
"UPF2","2.201e-07",14076
"UPF3A","2.259e-02",18029
"UPK1B","8.923e-03",24700
"UPLP;POLR2J2","4.877e-02",18451
"UPP1","3.554e-09",29181
"UPP2","2.455e-06",27557
"UPRT","2.982e-02",24097
"UQCRB","2.083e-07",28211
"UQCRQ","2.306e-04",16118
"URB1","2.338e-12",11581
"URB2;TAF5L","1.206e-03",25548
"URGCP","1.930e-02",24325
"URM1","5.496e-03",24920
"UROD","4.222e-04",25941
"UROS","5.409e-03",24927
"USE1","4.377e-04",16345
"USF1;ARHGAP30","4.505e-10",29633
"USF2","2.078e-03",16941
"USH1C","2.349e-03",25282
"USH2A","1.818e-05",26977
"USO1","4.310e-02",23893
"USP1","3.258e-02",24049
"USP11","1.058e-06",14486
"USP12","6.245e-03",24863
"USP15","9.851e-05",26443
"USP17","7.053e-07",27895
"USP2","1.217e-02",17720
"USP22","2.207e-02",24256
"USP25","4.996e-02",23808
"USP26","4.199e-04",16330
"USP27X","1.056e-02",24621
"USP28","1.317e-02",17758
"USP29","3.445e-10",29690
"USP3","3.090e-10",29713
"USP30","3.053e-05",15455
"USP33","3.780e-02",23967
"USP34","2.306e-04",26155
"USP39","7.227e-03",24797
"USP4","2.027e-06",14663
"USP40","2.688e-07",14127
"USP44","3.277e-05",15477
"USP45","1.861e-05",26970
"USP46","1.959e-03",16917
"USP47","4.519e-02",23866
"USP48","2.434e-02",18068
"USP49","4.994e-06",27357
"USP4;C3orf62","1.926e-06",14649
"USP5","1.855e-02",17928
"USP50","4.558e-02",23861
"USP50;USP8","1.246e-04",26365
"USP53","4.974e-03",24964
"USP8","7.442e-06",27242
"USP9X","1.401e-06",14562
"USPL1","2.879e-02",24116
"UST","8.449e-06",27205
"UTP11L","7.083e-04",16522
"UTP14C","4.962e-02",18461
"UTP14C;ALG11","1.966e-09",29313
"UTP15;ANKRA2","2.287e-03",25293
"UTP20","7.492e-07",27879
"UTP23","6.379e-04",25790
"UTP3","9.638e-03",24664
"UTP6","1.495e-03",25464
"UTRN","8.690e-04",25674
"UTS2D","2.007e-05",26947
"UTS2D;CCDC50","1.859e-03",16896
"UXT;LOC100133957","5.208e-06",14928
"VAMP8","6.393e-10",12715
"VANGL2","8.885e-05",15796
"VAPB","1.366e-04",26334
"VARS2;GTF2H4","1.463e-07",13973
"VARS;C6orf27","4.702e-04",16371
"VASH2","8.540e-05",15783
"VASP","4.015e-03",17216
"VAT1","1.614e-02",24415
"VAT1L","1.545e-03",25451
"VAV2","2.384e-03",16997
"VAV3","6.220e-05",26593
"VAX1","1.702e-06",27658
"VCAM1","2.242e-02",18025
"VCAN","3.078e-02",24080
"VCPIP1","3.557e-07",28074
"VCX","1.264e-02",24535
"VCX2","3.456e-03",25121
"VCX3A","1.650e-02",24404
"VDAC3","4.817e-03",24978
"VDR","1.454e-04",15960
"VEGFB","1.429e-13",11062
"VEGFB;DNAJC4","1.344e-02",24505
"VEGFC","4.720e-02",23841
"VENTXP1","9.762e-05",26446
"VENTXP7","3.061e-02",24083
"VEPH1","3.967e-02",23940
"VEZT","1.116e-05",27123
"VGLL1","5.095e-08",28560
"VGLL1;MIR934","2.715e-06",27529
"VGLL2","2.043e-04",26197
"VGLL3","5.850e-04",25822
"VGLL4;ATG7","5.933e-08",28523
"VHL","9.040e-04",16614
"VIM","7.511e-04",25729
"VIP","3.200e-08",28672
"VIPR1","4.850e-03",17298
"VIPR2","2.226e-03",25304
"VIT","8.419e-03",24727
"VKORC1","3.530e-02",24005
"VMA21","1.813e-10",12448
"VMAC","7.791e-05",15753
"VN1R2","1.191e-03",25553
"VN1R5","1.347e-03",25505
"VNN1","1.497e-10",29865
"VNN2","7.787e-12",30460
"VNN3","1.339e-05",27069
"VOPP1","2.053e-03",25337
"VPREB1","7.281e-08",13800
"VPS11","6.053e-03",24877
"VPS13B","2.415e-08",28739
"VPS13C","2.538e-02",24183
"VPS13D","4.407e-05",15570
"VPS13D;SNORA59A;SNORA59B","3.620e-02",18282
"VPS25;WNK4","2.536e-06",14725
"VPS26B;NCAPD3","1.118e-06",27772
"VPS28","2.814e-11",30206
"VPS28;NFKBIL2","1.564e-06",14592
"VPS33A","8.698e-05",15789
"VPS36","8.638e-08",28431
"VPS37C","3.489e-03",17156
"VPS37D","1.963e-03",16918
"VPS39","2.204e-03",25308
"VPS45","7.349e-05",26539
"VPS4A","3.201e-04",16233
"VPS52;RPS18","1.534e-02",24440
"VPS53","1.310e-04",26348
"VPS54","1.534e-02",24440
"VPS8","1.387e-04",26329
"VSIG1","6.066e-09",29060
"VSIG10L","2.028e-03",16931
"VSIG4","1.076e-02",24612
"VSIG8","4.364e-03",17252
"VSIG8;C1orf204","6.750e-04",25769
"VSTM1","5.510e-08",28541
"VSTM2A","1.636e-07",28272
"VSTM2B","1.935e-12",30728
"VTA1","2.764e-06",27524
"VTI1A","2.863e-02",24119
"VTI1B","6.768e-04",25768
"VTRNA1-1","3.640e-03",25099
"VTRNA1-3","7.841e-10",29514
"VWA3A","1.311e-02",24517
"VWA3B","4.372e-08",28597
"VWA5A","8.271e-18",32849
"VWC2","2.955e-02",24102
"VWC2L","3.941e-12",30592
"VWDE","3.673e-02",23983
"VWF","2.116e-07",28207
"WAPAL","2.068e-03",25334
"WARS","4.750e-08",13696
"WARS2","1.072e-05",27135
"WARS;WDR25","1.774e-11",30298
"WASF1;CDC40","1.197e-02",24561
"WASH2P","1.504e-02",24450
"WBP11","3.174e-05",15467
"WBP11;C12orf60","1.094e-05",27129
"WBP2","4.341e-02",23889
"WBP2;UNC13D","4.687e-02",18428
"WBP2NL","1.326e-06",14547
"WBP4","1.696e-02",24390
"WBP5","1.424e-03",16790
"WBSCR16","5.172e-06",27347
"WBSCR17","2.276e-08",28753
"WDFY3;C4orf12","2.243e-03",25301
"WDFY4","4.890e-09",29109
"WDR1","4.852e-02",18448
"WDR11","6.243e-04",25798
"WDR12","1.473e-02",24460
"WDR12;ALS2CR8","2.199e-02",24258
"WDR16","7.871e-03",24758
"WDR17","2.018e-12",30720
"WDR18","1.542e-04",15980
"WDR20","4.235e-03",25034
"WDR20;HSP90AA1","4.107e-04",25951
"WDR24","3.543e-02",24003
"WDR25","8.595e-06",27200
"WDR3","9.454e-03",17600
"WDR37","1.716e-07",28260
"WDR4","1.282e-02",24528
"WDR41","1.797e-04",26241
"WDR43;SNORD53","8.565e-09",28981
"WDR45","1.545e-03",16822
"WDR45;PRAF2","3.235e-05",15473
"WDR46","8.238e-03",17536
"WDR48","2.321e-02",24230
"WDR49","3.153e-05",26808
"WDR5","2.900e-05",15439
"WDR51B","1.823e-04",26236
"WDR52","1.954e-08",28789
"WDR53;FBXO45","5.496e-04",25845
"WDR55","4.828e-03",24977
"WDR6","6.520e-08",13773
"WDR62","7.701e-03",17505
"WDR63","9.074e-07",27828
"WDR65","2.892e-10",29727
"WDR65;EBNA1BP2","6.688e-06",27273
"WDR66","3.653e-02",18287
"WDR67","1.776e-05",26984
"WDR69","5.223e-05",26649
"WDR7","1.514e-06",27690
"WDR70","1.446e-05",27046
"WDR72","1.282e-07",28333
"WDR74","3.448e-02",24018
"WDR76","3.300e-11",12099
"WDR77;ATP5F1","1.328e-02",17762
"WDR82","3.043e-08",13589
"WDR86","7.964e-04",16566
"WDR87","2.193e-05",26920
"WDR89","4.295e-02",23895
"WDR90;FAM195A","1.219e-03",16729
"WDR91","3.337e-02",18237
"WDR92","6.840e-03",17451
"WDR93","1.361e-02",24499
"WDTC1","4.226e-09",29142
"WEE1","1.262e-07",13936
"WEE2;FLJ40852","2.368e-06",27567
"WFDC10A;WFDC9","1.145e-08",28914
"WFDC10B","7.471e-04",25731
"WFDC10B;WFDC13","3.083e-05",26815
"WFDC11","4.651e-04",25906
"WFDC12","7.653e-04",25722
"WFDC13;WFDC10B","5.334e-04",25856
"WFDC8","2.088e-03",25330
"WFDC9","8.847e-03",24704
"WFDC9;WFDC10A","6.655e-08",28495
"WFIKKN1","2.178e-03",25313
"WFS1","4.456e-02",23874
"WHAMML1","3.974e-02",23939
"WHSC1","3.884e-04",16302
"WHSC1;SCARNA22","2.920e-09",13048
"WIPF1","3.181e-02",24062
"WIPI1","7.672e-05",26525
"WISP2","2.696e-02",18122
"WIT1","6.306e-06",27290
"WIT1;WT1","1.428e-04",26319
"WNK1","1.911e-02",24330
"WNK3","7.250e-19",9049
"WNK4","1.060e-02",17654
"WNT1","2.779e-12",11614
"WNT10B","1.502e-03",16811
"WNT11","1.358e-02",17773
"WNT16","1.457e-09",29379
"WNT3A","1.314e-02",17757
"WNT6","3.981e-02",23938
"WNT8B","4.020e-05",26732
"WNT9A","1.743e-13",11098
"WRAP53;TP53","6.588e-04",25778
"WRB","4.125e-02",23918
"WRN","2.115e-04",26185
"WRN;PURG","8.696e-03",17561
"WSCD1","2.850e-07",28131
"WT1","6.350e-06",27288
"WT1;WIT1","2.401e-03",25273
"WTIP","1.727e-08",13455
"WWC2","1.976e-02",17960
"WWC2;C4orf38","5.919e-03",24887
"WWC3","3.505e-05",15498
"WWOX","3.743e-03",25087
"WWP1","1.978e-03",16921
"WWP2","6.368e-07",27922
"WWP2;MIR140","1.850e-04",26231
"XAB2","3.317e-07",14181
"XAF1","1.938e-08",28791
"XAGE3","2.632e-04",26109
"XBP1","4.744e-02",18435
"XG","3.005e-03",25180
"XIRP1","2.416e-02",24209
"XIRP2","8.139e-07",27857
"XIST","8.167e-03",24741
"XK","5.106e-04",16401
"XKR4","1.923e-05",26960
"XKR4;SBF1P1","1.331e-08",28879
"XKR5","4.517e-03",17267
"XKR6;MIR598","3.538e-03",25111
"XKR8","5.904e-06",14964
"XKR8;SMPDL3B","3.473e-02",18259
"XKRX","7.974e-03",17521
"XPA","5.683e-05",26622
"XPO4","3.631e-05",26764
"XPO5","1.386e-02",17783
"XPO5;POLH","1.578e-02",24426
"XPO7","8.507e-06",27203
"XPOT","1.334e-05",27070
"XRCC2","4.394e-02",23882
"XRCC3;KLC1","3.100e-16",10005
"XRCC4","1.769e-02",24369
"XRCC5","5.439e-11",30073
"XRN2","1.346e-04",26339
"XRRA1","1.889e-15",31967
"XYLT1","5.704e-07",27951
"XYLT2","4.118e-04",16323
"YARS2","7.243e-03",24796
"YARS;S100PBP","1.463e-04",15962
"YDJC","1.400e-19",8802
"YIF1A","1.256e-02",24538
"YIF1B","4.549e-04",25914
"YIPF4","8.940e-07",27832
"YIPF5","1.848e-02",17926
"YLPM1","9.856e-04",25626
"YME1L1;MASTL","3.489e-03",25117
"YOD1","2.496e-03",25257
"YPEL1","2.521e-03",17020
"YPEL2","9.243e-05",26464
"YPEL3","1.933e-04",16057
"YPEL4","2.042e-02",24296
"YPEL5","3.589e-03",17168
"YSK4","7.750e-09",29004
"YTHDC2","3.704e-04",25988
"YTHDF3","1.608e-03",25435
"YWHAG","2.094e-03",16944
"YWHAQ","6.535e-04",25781
"YY1AP1","4.097e-05",26726
"YY2;MBTPS2","3.061e-02",24083
"ZACN","8.885e-03",17571
"ZACN;EXOC7","4.463e-05",15574
"ZADH2","2.987e-11",30194
"ZAK","4.559e-03",25002
"ZAN","1.576e-03",16830
"ZAP70","6.093e-04",25807
"ZAR1","6.396e-04",25789
"ZAR1L","1.702e-05",26997
"ZBBX","2.362e-11",30241
"ZBED2;CD96","1.665e-04",16006
"ZBED3;LOC728723","3.913e-03",17205
"ZBED3;SNORA47","1.185e-03",25555
"ZBP1","4.794e-04",16378
"ZBTB11","2.671e-03",25229
"ZBTB11;LOC100009676","3.805e-03",17193
"ZBTB12","1.764e-03",16875
"ZBTB16","1.311e-06",27729
"ZBTB20","3.417e-16",32252
"ZBTB22;TAPBP","7.315e-06",15026
"ZBTB25","4.404e-03",17256
"ZBTB26","7.285e-12",30473
"ZBTB34","3.352e-06",14803
"ZBTB40","7.940e-03",24754
"ZBTB41","3.688e-08",28638
"ZBTB42","1.445e-04",15958
"ZBTB44","1.384e-05",15214
"ZBTB45","4.885e-13",11287
"ZBTB46","3.388e-06",27467
"ZBTB48","7.492e-07",14394
"ZBTB5","2.810e-04",16187
"ZBTB7A","6.825e-05",15710
"ZBTB7B","1.203e-03",16724
"ZC3H10","1.899e-02",24333
"ZC3H11A","1.378e-03",25496
"ZC3H12A","1.620e-03",16841
"ZC3H12B","7.039e-03",24809
"ZC3H12C","7.163e-08",28477
"ZC3H12D","3.141e-02",24069
"ZC3H15","1.217e-02",24553
"ZC3H18","2.049e-04",16077
"ZC3H4","3.711e-07",14210
"ZC3H6","3.265e-04",26033
"ZC3H7A","3.078e-02",24080
"ZC3HC1","8.792e-09",28975
"ZC4H2","1.026e-11",30406
"ZCCHC11","2.949e-04",26069
"ZCCHC13","2.617e-04",26111
"ZCCHC17;SNRNP40","4.807e-04",25894
"ZCCHC3","1.311e-02",17756
"ZCCHC4","6.507e-09",29044
"ZCCHC5","2.475e-16",32305
"ZCCHC7","6.983e-15",10529
"ZCCHC8","1.550e-02",24435
"ZCWPW1","6.820e-08",28489
"ZCWPW2","4.766e-07",27998
"ZDBF2","7.164e-03",24801
"ZDHHC1","2.666e-05",26860
"ZDHHC11","4.762e-03",17290
"ZDHHC12","1.918e-02",17945
"ZDHHC13","2.104e-03",25327
"ZDHHC14","5.787e-04",25826
"ZDHHC16;EXOSC1","8.265e-04",25693
"ZDHHC17","4.229e-05",26716
"ZDHHC18","1.217e-07",13927
"ZDHHC19","2.708e-04",26099
"ZDHHC2","1.910e-05",26962
"ZDHHC20","8.156e-04",25698
"ZDHHC21","4.109e-03",17226
"ZDHHC23","3.093e-05",15459
"ZDHHC24","4.187e-04",25944
"ZDHHC7","2.060e-05",15334
"ZDHHC8","8.602e-03",17556
"ZDHHC8P","3.294e-02",24043
"ZDHHC9","1.559e-02",17841
"ZEB2","1.330e-05",27071
"ZFAND1","2.570e-03",25245
"ZFAND2B","1.945e-02",24321
"ZFAND6","1.387e-04",26329
"ZFAT","2.636e-07",28151
"ZFAT;ZFATAS","1.730e-04",26254
"ZFATAS;ZFAT","2.162e-03",25316
"ZFC3H1","2.091e-04",26189
"ZFHX4;LOC100192378","3.906e-04",25969
"ZFP106","2.675e-05",26859
"ZFP112","7.898e-07",27865
"ZFP14","5.880e-10",29576
"ZFP161","4.426e-04",16349
"ZFP2","2.514e-02",24188
"ZFP36","8.419e-03",17546
"ZFP36L1","9.373e-17",9810
"ZFP37","5.207e-05",26650
"ZFP42","1.406e-07",28310
"ZFP82","4.356e-02",23887
"ZFP91;LPXN;ZFP91-CNTF","3.760e-02",23970
"ZFP91;ZFP91-CNTF","8.346e-03",17542
"ZFPL1;CDCA5","4.176e-02",23911
"ZFPM1","4.890e-05",15603
"ZFR","2.844e-03",17070
"ZFX","1.163e-04",15885
"ZFY","2.835e-03",25203
"ZFYVE1","1.488e-02",24455
"ZFYVE16","6.386e-03",24853
"ZFYVE19;DNAJC17","8.258e-05",26501
"ZFYVE21","3.151e-09",13065
"ZGPAT","1.772e-02",17905
"ZHX2","5.348e-04",16418
"ZIC1","2.191e-09",29289
"ZIC2","3.194e-05",15469
"ZIC3","3.464e-08",28653
"ZIC4","3.265e-09",29200
"ZIC4;ZIC1","2.616e-08",28720
"ZIC5","8.866e-03",17570
"ZIK1","1.412e-02",24481
"ZIM2","1.603e-05",27015
"ZIM2;PEG3;MIMT1","6.085e-07",27934
"ZIM3","2.844e-05",26840
"ZKSCAN4","3.051e-04",26057
"ZKSCAN5","3.367e-03",25132
"ZMAT4","3.021e-12",30643
"ZMAT5;CABP7","4.622e-02",23853
"ZMIZ2","1.050e-04",15851
"ZMPSTE24","7.275e-03",24794
"ZMYM1","9.779e-04",25629
"ZMYM4","3.412e-06",27465
"ZMYM5","9.175e-03",17586
"ZMYM6","2.539e-03",25250
"ZMYND10","1.069e-02",17658
"ZMYND15","5.036e-04",25877
"ZMYND17","2.763e-03",17058
"ZMYND19","1.705e-04",16014
"ZNF100","6.758e-06",27270
"ZNF101","1.346e-04",26339
"ZNF107","2.094e-09",29299
"ZNF114","9.762e-03",24658
"ZNF12","3.897e-02",23950
"ZNF121","2.103e-02",24281
"ZNF124","5.659e-03",24907
"ZNF131","4.968e-04",16391
"ZNF132","2.467e-02",18075
"ZNF133","9.344e-10",29476
"ZNF134","6.328e-06",27289
"ZNF135","1.588e-11",30320
"ZNF136","9.222e-09",28964
"ZNF137","4.103e-07",28037
"ZNF138","7.001e-21",33909
"ZNF142","3.532e-04",26005
"ZNF142;BCS1L","2.941e-03",25189
"ZNF143","2.476e-02",18077
"ZNF148","4.941e-04",25884
"ZNF154","2.408e-04",26140
"ZNF155","1.258e-02",24537
"ZNF157","2.227e-10",29782
"ZNF157;SNORA11C","1.293e-07",28331
"ZNF16","2.156e-03",25317
"ZNF165","3.415e-04",26017
"ZNF167","1.671e-06",27663
"ZNF17","1.345e-07",28321
"ZNF174;ZNF434","6.765e-03",24827
"ZNF175","8.985e-09",28970
"ZNF177","1.348e-08",28876
"ZNF18","9.816e-06",27161
"ZNF180","3.143e-05",15464
"ZNF181","2.754e-06",27525
"ZNF182","2.061e-04",26194
"ZNF182;SPACA5","7.045e-04",16520
"ZNF184","2.206e-10",29784
"ZNF185","1.338e-04",26341
"ZNF187","3.571e-07",28073
"ZNF19","9.733e-05",26447
"ZNF192","2.783e-03",25212
"ZNF193","9.013e-13",30872
"ZNF195;LOC650368","2.241e-09",29284
"ZNF197","2.683e-08",28714
"ZNF2","3.773e-02",23968
"ZNF20","1.705e-04",26259
"ZNF200","4.466e-11",30113
"ZNF202","1.725e-04",26255
"ZNF204P","1.083e-05",27132
"ZNF205","4.364e-02",18387
"ZNF207","1.841e-03",25381
"ZNF207;MIR632","3.292e-07",28094
"ZNF208","5.591e-13",30961
"ZNF211","3.955e-13",31025
"ZNF214","8.850e-12",30435
"ZNF214;NLRP14","2.202e-04",16102
"ZNF215","4.491e-05",26697
"ZNF217","3.398e-02",18247
"ZNF221","7.511e-04",25729
"ZNF222","2.490e-12",30680
"ZNF223","1.776e-05",26984
"ZNF224","3.228e-04",26037
"ZNF225","5.749e-03",24900
"ZNF226","7.140e-04",25748
"ZNF229","6.207e-08",28512
"ZNF23","1.102e-04",26406
"ZNF230","3.702e-12",30604
"ZNF232","6.379e-04",16483
"ZNF233","4.002e-14",31439
"ZNF234","3.135e-10",29710
"ZNF235","2.326e-04",26152
"ZNF236","1.026e-11",30406
"ZNF238","7.888e-03",17516
"ZNF24","4.919e-02",18456
"ZNF248","2.329e-02",24228
"ZNF250","1.457e-03",25474
"ZNF253","8.981e-03",24697
"ZNF254","2.803e-03",25209
"ZNF256","4.379e-02",23884
"ZNF257","6.242e-11",30045
"ZNF26","3.317e-07",28092
"ZNF260","8.851e-04",25667
"ZNF263","8.965e-13",30873
"ZNF264","3.612e-10",29680
"ZNF266","3.968e-03",25062
"ZNF267","4.176e-03",25040
"ZNF273","6.207e-08",28512
"ZNF274","1.092e-12",30836
"ZNF276","3.880e-12",11678
"ZNF277","3.708e-03",25091
"ZNF28","4.464e-02",23873
"ZNF280D","2.019e-02",17971
"ZNF283","1.251e-11",30367
"ZNF284","1.155e-03",25565
"ZNF285A","1.186e-05",27105
"ZNF296","1.593e-08",13436
"ZNF3","3.293e-04",26030
"ZNF30","4.232e-07",28029
"ZNF302","3.612e-04",25997
"ZNF304","6.582e-17",32520
"ZNF319","2.053e-10",29799
"ZNF321","4.333e-02",23890
"ZNF322A","8.923e-10",29486
"ZNF323","2.283e-14",10735
"ZNF323;ZKSCAN3","1.990e-06",27615
"ZNF324","3.156e-04",16228
"ZNF324B","2.416e-02",18064
"ZNF330","6.646e-03",24835
"ZNF331","1.577e-05",15253
"ZNF334","1.019e-02",24638
"ZNF335","5.508e-03",24919
"ZNF341","1.177e-02",24569
"ZNF343","2.434e-05",26888
"ZNF35","2.094e-06",27601
"ZNF350","1.550e-02",24435
"ZNF354B","1.948e-10",12463
"ZNF354C","1.077e-03",16681
"ZNF358","5.742e-06",27317
"ZNF365","4.125e-02",23918
"ZNF366","3.498e-02",24010
"ZNF367","1.475e-07",13975
"ZNF382;ZNF529","4.925e-06",27361
"ZNF385A","1.072e-04",15858
"ZNF385B","3.396e-04",26019
"ZNF385D","7.891e-14",31318
"ZNF391","1.906e-06",27627
"ZNF394","5.317e-09",29090
"ZNF397","1.345e-07",28321
"ZNF397OS","1.237e-07",13931
"ZNF398","1.149e-04",26392
"ZNF404","1.525e-02",24443
"ZNF407","2.564e-03",25246
"ZNF408","2.372e-03",16995
"ZNF410","4.900e-04",25887
"ZNF415","4.247e-08",28604
"ZNF416","8.306e-06",27210
"ZNF417","1.401e-08",28867
"ZNF418","5.165e-07",27977
"ZNF419","3.378e-14",31469
"ZNF420","3.396e-04",16254
"ZNF423","3.858e-07",28053
"ZNF425","1.495e-05",27036
"ZNF426","3.450e-05",26780
"ZNF429","2.187e-06",27589
"ZNF43","2.614e-03",25238
"ZNF430","7.047e-08",28481
"ZNF431","8.452e-12",30444
"ZNF433","2.173e-02",24264
"ZNF438","1.799e-07",28248
"ZNF44","4.824e-12",30553
"ZNF440","7.185e-18",32871
"ZNF441","2.825e-10",29732
"ZNF442","7.242e-07",27888
"ZNF443","1.109e-05",27125
"ZNF445","4.189e-05",26719
"ZNF449","1.809e-03",25388
"ZNF45","1.109e-05",27125
"ZNF451","3.375e-03",25131
"ZNF460","6.105e-05",26599
"ZNF461","4.052e-02",23928
"ZNF462","2.381e-04",26144
"ZNF467","1.179e-07",28354
"ZNF468","8.375e-04",25688
"ZNF471","1.132e-02",17685
"ZNF473","2.350e-12",30691
"ZNF474","5.625e-08",28536
"ZNF479","8.024e-10",29509
"ZNF480","1.431e-09",29383
"ZNF485","1.911e-02",24330
"ZNF486","1.057e-07",28381
"ZNF490","3.823e-03",25078
"ZNF491","8.323e-12",30447
"ZNF492","8.724e-14",31300
"ZNF493","6.060e-11",30051
"ZNF498","5.808e-05",15658
"ZNF502","7.105e-05",26550
"ZNF503","7.055e-03",24808
"ZNF506","1.191e-04",26380
"ZNF509","3.386e-02",24028
"ZNF511;TUBGCP2","7.964e-04",16566
"ZNF512","1.822e-02",24354
"ZNF513","3.042e-04",16215
"ZNF513;PPM1G","2.085e-09",12973
"ZNF519","2.442e-05",26887
"ZNF521","6.142e-04",25804
"ZNF524","2.890e-02",18159
"ZNF526","4.176e-02",18362
"ZNF528","5.318e-06",27339
"ZNF529;ZNF382","2.865e-06",27514
"ZNF530","3.989e-09",29155
"ZNF532","2.081e-05",15337
"ZNF534","1.523e-07",28290
"ZNF536","3.449e-06",27462
"ZNF540","1.800e-05",26980
"ZNF541","1.957e-21",34091
"ZNF543","1.033e-03",25608
"ZNF546","2.837e-03",25204
"ZNF548","6.108e-07",27933
"ZNF549","1.702e-07",28262
"ZNF550","8.352e-04",25689
"ZNF551","5.966e-06",27306
"ZNF552","1.617e-06",27672
"ZNF555","1.959e-03",25356
"ZNF557","2.969e-03",25185
"ZNF558","1.544e-02",17836
"ZNF559","7.452e-04",25732
"ZNF560","2.012e-11",30273
"ZNF561","9.651e-06",27166
"ZNF562","4.622e-03",24996
"ZNF563","1.760e-12",30746
"ZNF564","2.171e-04",26176
"ZNF565","2.677e-14",31510
"ZNF565;ZNF146","2.484e-03",25259
"ZNF570;ZNF569","1.802e-08",28808
"ZNF573","4.861e-03",24974
"ZNF574","7.568e-03",17497
"ZNF575","3.562e-02",24000
"ZNF576","1.838e-11",11982
"ZNF576;IRGQ","9.280e-04",25649
"ZNF577","2.148e-02",24270
"ZNF578","4.911e-13",30985
"ZNF579","8.062e-03",24747
"ZNF581","2.211e-06",14687
"ZNF582","3.550e-05",26771
"ZNF583","7.551e-03",24777
"ZNF584","7.237e-05",26544
"ZNF585A","1.676e-02",24396
"ZNF585B","3.358e-04",26023
"ZNF586","2.282e-15",31935
"ZNF587","3.008e-04",26062
"ZNF589","2.601e-03",17033
"ZNF594","3.219e-03",25151
"ZNF595;ZNF718","2.387e-04",26143
"ZNF596","2.850e-07",28131
"ZNF597;NAT15","1.868e-03",16898
"ZNF598","1.308e-07",13945
"ZNF608","2.463e-09",29263
"ZNF609","2.119e-03",16949
"ZNF610","1.359e-10",29885
"ZNF611","4.847e-09",29111
"ZNF614","2.177e-04",26175
"ZNF615","3.513e-04",26007
"ZNF619","1.906e-03",25367
"ZNF622","3.804e-10",29669
"ZNF625","4.612e-04",25909
"ZNF626","6.091e-06",27300
"ZNF627","1.497e-09",29373
"ZNF628","1.034e-19",8757
"ZNF630","9.728e-04",16642
"ZNF644","3.563e-03",17165
"ZNF648","2.088e-03",25330
"ZNF652","1.036e-02",24630
"ZNF655","5.165e-07",27977
"ZNF660","2.705e-08",28712
"ZNF664","4.081e-03",17223
"ZNF665","1.994e-05",26949
"ZNF667","9.495e-03",17602
"ZNF669","3.369e-09",29193
"ZNF670","1.578e-07",28281
"ZNF671","1.515e-05",27032
"ZNF672","5.543e-05",15643
"ZNF674;LOC401588","5.397e-03",17345
"ZNF675","1.757e-08",28814
"ZNF677","4.637e-09",29121
"ZNF678","1.671e-06",27663
"ZNF679","5.040e-10",29609
"ZNF680","1.120e-10",29925
"ZNF681","1.812e-09",29331
"ZNF682","1.137e-03",25571
"ZNF684","2.582e-03",25243
"ZNF687","2.356e-05",15375
"ZNF69","4.692e-11",30103
"ZNF691","1.751e-02",17899
"ZNF692","5.835e-04",16450
"ZNF700","1.290e-03",25522
"ZNF701","1.998e-03",25348
"ZNF702P","3.304e-07",28093
"ZNF705D","1.525e-03",16817
"ZNF705G","9.474e-10",29473
"ZNF706","3.665e-05",26761
"ZNF708","9.420e-07",27818
"ZNF709","3.948e-07",28047
"ZNF71","1.922e-04",26218
"ZNF710","3.364e-08",28660
"ZNF713","1.947e-07",28228
"ZNF716","2.668e-10",29744
"ZNF718","1.651e-04",26270
"ZNF718;ZNF595","9.403e-04",25644
"ZNF721","2.591e-06",14731
"ZNF721;PIGG","1.879e-16",32350
"ZNF727","8.366e-12",30446
"ZNF732","1.152e-06",27764
"ZNF735","1.026e-11",30406
"ZNF737","1.489e-10",29866
"ZNF738","4.359e-10",29640
"ZNF74","2.564e-05",26872
"ZNF740","1.885e-02",24337
"ZNF747","1.873e-02",17933
"ZNF749","8.004e-16",32111
"ZNF75A","7.759e-13",11373
"ZNF75D","1.182e-06",27757
"ZNF761;LOC147804","1.042e-02",24627
"ZNF763","6.000e-14",31367
"ZNF765","7.340e-08",28471
"ZNF766","2.842e-11",30204
"ZNF766;MIR643","1.556e-03",25448
"ZNF767","1.287e-13",31230
"ZNF77","1.253e-02",24539
"ZNF770","3.349e-02",24034
"ZNF772","1.801e-11",30295
"ZNF773","1.957e-14",31565
"ZNF775","1.610e-02",24416
"ZNF776","3.082e-16",32269
"ZNF778","3.217e-02",24056
"ZNF780A","1.228e-03",25541
"ZNF781","3.799e-07",28057
"ZNF782","4.283e-05",26712
"ZNF783","2.228e-08",13515
"ZNF784","2.922e-02",18165
"ZNF786","6.417e-07",27920
"ZNF788","3.626e-13",31041
"ZNF79","1.350e-04",26338
"ZNF791","4.228e-02",23904
"ZNF791;ZNF490","2.109e-06",27599
"ZNF792","1.489e-04",26305
"ZNF799","1.471e-04",26309
"ZNF8","9.779e-07",27808
"ZNF80","1.276e-03",25526
"ZNF804A","2.235e-06",27583
"ZNF804B","4.159e-10",29650
"ZNF804B;MGC26647","5.966e-06",27306
"ZNF805","1.939e-09",29316
"ZNF81","1.769e-02",17904
"ZNF814","1.200e-03",25550
"ZNF815","4.895e-03",24971
"ZNF816A","1.653e-03",25424
"ZNF823","4.264e-07",28027
"ZNF826","2.875e-06",27513
"ZNF828","3.141e-02",24069
"ZNF829","6.294e-04",25795
"ZNF83","1.948e-05",26956
"ZNF830;CCT6B","2.088e-05",26935
"ZNF831","1.272e-04",26358
"ZNF833","1.750e-08",28815
"ZNF835","3.615e-14",31457
"ZNF836","3.694e-04",25989
"ZNF837","1.961e-05",26954
"ZNF839","5.788e-03",24897
"ZNF84","6.762e-05",26566
"ZNF843","2.957e-04",26068
"ZNF844","7.602e-05",26528
"ZNF845","5.648e-04",25835
"ZNF85","1.025e-13",31271
"ZNF860;OSBPL10","3.572e-04",16272
"ZNF862","8.441e-04",25685
"ZNF876P","4.064e-13",31020
"ZNF878","1.677e-06",27662
"ZNF879","5.586e-10",12686
"ZNF880","9.305e-04",25648
"ZNF90","4.505e-10",29633
"ZNF91","8.640e-09",28979
"ZNF92","1.668e-15",31988
"ZNF93","2.437e-07",28171
"ZNF98","4.188e-11",30126
"ZNFX1","4.058e-08",28615
"ZNHIT1","2.565e-07",28158
"ZNHIT1;PLOD3","1.200e-06",27753
"ZNHIT2","2.898e-12",11622
"ZNHIT6","5.863e-05",26612
"ZNRF1","6.646e-03",17438
"ZNRF2","1.099e-02",17671
"ZNRF4","3.123e-02",24072
"ZP2","1.046e-06",27790
"ZP3;SRCRB4D","3.828e-08",13644
"ZP4;LOC100130331","3.350e-08",28661
"ZPBP2","3.869e-05",15529
"ZPLD1","1.462e-08",28857
"ZRANB1","9.556e-03",24668
"ZSCAN1","6.327e-13",30938
"ZSCAN12","6.044e-04",25810
"ZSCAN12L1","2.236e-05",26914
"ZSCAN16","8.243e-04",16579
"ZSCAN18","9.606e-10",29470
"ZSCAN2","5.819e-04",16449
"ZSCAN22","1.589e-04",26283
"ZSCAN23","2.075e-09",29301
"ZSCAN4","5.223e-05",26649
"ZSWIM1","2.184e-12",30705
"ZSWIM2","1.398e-13",31215
"ZSWIM3","1.149e-03",25567
"ZSWIM6","4.849e-08",28572
"ZSWIM7","3.253e-13",31061
"ZUFSP","3.093e-05",26814
"ZW10","2.316e-02",24231
"ZWILCH","8.885e-03",24702
"ZXDA","1.094e-02",17669
"ZYG11A","4.822e-23",7667
"ZYG11B","6.259e-03",24862
"ZYX","2.872e-05",26837
"ZZEF1;CYB5D2","4.850e-03",24975
"psiTPTE22","7.064e-04",25752
